action,book_side,count_fp,created_time,exchange_index,fee_cost,fill_id,is_taker,market_ticker,no_price_dollars,order_id,outcome_side,side,subaccount_number,ticker,trade_id,ts,yes_price_dollars
buy,ask,18.78,2026-09-28T14:06:07.837408Z,2,0.074200,0723490f-6f49-af20-40da-6da7dac4e68c,True,KXBTC15M-26SEP281015-15,0.9400,01a0e856-5498-76bd-b6bc-8b6aa03d8983,no,no,0,KXBTC15M-26SEP281015-15,0723490f-6f49-af20-40da-6da7dac4e68c,1790604367,0.0600
buy,ask,37.42,2026-09-28T14:06:07.837408Z,2,0.147800,0723490f-06f9-abd3-6355-342d8890a028,True,KXBTC15M-26SEP281015-15,0.9400,01a0e856-5498-76bd-b6bc-8b6aa03d8983,no,no,0,KXBTC15M-26SEP281015-15,0723490f-06f9-abd3-6355-342d8890a028,1790604367,0.0600
buy,ask,1.00,2026-09-28T14:06:07.837408Z,2,0.003900,0723490f-06f9-ab0d-6908-af6efab0072a,True,KXBTC15M-26SEP281015-15,0.9400,01a0e856-5498-76bd-b6bc-8b6aa03d8983,no,no,0,KXBTC15M-26SEP281015-15,0723490f-06f9-ab0d-6908-af6efab0072a,1790604367,0.0600
buy,ask,15.27,2026-09-28T13:51:46.992409Z,2,0.089340,0723496d-f411-ac8a-5f26-f43b057b90ea,True,KXBTC15M-26SEP281000-00,0.9080,01a0e849-3150-7517-bd6f-ea92c12a817b,no,no,0,KXBTC15M-26SEP281000-00,0723496d-f411-ac8a-5f26-f43b057b90ea,1790603506,0.0920
buy,ask,5.00,2026-09-28T13:51:46.992409Z,2,0.029200,0723496d-f411-aaab-517c-a2cf8d4fa83b,True,KXBTC15M-26SEP281000-00,0.9080,01a0e849-3150-7517-bd6f-ea92c12a817b,no,no,0,KXBTC15M-26SEP281000-00,0723496d-f411-aaab-517c-a2cf8d4fa83b,1790603506,0.0920
buy,ask,0.01,2026-09-28T13:51:46.992409Z,2,0.000120,0723496d-f411-a934-5113-77fbdc16bf4f,True,KXBTC15M-26SEP281000-00,0.9080,01a0e849-3150-7517-bd6f-ea92c12a817b,no,no,0,KXBTC15M-26SEP281000-00,0723496d-f411-a934-5113-77fbdc16bf4f,1790603506,0.0920
buy,ask,0.01,2026-09-28T13:51:46.992409Z,2,0.000020,0723496d-f411-a8f6-57c2-749e7f7f65c1,True,KXBTC15M-26SEP281000-00,0.9080,01a0e849-3150-7517-bd6f-ea92c12a817b,no,no,0,KXBTC15M-26SEP281000-00,0723496d-f411-a8f6-57c2-749e7f7f65c1,1790603506,0.0920
buy,ask,13.00,2026-09-28T13:51:46.992409Z,2,0.076000,0723496d-f411-a709-6650-542f69e4b237,True,KXBTC15M-26SEP281000-00,0.9080,01a0e849-3150-7517-bd6f-ea92c12a817b,no,no,0,KXBTC15M-26SEP281000-00,0723496d-f411-a709-6650-542f69e4b237,1790603506,0.0920
buy,ask,21.42,2026-09-28T13:51:46.992409Z,2,0.125240,0723496d-f411-a41c-6377-4ecbdf106086,True,KXBTC15M-26SEP281000-00,0.9080,01a0e849-3150-7517-bd6f-ea92c12a817b,no,no,0,KXBTC15M-26SEP281000-00,0723496d-f411-a41c-6377-4ecbdf106086,1790603506,0.0920
sell,ask,40.00,2026-09-28T13:09:09.265739Z,2,0.052200,072348aa-9d01-b87e-c522-3a32e6f415b5,True,KXBTC15M-26SEP280915-15,0.9810,01a0e822-2d08-71dd-99f5-1b63da9a8354,no,no,0,KXBTC15M-26SEP280915-15,072348aa-9d01-b87e-c522-3a32e6f415b5,1790600949,0.0190
buy,bid,36.79,2026-09-28T12:52:40.488716Z,2,0.113040,0723485f-42c1-8fba-04c8-e1b9e36dd667,True,KXBTC15M-26SEP280900-00,0.0460,01a0e813-15c0-7c1c-aba7-fbf5a6052b41,yes,yes,0,KXBTC15M-26SEP280900-00,0723485f-42c1-8fba-04c8-e1b9e36dd667,1790599960,0.9540
buy,bid,6.48,2026-09-28T12:52:40.488716Z,2,0.019880,0723485f-42c1-8848-2e6e-68783232b0a0,True,KXBTC15M-26SEP280900-00,0.0460,01a0e813-15c0-7c1c-aba7-fbf5a6052b41,yes,yes,0,KXBTC15M-26SEP280900-00,0723485f-42c1-8848-2e6e-68783232b0a0,1790599960,0.9540
buy,bid,0.01,2026-09-28T12:52:40.488716Z,2,0.000060,0723485f-42c1-87b5-0b70-c264ce70a1da,True,KXBTC15M-26SEP280900-00,0.0460,01a0e813-15c0-7c1c-aba7-fbf5a6052b41,yes,yes,0,KXBTC15M-26SEP280900-00,0723485f-42c1-87b5-0b70-c264ce70a1da,1790599960,0.9540
buy,bid,0.01,2026-09-28T12:52:40.488716Z,2,0.000060,0723485f-42c1-802d-310b-b3aa53ecdb05,True,KXBTC15M-26SEP280900-00,0.0460,01a0e813-15c0-7c1c-aba7-fbf5a6052b41,yes,yes,0,KXBTC15M-26SEP280900-00,0723485f-42c1-802d-310b-b3aa53ecdb05,1790599960,0.9540
buy,bid,42.15,2026-09-28T11:23:55.955117Z,2,0.435500,072378c6-9ec9-a0ac-cbe7-8ff51901ea4b,True,KXBTC15M-26SEP280730-30,0.1800,01a0e7c1-d4f8-75e7-925f-bc21da513b3a,yes,yes,0,KXBTC15M-26SEP280730-30,072378c6-9ec9-a0ac-cbe7-8ff51901ea4b,1790594635,0.8200
buy,bid,4.00,2026-09-28T10:39:07.629826Z,2,0.009200,072379fb-8ef1-9eec-ab3f-c8e3f7c9959d,True,KXBTC15M-26SEP280645-45,0.0340,01a0e798-d0f8-7be8-8513-97d721129d48,yes,yes,0,KXBTC15M-26SEP280645-45,072379fb-8ef1-9eec-ab3f-c8e3f7c9959d,1790591947,0.9660
buy,bid,36.00,2026-09-28T10:39:07.629826Z,2,0.082800,072379fb-8ef1-933f-8659-a8baf5b0ce31,True,KXBTC15M-26SEP280645-45,0.0340,01a0e798-d0f8-7be8-8513-97d721129d48,yes,yes,0,KXBTC15M-26SEP280645-45,072379fb-8ef1-933f-8659-a8baf5b0ce31,1790591947,0.9660
buy,bid,40.00,2026-09-28T10:24:05.914684Z,2,0.480500,072379a7-3399-b26e-2257-45c06c2f1c27,True,KXBTC15M-26SEP280630-30,0.2200,01a0e78b-0d88-7055-ae79-de70a79ec874,yes,yes,0,KXBTC15M-26SEP280630-30,072379a7-3399-b26e-2257-45c06c2f1c27,1790591045,0.7800
buy,bid,40.00,2026-09-28T10:09:06.799217Z,2,0.316700,07237a88-6921-8d40-48b8-b413cdea9c6a,True,KXBTC15M-26SEP280615-15,0.1300,01a0e77d-55d0-7c48-b1f4-80ec30fb1c84,yes,yes,0,KXBTC15M-26SEP280615-15,07237a88-6921-8d40-48b8-b413cdea9c6a,1790590146,0.8700
sell,ask,40.00,2026-09-28T09:39:04.826065Z,2,0.099800,07237ae6-8dc1-95a3-63e1-7858beb2ab2f,True,KXBTC15M-26SEP280545-45,0.9630,01a0e761-d6c0-7a68-b1ac-020acbebaccf,no,no,0,KXBTC15M-26SEP280545-45,07237ae6-8dc1-95a3-63e1-7858beb2ab2f,1790588344,0.0370
sell,ask,16.89,2026-09-28T09:09:07.482651Z,2,0.016360,07237a5f-cbb1-befc-e5c7-5d7b90f9ca1c,True,KXBTC15M-26SEP280515-15,0.9860,01a0e746-6b38-707e-9680-0d272906df43,no,no,0,KXBTC15M-26SEP280515-15,07237a5f-cbb1-befc-e5c7-5d7b90f9ca1c,1790586547,0.0140
sell,ask,13.09,2026-09-28T09:09:07.482651Z,2,0.011670,07237a5f-cbb1-ba34-c2e2-61702c3768a0,True,KXBTC15M-26SEP280515-15,0.9870,01a0e746-6b38-707e-9680-0d272906df43,no,no,0,KXBTC15M-26SEP280515-15,07237a5f-cbb1-ba34-c2e2-61702c3768a0,1790586547,0.0130
sell,ask,0.01,2026-09-28T09:09:07.482651Z,2,0.000040,07237a5f-c7d9-b659-e8ca-3bdab37ec25a,True,KXBTC15M-26SEP280515-15,0.9860,01a0e746-6b38-707e-9680-0d272906df43,no,no,0,KXBTC15M-26SEP280515-15,07237a5f-c7d9-b659-e8ca-3bdab37ec25a,1790586547,0.0140
sell,ask,0.01,2026-09-28T09:09:07.482651Z,2,0.000040,07237a5f-c7d9-b383-ccd7-1a3ffaa2a48c,True,KXBTC15M-26SEP280515-15,0.9860,01a0e746-6b38-707e-9680-0d272906df43,no,no,0,KXBTC15M-26SEP280515-15,07237a5f-c7d9-b383-ccd7-1a3ffaa2a48c,1790586547,0.0140
sell,ask,10.00,2026-09-28T09:09:07.482651Z,2,0.009700,07237a5f-c7d9-b171-c4a0-aa5475fb5936,True,KXBTC15M-26SEP280515-15,0.9860,01a0e746-6b38-707e-9680-0d272906df43,no,no,0,KXBTC15M-26SEP280515-15,07237a5f-c7d9-b171-c4a0-aa5475fb5936,1790586547,0.0140
buy,bid,37.69,2026-09-28T08:54:07.085398Z,2,0.192010,07237bda-15d1-a4a7-9a5f-acd184a477e2,True,KXBTC15M-26SEP280500-00,0.0790,01a0e738-af98-74ea-85dd-574f60f05841,yes,yes,0,KXBTC15M-26SEP280500-00,07237bda-15d1-a4a7-9a5f-acd184a477e2,1790585647,0.9210
buy,bid,2.00,2026-09-28T08:54:07.085398Z,2,0.010200,07237bda-15d1-a109-b87a-e018ba6c8f9f,True,KXBTC15M-26SEP280500-00,0.0790,01a0e738-af98-74ea-85dd-574f60f05841,yes,yes,0,KXBTC15M-26SEP280500-00,07237bda-15d1-a109-b87a-e018ba6c8f9f,1790585647,0.9210
buy,bid,0.31,2026-09-28T08:54:07.085398Z,2,0.001590,07237bda-15d1-a032-993c-1fef1a682ccd,True,KXBTC15M-26SEP280500-00,0.0790,01a0e738-af98-74ea-85dd-574f60f05841,yes,yes,0,KXBTC15M-26SEP280500-00,07237bda-15d1-a032-993c-1fef1a682ccd,1790585647,0.9210
sell,ask,40.00,2026-09-28T08:24:07.945837Z,2,0.133000,07237b68-db11-8333-291a-7e3afa2833c9,True,KXBTC15M-26SEP280430-30,0.9500,01a0e71d-3858-7f66-a89d-ffa547401b75,no,no,0,KXBTC15M-26SEP280430-30,07237b68-db11-8333-291a-7e3afa2833c9,1790583847,0.0500
buy,bid,40.00,2026-09-28T07:54:07.198729Z,2,0.337200,07237b06-9659-a66e-fed2-a00cc113b58d,True,KXBTC15M-26SEP280400-00,0.1400,01a0e701-c118-7660-9c84-e3fe5d5d5132,yes,yes,0,KXBTC15M-26SEP280400-00,07237b06-9659-a66e-fed2-a00cc113b58d,1790582047,0.8600
sell,ask,40.00,2026-09-28T07:24:16.438026Z,2,0.357000,07237d7f-d131-a8b8-4111-20ab77232379,True,KXBTC15M-26SEP280330-30,0.8500,01a0e6e6-6d00-767f-b7e0-daa3c43cc84f,no,no,0,KXBTC15M-26SEP280330-30,07237d7f-d131-a8b8-4111-20ab77232379,1790580256,0.1500
buy,ask,34.86,2026-09-28T06:23:24.739274Z,2,0.109320,07237c14-7ee1-97d2-061d-197bc98357b7,True,KXBTC15M-26SEP280230-30,0.9530,01a0e6ae-b360-79a5-a97e-9858eba08558,no,no,0,KXBTC15M-26SEP280230-30,07237c14-7ee1-97d2-061d-197bc98357b7,1790576604,0.0470
buy,ask,0.01,2026-09-28T06:23:24.739274Z,2,0.000070,07237c14-7ee1-97b6-1e0e-fa4237d7e4da,True,KXBTC15M-26SEP280230-30,0.9530,01a0e6ae-b360-79a5-a97e-9858eba08558,no,no,0,KXBTC15M-26SEP280230-30,07237c14-7ee1-97b6-1e0e-fa4237d7e4da,1790576604,0.0470
buy,bid,0.01,2026-09-28T05:44:01.000995Z,2,0.000200,07237ca0-32a1-afc8-e5a6-86b11effa10d,True,KXBTC15M-26SEP280145-45,0.4200,01a0e68a-a4e8-753d-9288-30ab91ed889b,yes,yes,0,KXBTC15M-26SEP280145-45,07237ca0-32a1-afc8-e5a6-86b11effa10d,1790574241,0.5800
buy,bid,0.01,2026-09-28T05:44:01.000995Z,2,0.000100,07237ca0-32a1-ab7a-fe17-f402c652bf75,True,KXBTC15M-26SEP280145-45,0.4100,01a0e68a-a4e8-753d-9288-30ab91ed889b,yes,yes,0,KXBTC15M-26SEP280145-45,07237ca0-32a1-ab7a-fe17-f402c652bf75,1790574241,0.5900
buy,bid,0.01,2026-09-28T05:44:01.000995Z,2,0.000200,07237ca0-32a1-aa69-e025-25642083e9a7,True,KXBTC15M-26SEP280145-45,0.4200,01a0e68a-a4e8-753d-9288-30ab91ed889b,yes,yes,0,KXBTC15M-26SEP280145-45,07237ca0-32a1-aa69-e025-25642083e9a7,1790574241,0.5800
buy,bid,0.01,2026-09-28T05:44:01.000995Z,2,0.000200,07237ca0-32a1-a680-f7dc-3682a6607f6e,True,KXBTC15M-26SEP280145-45,0.4100,01a0e68a-a4e8-753d-9288-30ab91ed889b,yes,yes,0,KXBTC15M-26SEP280145-45,07237ca0-32a1-a680-f7dc-3682a6607f6e,1790574241,0.5900
buy,bid,39.96,2026-09-28T05:44:01.000995Z,2,0.676700,07237ca0-32a1-a34d-eac1-369096a34eba,True,KXBTC15M-26SEP280145-45,0.4100,01a0e68a-a4e8-753d-9288-30ab91ed889b,yes,yes,0,KXBTC15M-26SEP280145-45,07237ca0-32a1-a34d-eac1-369096a34eba,1790574241,0.5900
sell,ask,0.01,2026-09-28T05:39:07.308138Z,2,0.000040,07237c9e-8999-8fdd-8ab9-3c005283fd4f,True,KXBTC15M-26SEP280145-45,0.9760,01a0e686-2878-7dc9-8249-d1b0fb8d7c2a,no,no,0,KXBTC15M-26SEP280145-45,07237c9e-8999-8fdd-8ab9-3c005283fd4f,1790573947,0.0240
sell,ask,39.99,2026-09-28T05:39:07.308138Z,2,0.065560,07237c9e-8999-87c2-acde-d2494ba2bae5,True,KXBTC15M-26SEP280145-45,0.9760,01a0e686-2878-7dc9-8249-d1b0fb8d7c2a,no,no,0,KXBTC15M-26SEP280145-45,07237c9e-8999-87c2-acde-d2494ba2bae5,1790573947,0.0240
sell,ask,23.98,2026-09-28T05:24:06.179475Z,2,0.044060,07237f99-cb31-a03f-b04d-cb55e2bd36da,True,KXBTC15M-26SEP280130-30,0.9730,01a0e678-68f0-75c5-855b-08c6f21fdc70,no,no,0,KXBTC15M-26SEP280130-30,07237f99-cb31-a03f-b04d-cb55e2bd36da,1790573046,0.0270
sell,ask,0.01,2026-09-28T05:24:06.179475Z,2,0.000070,07237f99-c6c9-ad8a-9483-3f8b7124809a,True,KXBTC15M-26SEP280130-30,0.9730,01a0e678-68f0-75c5-855b-08c6f21fdc70,no,no,0,KXBTC15M-26SEP280130-30,07237f99-c6c9-ad8a-9483-3f8b7124809a,1790573046,0.0270
sell,ask,10.00,2026-09-28T05:24:06.179475Z,2,0.018300,07237f99-c6c9-a688-808b-1d975125515a,True,KXBTC15M-26SEP280130-30,0.9730,01a0e678-68f0-75c5-855b-08c6f21fdc70,no,no,0,KXBTC15M-26SEP280130-30,07237f99-c6c9-a688-808b-1d975125515a,1790573046,0.0270
sell,ask,6.00,2026-09-28T05:24:06.179475Z,2,0.011100,07237f99-c6c9-a1db-a249-70100b0c513c,True,KXBTC15M-26SEP280130-30,0.9730,01a0e678-68f0-75c5-855b-08c6f21fdc70,no,no,0,KXBTC15M-26SEP280130-30,07237f99-c6c9-a1db-a249-70100b0c513c,1790573046,0.0270
sell,ask,0.01,2026-09-28T05:24:06.179475Z,2,0.000070,07237f99-c6c9-a0aa-9cc2-d9ab6751d823,True,KXBTC15M-26SEP280130-30,0.9730,01a0e678-68f0-75c5-855b-08c6f21fdc70,no,no,0,KXBTC15M-26SEP280130-30,07237f99-c6c9-a0aa-9cc2-d9ab6751d823,1790573046,0.0270
sell,ask,21.31,2026-09-28T05:09:06.92423Z,2,0.070900,07237fc0-e221-96e5-1d54-ba8c2d19b1e2,True,KXBTC15M-26SEP280115-15,0.9500,01a0e66a-ad50-7b32-a5d7-f67141332af0,no,no,0,KXBTC15M-26SEP280115-15,07237fc0-e221-96e5-1d54-ba8c2d19b1e2,1790572146,0.0500
sell,ask,10.00,2026-09-28T05:09:06.92423Z,2,0.033300,07237fc0-c7f9-916e-13ee-3e117846c9fb,True,KXBTC15M-26SEP280115-15,0.9500,01a0e66a-ad50-7b32-a5d7-f67141332af0,no,no,0,KXBTC15M-26SEP280115-15,07237fc0-c7f9-916e-13ee-3e117846c9fb,1790572146,0.0500
sell,ask,8.69,2026-09-28T05:09:06.92423Z,2,0.028900,07237fc0-10c1-9514-16d9-b1380baea74d,True,KXBTC15M-26SEP280115-15,0.9500,01a0e66a-ad50-7b32-a5d7-f67141332af0,no,no,0,KXBTC15M-26SEP280115-15,07237fc0-10c1-9514-16d9-b1380baea74d,1790572146,0.0500
sell,ask,40.00,2026-09-28T03:54:05.922876Z,2,0.464600,07237eb2-0269-bf30-a1a3-9b052798c8a3,True,KXBTC15M-26SEP280000-00,0.7900,01a0e625-ff48-73c6-8222-94ec4e7bf9c5,no,no,0,KXBTC15M-26SEP280000-00,07237eb2-0269-bf30-a1a3-9b052798c8a3,1790567645,0.2100
buy,bid,35.69,2026-09-28T03:39:05.999131Z,2,0.151850,07237e79-4d09-bb8a-b76c-866ab345aacc,True,KXBTC15M-26SEP272345-45,0.0650,01a0e618-43a8-726a-8a44-b4d7f995eaa3,yes,yes,0,KXBTC15M-26SEP272345-45,07237e79-4d09-bb8a-b76c-866ab345aacc,1790566745,0.9350
buy,bid,0.01,2026-09-28T03:39:05.999131Z,2,0.000050,07237e79-4d09-b557-a64d-056375b84532,True,KXBTC15M-26SEP272345-45,0.0650,01a0e618-43a8-726a-8a44-b4d7f995eaa3,yes,yes,0,KXBTC15M-26SEP272345-45,07237e79-4d09-b557-a64d-056375b84532,1790566745,0.9350
buy,bid,4.30,2026-09-28T03:39:05.999131Z,2,0.018300,07237e79-4d09-b1a7-b755-dafd72bf3195,True,KXBTC15M-26SEP272345-45,0.0650,01a0e618-43a8-726a-8a44-b4d7f995eaa3,yes,yes,0,KXBTC15M-26SEP272345-45,07237e79-4d09-b1a7-b755-dafd72bf3195,1790566745,0.9350
sell,ask,40.00,2026-09-28T02:39:07.741446Z,2,0.097200,0723725c-7bc9-9661-d97f-3b557d99c226,True,KXBTC15M-26SEP272245-45,0.9640,01a0e5e1-5cf8-7a4a-938f-7bb5bf5841ab,no,no,0,KXBTC15M-26SEP272245-45,0723725c-7bc9-9661-d97f-3b557d99c226,1790563147,0.0360
sell,ask,40.00,2026-09-28T02:24:05.849771Z,2,0.167800,0723729d-ffa9-8323-806f-3e4ee0750b4f,True,KXBTC15M-26SEP272230-30,0.9360,01a0e5d3-9988-7c6d-8e04-b81ea810990c,no,no,0,KXBTC15M-26SEP272230-30,0723729d-ffa9-8323-806f-3e4ee0750b4f,1790562245,0.0640
sell,bid,59.93,2026-09-28T02:12:16.862096Z,2,0.966600,072372eb-e801-97ae-5f27-bf67b1147fc0,True,KXBTC15M-26SEP272215-15,0.3600,01a0e5c8-c800-79fc-b7c0-a81c0784976d,yes,yes,0,KXBTC15M-26SEP272215-15,072372eb-e801-97ae-5f27-bf67b1147fc0,1790561536,0.6400
buy,ask,43.63,2026-09-28T02:01:07.369448Z,2,0.615700,07237344-c431-bf93-fd87-b31f7b48f24a,True,KXBTC15M-26SEP272215-15,0.7200,01a0e5be-92b8-7396-9c7d-a7707acf7543,no,no,0,KXBTC15M-26SEP272215-15,07237344-c431-bf93-fd87-b31f7b48f24a,1790560867,0.2800
buy,ask,16.30,2026-09-28T02:01:07.369448Z,2,0.230100,07237344-c431-b3a7-cbc7-4b81718c6009,True,KXBTC15M-26SEP272215-15,0.7200,01a0e5be-92b8-7396-9c7d-a7707acf7543,no,no,0,KXBTC15M-26SEP272215-15,07237344-c431-b3a7-cbc7-4b81718c6009,1790560867,0.2800
buy,ask,4.08,2026-09-28T01:39:29.155123Z,2,0.007460,07237301-d121-b736-9db7-6466f2951db4,True,KXBTC15M-26SEP272145-45,0.9730,01a0e5aa-c468-7378-8765-7c7f82dcf01a,no,no,0,KXBTC15M-26SEP272145-45,07237301-d121-b736-9db7-6466f2951db4,1790559569,0.0270
buy,ask,0.01,2026-09-28T01:39:29.155123Z,2,0.000080,07237301-d121-b6fb-946f-181d53fadda0,True,KXBTC15M-26SEP272145-45,0.9720,01a0e5aa-c468-7378-8765-7c7f82dcf01a,no,no,0,KXBTC15M-26SEP272145-45,07237301-d121-b6fb-946f-181d53fadda0,1790559569,0.0280
buy,ask,0.01,2026-09-28T01:39:29.155123Z,2,0.000080,07237301-d121-b1fb-85ac-24e226de3bc8,True,KXBTC15M-26SEP272145-45,0.9720,01a0e5aa-c468-7378-8765-7c7f82dcf01a,no,no,0,KXBTC15M-26SEP272145-45,07237301-d121-b1fb-85ac-24e226de3bc8,1790559569,0.0280
sell,ask,40.00,2026-09-28T01:39:06.290811Z,2,0.073600,07237303-c0d1-9ebf-2883-62093a1c29a7,True,KXBTC15M-26SEP272145-45,0.9730,01a0e5aa-6a90-7a53-a1db-143eefa4ae0e,no,no,0,KXBTC15M-26SEP272145-45,07237303-c0d1-9ebf-2883-62093a1c29a7,1790559546,0.0270
buy,bid,42.60,2026-09-28T01:26:00.861128Z,2,0.359100,072373e7-dd41-b89c-faa6-40a9379f2af2,True,KXBTC15M-26SEP272130-30,0.1400,01a0e59e-6c40-723f-9324-9c80b6b8ec00,yes,yes,0,KXBTC15M-26SEP272130-30,072373e7-dd41-b89c-faa6-40a9379f2af2,1790558760,0.8600
buy,ask,35.00,2026-09-28T01:11:45.8882Z,2,0.190600,072373d4-e1c9-96da-de99-991855bccb5f,True,KXBTC15M-26SEP272115-15,0.9150,01a0e591-6068-7bf7-96f3-36ccee0a492b,no,no,0,KXBTC15M-26SEP272115-15,072373d4-e1c9-96da-de99-991855bccb5f,1790557905,0.0850
sell,ask,52.75,2026-09-28T01:10:41.251636Z,2,0.760300,072373d1-ffc9-8313-1fff-d3f6b195359c,True,KXBTC15M-26SEP272115-15,0.7100,01a0e590-6668-7f89-af35-f8f85cd80c5c,no,no,0,KXBTC15M-26SEP272115-15,072373d1-ffc9-8313-1fff-d3f6b195359c,1790557841,0.2900
buy,bid,26.87,2026-09-28T01:09:04.532936Z,2,0.370800,072373b5-4581-bd87-9987-4c76a9504cd8,True,KXBTC15M-26SEP272115-15,0.2700,01a0e58e-eb80-70ad-89b1-97e62aace8a4,yes,yes,0,KXBTC15M-26SEP272115-15,072373b5-4581-bd87-9987-4c76a9504cd8,1790557744,0.7300
buy,bid,25.88,2026-09-28T01:08:35.921479Z,2,0.394300,072373b7-92d9-8770-4771-e04f4ad22891,True,KXBTC15M-26SEP272115-15,0.3200,01a0e58e-7a38-7ca1-b2ea-991508d0bb86,yes,yes,0,KXBTC15M-26SEP272115-15,072373b7-92d9-8770-4771-e04f4ad22891,1790557715,0.6800
sell,bid,60.49,2026-09-28T01:08:14.139142Z,2,0.921400,072373b6-8489-98e5-fff0-ac1b7c104aa6,True,KXBTC15M-26SEP272115-15,0.3200,01a0e58e-2830-7921-9406-86d14b1fc9d8,yes,yes,0,KXBTC15M-26SEP272115-15,072373b6-8489-98e5-fff0-ac1b7c104aa6,1790557694,0.6800
buy,ask,24.99,2026-09-28T01:06:52.596456Z,2,0.344800,072373bf-7861-9fce-efdf-7f7202dc6e93,True,KXBTC15M-26SEP272115-15,0.7300,01a0e58c-e7e0-7afa-9dea-9157272bc410,no,no,0,KXBTC15M-26SEP272115-15,072373bf-7861-9fce-efdf-7f7202dc6e93,1790557612,0.2700
buy,ask,35.50,2026-09-28T01:06:52.596456Z,2,0.489800,072373bf-7861-9125-ecd2-3d8c897c168b,True,KXBTC15M-26SEP272115-15,0.7300,01a0e58c-e7e0-7afa-9dea-9157272bc410,no,no,0,KXBTC15M-26SEP272115-15,072373bf-7861-9125-ecd2-3d8c897c168b,1790557612,0.2700
sell,ask,82.26,2026-09-28T00:57:29.243238Z,2,0.314680,07237395-1209-8c85-fe51-da6dbd23af84,True,KXBTC15M-26SEP272100-00,0.9420,01a0e584-50a8-7c39-97b4-16ead03c5544,no,no,0,KXBTC15M-26SEP272100-00,07237395-1209-8c85-fe51-da6dbd23af84,1790557049,0.0580
buy,bid,82.26,2026-09-28T00:47:37.568232Z,2,0.608100,07237097-d299-89ca-3862-773217a4ea87,True,KXBTC15M-26SEP272100-00,0.1200,01a0e57b-4828-7d20-a2cb-354c6f676ce0,yes,yes,0,KXBTC15M-26SEP272100-00,07237097-d299-89ca-3862-773217a4ea87,1790556457,0.8800
sell,ask,40.00,2026-09-28T00:39:10.212971Z,2,0.027800,072370bd-a909-9d33-f8d9-3864ace3db42,True,KXBTC15M-26SEP272045-45,0.9900,01a0e573-8bb0-7b45-9e50-4ecc80ef23e0,no,no,0,KXBTC15M-26SEP272045-45,072370bd-a909-9d33-f8d9-3864ace3db42,1790555950,0.0100
buy,ask,44.13,2026-09-28T00:09:28.972054Z,2,0.278100,07237039-31c1-9f6b-110c-4b1df44bb54c,True,KXBTC15M-26SEP272015-15,0.9000,01a0e558-5ac0-79c9-a8bf-96ec527cd26e,no,no,0,KXBTC15M-26SEP272015-15,07237039-31c1-9f6b-110c-4b1df44bb54c,1790554168,0.1000
buy,bid,69.00,2026-09-27T23:50:47.582264Z,2,0.407500,0723705b-c491-8180-836a-588ac8141d23,True,KXBTC15M-26SEP272000-00,0.0930,01a0e547-3fd8-7def-8692-9081a922ec86,yes,yes,0,KXBTC15M-26SEP272000-00,0723705b-c491-8180-836a-588ac8141d23,1790553047,0.9070
buy,bid,8.00,2026-09-27T23:24:05.908789Z,2,0.032600,07237195-f629-bffc-c173-f91e2121d38c,True,KXBTC15M-26SEP271930-30,0.0620,01a0e52e-ce08-736b-92f2-5ef498ba33b0,yes,yes,0,KXBTC15M-26SEP271930-30,07237195-f629-bffc-c173-f91e2121d38c,1790551445,0.9380
buy,bid,0.01,2026-09-27T23:24:05.908789Z,2,0.000120,07237195-f629-bdf7-f67d-5d14b51c4093,True,KXBTC15M-26SEP271930-30,0.0620,01a0e52e-ce08-736b-92f2-5ef498ba33b0,yes,yes,0,KXBTC15M-26SEP271930-30,07237195-f629-bdf7-f67d-5d14b51c4093,1790551445,0.9380
buy,bid,0.01,2026-09-27T23:24:05.908789Z,2,0.000120,07237195-f629-b944-fc7d-a209b8a678c7,True,KXBTC15M-26SEP271930-30,0.0620,01a0e52e-ce08-736b-92f2-5ef498ba33b0,yes,yes,0,KXBTC15M-26SEP271930-30,07237195-f629-b944-fc7d-a209b8a678c7,1790551445,0.9380
buy,bid,20.87,2026-09-27T23:24:05.908789Z,2,0.084940,07237195-f629-b93b-e377-ddca33bff6a0,True,KXBTC15M-26SEP271930-30,0.0620,01a0e52e-ce08-736b-92f2-5ef498ba33b0,yes,yes,0,KXBTC15M-26SEP271930-30,07237195-f629-b93b-e377-ddca33bff6a0,1790551445,0.9380
buy,bid,10.00,2026-09-27T23:24:05.908789Z,2,0.040700,07237195-f629-b856-dc49-d0556e47a842,True,KXBTC15M-26SEP271930-30,0.0620,01a0e52e-ce08-736b-92f2-5ef498ba33b0,yes,yes,0,KXBTC15M-26SEP271930-30,07237195-f629-b856-dc49-d0556e47a842,1790551445,0.9380
buy,bid,1.00,2026-09-27T23:24:05.908789Z,2,0.004000,07237195-f629-b49f-d61b-2347285cca7e,True,KXBTC15M-26SEP271930-30,0.0620,01a0e52e-ce08-736b-92f2-5ef498ba33b0,yes,yes,0,KXBTC15M-26SEP271930-30,07237195-f629-b49f-d61b-2347285cca7e,1790551445,0.9380
buy,bid,0.11,2026-09-27T23:24:05.908789Z,2,0.000420,07237195-f629-b323-c141-2ec067ae861f,True,KXBTC15M-26SEP271930-30,0.0620,01a0e52e-ce08-736b-92f2-5ef498ba33b0,yes,yes,0,KXBTC15M-26SEP271930-30,07237195-f629-b323-c141-2ec067ae861f,1790551445,0.9380
sell,ask,40.00,2026-09-27T22:39:09.914508Z,2,0.044100,07237113-01e9-a879-5233-7880e3665f8f,True,KXBTC15M-26SEP271845-45,0.9840,01a0e505-aac8-775e-b18c-4dee6900c713,no,no,0,KXBTC15M-26SEP271845-45,07237113-01e9-a879-5233-7880e3665f8f,1790548749,0.0160
buy,bid,26.98,2026-09-27T22:24:13.419102Z,2,0.020580,07237728-05e9-bc3b-bb9a-e16dac172e40,True,KXBTC15M-26SEP271830-30,0.0110,01a0e4f7-fec8-71df-82f8-aa39bdd48566,yes,yes,0,KXBTC15M-26SEP271830-30,07237728-05e9-bc3b-bb9a-e16dac172e40,1790547853,0.9890
buy,bid,0.01,2026-09-27T22:24:13.419102Z,2,0.000010,07237728-05e9-b98a-93a2-7a867126005b,True,KXBTC15M-26SEP271830-30,0.0110,01a0e4f7-fec8-71df-82f8-aa39bdd48566,yes,yes,0,KXBTC15M-26SEP271830-30,07237728-05e9-b98a-93a2-7a867126005b,1790547853,0.9890
buy,bid,13.00,2026-09-27T22:24:13.419102Z,2,0.009900,07237728-05e9-b40d-ab94-00ae77f78570,True,KXBTC15M-26SEP271830-30,0.0110,01a0e4f7-fec8-71df-82f8-aa39bdd48566,yes,yes,0,KXBTC15M-26SEP271830-30,07237728-05e9-b40d-ab94-00ae77f78570,1790547853,0.9890
buy,bid,0.01,2026-09-27T22:24:13.419102Z,2,0.000010,07237728-05e9-b021-9e2a-11e49ff7fb4c,True,KXBTC15M-26SEP271830-30,0.0110,01a0e4f7-fec8-71df-82f8-aa39bdd48566,yes,yes,0,KXBTC15M-26SEP271830-30,07237728-05e9-b021-9e2a-11e49ff7fb4c,1790547853,0.9890
buy,ask,40.96,2026-09-27T22:03:52.384504Z,2,0.211000,07237770-2841-bb99-0d6b-c2430ce186ec,True,KXBTC15M-26SEP271815-15,0.9200,01a0e4e5-5d40-703d-a464-7b8c19112d79,no,no,0,KXBTC15M-26SEP271815-15,07237770-2841-bb99-0d6b-c2430ce186ec,1790546632,0.0800
buy,ask,8.00,2026-09-27T22:03:52.384504Z,2,0.041300,07237770-2841-b74f-0b70-86b98065a4ec,True,KXBTC15M-26SEP271815-15,0.9200,01a0e4e5-5d40-703d-a464-7b8c19112d79,no,no,0,KXBTC15M-26SEP271815-15,07237770-2841-b74f-0b70-86b98065a4ec,1790546632,0.0800
buy,ask,10.00,2026-09-27T22:03:52.384504Z,2,0.051500,07237770-2841-b397-10d6-469c6bf7804a,True,KXBTC15M-26SEP271815-15,0.9200,01a0e4e5-5d40-703d-a464-7b8c19112d79,no,no,0,KXBTC15M-26SEP271815-15,07237770-2841-b397-10d6-469c6bf7804a,1790546632,0.0800
buy,bid,39.98,2026-09-27T21:54:16.062801Z,2,0.033160,072377ae-cea1-8427-4e85-275db2281893,True,KXBTC15M-26SEP271800-00,0.0120,01a0e4dc-9340-7ed2-be22-c9aca7398f9a,yes,yes,0,KXBTC15M-26SEP271800-00,072377ae-cea1-8427-4e85-275db2281893,1790546056,0.9880
buy,bid,0.01,2026-09-27T21:54:16.062801Z,2,0.000030,072377ae-c259-8d92-77cc-8b7c23339ec6,True,KXBTC15M-26SEP271800-00,0.0130,01a0e4dc-9340-7ed2-be22-c9aca7398f9a,yes,yes,0,KXBTC15M-26SEP271800-00,072377ae-c259-8d92-77cc-8b7c23339ec6,1790546056,0.9870
buy,bid,0.01,2026-09-27T21:54:16.062801Z,2,0.000030,072377ae-c259-8548-5dd3-cf4e2c1b81b8,True,KXBTC15M-26SEP271800-00,0.0130,01a0e4dc-9340-7ed2-be22-c9aca7398f9a,yes,yes,0,KXBTC15M-26SEP271800-00,072377ae-c259-8548-5dd3-cf4e2c1b81b8,1790546056,0.9870
sell,ask,8.00,2026-09-27T21:39:14.694731Z,2,0.033100,072377f5-fb59-8f68-53c4-17c40a6710db,True,KXBTC15M-26SEP271745-45,0.9370,01a0e4ce-cfd0-7da3-b9ba-582896d8d860,no,no,0,KXBTC15M-26SEP271745-45,072377f5-fb59-8f68-53c4-17c40a6710db,1790545154,0.0630
sell,ask,1.00,2026-09-27T21:39:14.694731Z,2,0.004000,072377f5-f091-8c14-658a-3450d108a2f1,True,KXBTC15M-26SEP271745-45,0.9380,01a0e4ce-cfd0-7da3-b9ba-582896d8d860,no,no,0,KXBTC15M-26SEP271745-45,072377f5-f091-8c14-658a-3450d108a2f1,1790545154,0.0620
sell,ask,0.01,2026-09-27T21:39:14.694731Z,2,0.000030,072377f5-f091-88dd-4aba-bfb55c837ef8,True,KXBTC15M-26SEP271745-45,0.9370,01a0e4ce-cfd0-7da3-b9ba-582896d8d860,no,no,0,KXBTC15M-26SEP271745-45,072377f5-f091-88dd-4aba-bfb55c837ef8,1790545154,0.0630
sell,ask,0.01,2026-09-27T21:39:14.694731Z,2,0.000030,072377f5-f091-81b1-72aa-11e19f12dd5c,True,KXBTC15M-26SEP271745-45,0.9370,01a0e4ce-cfd0-7da3-b9ba-582896d8d860,no,no,0,KXBTC15M-26SEP271745-45,072377f5-f091-81b1-72aa-11e19f12dd5c,1790545154,0.0630
sell,ask,20.02,2026-09-27T21:39:14.694731Z,2,0.082760,072377f5-8b39-8c9d-57c3-7e18e49b79c9,True,KXBTC15M-26SEP271745-45,0.9370,01a0e4ce-cfd0-7da3-b9ba-582896d8d860,no,no,0,KXBTC15M-26SEP271745-45,072377f5-8b39-8c9d-57c3-7e18e49b79c9,1790545154,0.0630
sell,ask,2.96,2026-09-27T21:39:14.694731Z,2,0.011860,072377f5-8721-82c5-4b61-245e1bd129f2,True,KXBTC15M-26SEP271745-45,0.9390,01a0e4ce-cfd0-7da3-b9ba-582896d8d860,no,no,0,KXBTC15M-26SEP271745-45,072377f5-8721-82c5-4b61-245e1bd129f2,1790545154,0.0610
sell,ask,8.00,2026-09-27T21:39:14.694731Z,2,0.032600,072377f5-8309-8848-7ba2-d941078e21f5,True,KXBTC15M-26SEP271745-45,0.9380,01a0e4ce-cfd0-7da3-b9ba-582896d8d860,no,no,0,KXBTC15M-26SEP271745-45,072377f5-8309-8848-7ba2-d941078e21f5,1790545154,0.0620
buy,bid,0.01,2026-09-27T21:08:30.141933Z,2,0.000020,07237678-1e71-9fe4-af33-cfd875c0a2a9,True,KXBTC15M-26SEP271715-15,0.0520,01a0e4b2-acb0-781d-83bd-56dce841b4ae,yes,yes,0,KXBTC15M-26SEP271715-15,07237678-1e71-9fe4-af33-cfd875c0a2a9,1790543310,0.9480
buy,bid,1.00,2026-09-27T21:08:30.141933Z,2,0.003500,07237678-1e71-9739-b3a2-09d2bb0b51be,True,KXBTC15M-26SEP271715-15,0.0520,01a0e4b2-acb0-781d-83bd-56dce841b4ae,yes,yes,0,KXBTC15M-26SEP271715-15,07237678-1e71-9739-b3a2-09d2bb0b51be,1790543310,0.9480
buy,bid,51.00,2026-09-27T21:08:30.141933Z,2,0.176000,07237678-1e71-95e1-9fbe-ed97d67df163,True,KXBTC15M-26SEP271715-15,0.0520,01a0e4b2-acb0-781d-83bd-56dce841b4ae,yes,yes,0,KXBTC15M-26SEP271715-15,07237678-1e71-95e1-9fbe-ed97d67df163,1790543310,0.9480
buy,bid,0.01,2026-09-27T21:08:30.141933Z,2,0.000020,07237678-1e71-9569-bf24-6420dfdb19a8,True,KXBTC15M-26SEP271715-15,0.0520,01a0e4b2-acb0-781d-83bd-56dce841b4ae,yes,yes,0,KXBTC15M-26SEP271715-15,07237678-1e71-9569-bf24-6420dfdb19a8,1790543310,0.9480
buy,bid,0.01,2026-09-27T21:08:30.141933Z,2,0.000020,07237678-1e71-9225-a825-2c6e6db9b067,True,KXBTC15M-26SEP271715-15,0.0520,01a0e4b2-acb0-781d-83bd-56dce841b4ae,yes,yes,0,KXBTC15M-26SEP271715-15,07237678-1e71-9225-a825-2c6e6db9b067,1790543310,0.9480
buy,bid,0.01,2026-09-27T21:08:30.141933Z,2,0.000010,07237678-1621-9d32-9313-bfadda04c085,True,KXBTC15M-26SEP271715-15,0.0510,01a0e4b2-acb0-781d-83bd-56dce841b4ae,yes,yes,0,KXBTC15M-26SEP271715-15,07237678-1621-9d32-9313-bfadda04c085,1790543310,0.9490
buy,bid,0.01,2026-09-27T21:08:30.141933Z,2,0.000110,07237678-1621-9478-ac55-5ede683bf2da,True,KXBTC15M-26SEP271715-15,0.0510,01a0e4b2-acb0-781d-83bd-56dce841b4ae,yes,yes,0,KXBTC15M-26SEP271715-15,07237678-1621-9478-ac55-5ede683bf2da,1790543310,0.9490
buy,bid,0.44,2026-09-27T21:08:30.141933Z,2,0.001440,07237678-1621-9362-86e5-7e8851142c33,True,KXBTC15M-26SEP271715-15,0.0510,01a0e4b2-acb0-781d-83bd-56dce841b4ae,yes,yes,0,KXBTC15M-26SEP271715-15,07237678-1621-9362-86e5-7e8851142c33,1790543310,0.9490
buy,ask,49.30,2026-09-27T20:50:47.234435Z,2,0.552200,0723762b-8479-b4e4-2259-0ce0e1f49e09,True,KXBTC15M-26SEP271700-00,0.8000,01a0e4a2-7458-7087-a8c3-c9a650fc3ecb,no,no,0,KXBTC15M-26SEP271700-00,0723762b-8479-b4e4-2259-0ce0e1f49e09,1790542247,0.2000
buy,ask,86.69,2026-09-27T20:40:38.571757Z,2,1.106900,072376fd-8049-9b5c-f556-1fc0e7cfb039,True,KXBTC15M-26SEP271645-45,0.7600,01a0e499-2970-7957-99a5-56615122b167,no,no,0,KXBTC15M-26SEP271645-45,072376fd-8049-9b5c-f556-1fc0e7cfb039,1790541638,0.2400
sell,ask,6.59,2026-09-27T20:35:30.441151Z,2,0.095000,072376c5-8a69-839e-f2c1-3641a51da2aa,True,KXBTC15M-26SEP271645-45,0.7100,01a0e494-7650-7d02-9f0d-0696a20f0e77,no,no,0,KXBTC15M-26SEP271645-45,072376c5-8a69-839e-f2c1-3641a51da2aa,1790541330,0.2900
sell,ask,21.77,2026-09-27T20:35:30.441151Z,2,0.313800,072376c5-87a1-80a2-cd97-d9b1c89bc47e,True,KXBTC15M-26SEP271645-45,0.7100,01a0e494-7650-7d02-9f0d-0696a20f0e77,no,no,0,KXBTC15M-26SEP271645-45,072376c5-87a1-80a2-cd97-d9b1c89bc47e,1790541330,0.2900
buy,bid,28.36,2026-09-27T20:31:34.299302Z,2,0.424700,072376d3-a179-89b0-8235-6cba57393fb8,True,KXBTC15M-26SEP271645-45,0.3100,01a0e490-dc70-7cb4-8928-f5be24830179,yes,yes,0,KXBTC15M-26SEP271645-45,072376d3-a179-89b0-8235-6cba57393fb8,1790541094,0.6900
sell,ask,0.01,2026-09-27T20:24:14.849916Z,2,0.000040,072376a2-b371-9cca-0e4c-f4c98282f21b,True,KXBTC15M-26SEP271630-30,0.9860,01a0e48a-25b0-784a-a896-4bb8e019e457,no,no,0,KXBTC15M-26SEP271630-30,072376a2-b371-9cca-0e4c-f4c98282f21b,1790540654,0.0140
sell,ask,0.01,2026-09-27T20:24:14.849916Z,2,0.000040,072376a2-b371-95a8-1672-1b65bc0c2d52,True,KXBTC15M-26SEP271630-30,0.9860,01a0e48a-25b0-784a-a896-4bb8e019e457,no,no,0,KXBTC15M-26SEP271630-30,072376a2-b371-95a8-1672-1b65bc0c2d52,1790540654,0.0140
sell,ask,39.98,2026-09-27T20:24:14.849916Z,2,0.038620,072376a2-8b21-9204-34a4-25c7cbe6267c,True,KXBTC15M-26SEP271630-30,0.9860,01a0e48a-25b0-784a-a896-4bb8e019e457,no,no,0,KXBTC15M-26SEP271630-30,072376a2-8b21-9204-34a4-25c7cbe6267c,1790540654,0.0140
buy,bid,40.00,2026-09-27T20:09:12.492135Z,2,0.224800,0723758d-d759-866c-4baf-f2266f97d321,True,KXBTC15M-26SEP271615-15,0.0880,01a0e47c-6240-7daf-b30c-89ad36f2cac1,yes,yes,0,KXBTC15M-26SEP271615-15,0723758d-d759-866c-4baf-f2266f97d321,1790539752,0.9120
buy,bid,10.00,2026-09-27T19:39:10.400398Z,2,0.021100,072375e3-6ff1-8ba6-6014-7e2dd98376c1,True,KXBTC15M-26SEP271545-45,0.0310,01a0e460-e330-7c6f-b057-4d36738359d4,yes,yes,0,KXBTC15M-26SEP271545-45,072375e3-6ff1-8ba6-6014-7e2dd98376c1,1790537950,0.9690
buy,bid,0.01,2026-09-27T19:39:10.400398Z,2,0.000010,072375e3-6ff1-86e7-53be-0ed2be8c48ad,True,KXBTC15M-26SEP271545-45,0.0310,01a0e460-e330-7c6f-b057-4d36738359d4,yes,yes,0,KXBTC15M-26SEP271545-45,072375e3-6ff1-86e7-53be-0ed2be8c48ad,1790537950,0.9690
buy,bid,1.00,2026-09-27T19:39:10.400398Z,2,0.002100,072375e3-6ff1-8674-7295-b96729718fa0,True,KXBTC15M-26SEP271545-45,0.0310,01a0e460-e330-7c6f-b057-4d36738359d4,yes,yes,0,KXBTC15M-26SEP271545-45,072375e3-6ff1-8674-7295-b96729718fa0,1790537950,0.9690
buy,bid,0.01,2026-09-27T19:39:10.400398Z,2,0.000010,072375e3-6ff1-860d-5cd7-56f7209084a3,True,KXBTC15M-26SEP271545-45,0.0310,01a0e460-e330-7c6f-b057-4d36738359d4,yes,yes,0,KXBTC15M-26SEP271545-45,072375e3-6ff1-860d-5cd7-56f7209084a3,1790537950,0.9690
buy,bid,28.98,2026-09-27T19:39:10.400398Z,2,0.059000,072375e3-5389-84ef-696d-6d62c538a5c6,True,KXBTC15M-26SEP271545-45,0.0300,01a0e460-e330-7c6f-b057-4d36738359d4,yes,yes,0,KXBTC15M-26SEP271545-45,072375e3-5389-84ef-696d-6d62c538a5c6,1790537950,0.9700
sell,ask,40.00,2026-09-27T19:24:05.521215Z,2,0.295700,0723751f-5449-8799-afeb-5c29937bc4c4,True,KXBTC15M-26SEP271530-30,0.8800,01a0e453-1408-7cfd-8d23-275ab001fd42,no,no,0,KXBTC15M-26SEP271530-30,0723751f-5449-8799-afeb-5c29937bc4c4,1790537045,0.1200
buy,ask,7.13,2026-09-27T19:03:21.621538Z,2,0.070500,07237540-7a09-ad0f-197a-eaba83f069a6,True,KXBTC15M-26SEP271515-15,0.8300,01a0e440-18a8-7682-a370-8e7b7f76036d,no,no,0,KXBTC15M-26SEP271515-15,07237540-7a09-ad0f-197a-eaba83f069a6,1790535801,0.1700
buy,ask,23.02,2026-09-27T19:02:52.04025Z,2,0.194100,072374c1-3ef9-9509-26e9-e5ae4b3f70f5,True,KXBTC15M-26SEP271515-15,0.8600,01a0e43f-a760-78f7-a564-962f44dd75cb,no,no,0,KXBTC15M-26SEP271515-15,072374c1-3ef9-9509-26e9-e5ae4b3f70f5,1790535772,0.1400
buy,bid,10.00,2026-09-27T18:24:06.641726Z,2,0.032600,0723746c-8cb1-9a27-d471-267a841934a8,True,KXBTC15M-26SEP271430-30,0.0490,01a0e41c-2970-7b31-9370-45bebcd725bd,yes,yes,0,KXBTC15M-26SEP271430-30,0723746c-8cb1-9a27-d471-267a841934a8,1790533446,0.9510
buy,bid,0.01,2026-09-27T18:24:06.641726Z,2,0.000090,0723746c-8cb1-9342-e6b1-1d043f83a82a,True,KXBTC15M-26SEP271430-30,0.0490,01a0e41c-2970-7b31-9370-45bebcd725bd,yes,yes,0,KXBTC15M-26SEP271430-30,0723746c-8cb1-9342-e6b1-1d043f83a82a,1790533446,0.9510
buy,bid,5.00,2026-09-27T18:24:06.641726Z,2,0.016300,0723746c-8cb1-9325-f3ea-3ceae7098172,True,KXBTC15M-26SEP271430-30,0.0490,01a0e41c-2970-7b31-9370-45bebcd725bd,yes,yes,0,KXBTC15M-26SEP271430-30,0723746c-8cb1-9325-f3ea-3ceae7098172,1790533446,0.9510
buy,bid,0.01,2026-09-27T18:24:06.641726Z,2,0.000090,0723746c-8cb1-9309-d9b8-576123ec4983,True,KXBTC15M-26SEP271430-30,0.0490,01a0e41c-2970-7b31-9370-45bebcd725bd,yes,yes,0,KXBTC15M-26SEP271430-30,0723746c-8cb1-9309-d9b8-576123ec4983,1790533446,0.9510
buy,bid,24.98,2026-09-27T18:24:06.641726Z,2,0.078260,0723746c-8049-942a-cee2-21b9b798e4d1,True,KXBTC15M-26SEP271430-30,0.0470,01a0e41c-2970-7b31-9370-45bebcd725bd,yes,yes,0,KXBTC15M-26SEP271430-30,0723746c-8049-942a-cee2-21b9b798e4d1,1790533446,0.9530
buy,bid,29.98,2026-09-27T17:54:04.948608Z,2,0.072780,07237402-03e1-bda3-e88a-8922438c243b,True,KXBTC15M-26SEP271400-00,0.0360,01a0e400-aa60-7296-990b-60679026b68f,yes,yes,0,KXBTC15M-26SEP271400-00,07237402-03e1-bda3-e88a-8922438c243b,1790531644,0.9640
buy,bid,0.01,2026-09-27T17:54:04.948608Z,2,0.000060,07237402-03e1-bc28-f4d9-c167bb99f1d5,True,KXBTC15M-26SEP271400-00,0.0360,01a0e400-aa60-7296-990b-60679026b68f,yes,yes,0,KXBTC15M-26SEP271400-00,07237402-03e1-bc28-f4d9-c167bb99f1d5,1790531644,0.9640
buy,bid,10.00,2026-09-27T17:54:04.948608Z,2,0.024300,07237402-03e1-bbab-fa76-d30730d9904b,True,KXBTC15M-26SEP271400-00,0.0360,01a0e400-aa60-7296-990b-60679026b68f,yes,yes,0,KXBTC15M-26SEP271400-00,07237402-03e1-bbab-fa76-d30730d9904b,1790531644,0.9640
buy,bid,0.01,2026-09-27T17:54:04.948608Z,2,0.000060,07237402-03e1-b342-d622-b904725967f8,True,KXBTC15M-26SEP271400-00,0.0360,01a0e400-aa60-7296-990b-60679026b68f,yes,yes,0,KXBTC15M-26SEP271400-00,07237402-03e1-b342-d622-b904725967f8,1790531644,0.9640
buy,bid,40.00,2026-09-27T17:39:05.030008Z,2,0.150600,07236c39-2461-9ac2-7746-e0778ec75d04,True,KXBTC15M-26SEP271345-45,0.0570,01a0e3f2-f2a8-7b55-b91f-188be540d79c,yes,yes,0,KXBTC15M-26SEP271345-45,07236c39-2461-9ac2-7746-e0778ec75d04,1790530745,0.9430
buy,bid,40.00,2026-09-27T17:24:04.991139Z,2,0.189500,07236c71-ffa1-85f6-a485-c9166a5731c0,True,KXBTC15M-26SEP271330-30,0.0730,01a0e3e5-3320-7ef4-8731-3fa7f64b5ee4,yes,yes,0,KXBTC15M-26SEP271330-30,07236c71-ffa1-85f6-a485-c9166a5731c0,1790529844,0.9270
buy,ask,50.50,2026-09-27T17:09:28.564204Z,2,0.606700,07236c88-8459-9738-c838-9b961f63d0d2,True,KXBTC15M-26SEP271315-15,0.7800,01a0e3d7-d540-7891-9efc-211fcd26ba7b,no,no,0,KXBTC15M-26SEP271315-15,07236c88-8459-9738-c838-9b961f63d0d2,1790528968,0.2200
buy,bid,40.00,2026-09-27T16:54:04.679314Z,2,0.295700,07236cef-5879-bce6-afd7-5ec1a8568c92,True,KXBTC15M-26SEP271300-00,0.1200,01a0e3c9-bbe0-71de-8f1d-42eb29e86ac4,yes,yes,0,KXBTC15M-26SEP271300-00,07236cef-5879-bce6-afd7-5ec1a8568c92,1790528044,0.8800
sell,ask,21.00,2026-09-27T16:39:03.948745Z,2,0.088100,07236d54-0d39-9fa2-56c1-6c0ad22cf7fa,True,KXBTC15M-26SEP271245-45,0.9360,01a0e3bb-fc58-7808-b7b2-515dbdc5aaa7,no,no,0,KXBTC15M-26SEP271245-45,07236d54-0d39-9fa2-56c1-6c0ad22cf7fa,1790527143,0.0640
buy,bid,20.00,2026-09-27T16:09:05.187073Z,2,0.057700,07236d22-baa1-8d8b-1441-f0a620711032,True,KXBTC15M-26SEP271215-15,0.0430,01a0e3a0-8ce8-7c4f-a65a-a87f73638af3,yes,yes,0,KXBTC15M-26SEP271215-15,07236d22-baa1-8d8b-1441-f0a620711032,1790525345,0.9570
sell,ask,19.00,2026-09-27T15:39:06.923199Z,2,0.084300,07236d91-6b99-b868-6684-e9b00e23927b,True,KXBTC15M-26SEP271145-45,0.9320,01a0e385-1990-703f-b77b-3dcf7e236c60,no,no,0,KXBTC15M-26SEP271145-45,07236d91-6b99-b868-6684-e9b00e23927b,1790523546,0.0680
sell,ask,40.00,2026-09-27T15:27:15.501947Z,2,0.686300,07236e93-40d9-bc26-1e52-18113c19e392,True,KXBTC15M-26SEP271130-30,0.5700,01a0e37a-4038-7060-ab15-fb44bdd72048,no,no,0,KXBTC15M-26SEP271130-30,07236e93-40d9-bc26-1e52-18113c19e392,1790522835,0.4300
buy,bid,40.00,2026-09-27T15:24:08.438564Z,2,0.086800,07236eaa-f2c1-9015-46e8-a0dd422fef57,True,KXBTC15M-26SEP271130-30,0.0320,01a0e377-65c0-7a77-b677-a0cdb008036a,yes,yes,0,KXBTC15M-26SEP271130-30,07236eaa-f2c1-9015-46e8-a0dd422fef57,1790522648,0.9680
sell,ask,17.40,2026-09-27T14:54:06.19868Z,2,0.046800,07236e34-7809-8d64-2b29-19ddd9d5b072,True,KXBTC15M-26SEP271100-00,0.9600,01a0e35b-e6b0-7e53-a795-1a53b25de3b9,no,no,0,KXBTC15M-26SEP271100-00,07236e34-7809-8d64-2b29-19ddd9d5b072,1790520846,0.0400
sell,ask,22.60,2026-09-27T14:54:06.19868Z,2,0.060800,07236e34-7809-8c77-38a1-6475816fcd42,True,KXBTC15M-26SEP271100-00,0.9600,01a0e35b-e6b0-7e53-a795-1a53b25de3b9,no,no,0,KXBTC15M-26SEP271100-00,07236e34-7809-8c77-38a1-6475816fcd42,1790520846,0.0400
sell,ask,40.00,2026-09-27T14:24:05.192179Z,2,0.044100,07236e41-c5a9-ba38-4174-8f0a4579fcc8,True,KXBTC15M-26SEP271030-30,0.9840,01a0e340-6b88-7093-b939-63898629572c,no,no,0,KXBTC15M-26SEP271030-30,07236e41-c5a9-ba38-4174-8f0a4579fcc8,1790519045,0.0160
buy,bid,40.00,2026-09-27T13:54:07.199887Z,2,0.107600,07236fb7-0001-a7c3-9fb7-053689bae89b,True,KXBTC15M-26SEP271000-00,0.0400,01a0e324-fc18-76e1-85b2-d6f2f1c91e02,yes,yes,0,KXBTC15M-26SEP271000-00,07236fb7-0001-a7c3-9fb7-053689bae89b,1790517247,0.9600
buy,bid,40.00,2026-09-27T13:24:06.549984Z,2,0.041400,07236f2f-8331-9811-e8b2-8c1eb163700c,True,KXBTC15M-26SEP270930-30,0.0150,01a0e309-80f0-78f4-992f-7c3517970ffa,yes,yes,0,KXBTC15M-26SEP270930-30,07236f2f-8331-9811-e8b2-8c1eb163700c,1790515446,0.9850
sell,ask,27.95,2026-09-27T12:54:06.630598Z,2,0.174550,07236956-2f71-ae0b-4803-d958e9f1fc2d,True,KXBTC15M-26SEP270900-00,0.9010,01a0e2ee-09b0-76e4-b67b-a5dc92189907,no,no,0,KXBTC15M-26SEP270900-00,07236956-2f71-ae0b-4803-d958e9f1fc2d,1790513646,0.0990
sell,ask,12.05,2026-09-27T12:54:06.630598Z,2,0.075250,07236956-2f71-a143-65d4-78430dd96448,True,KXBTC15M-26SEP270900-00,0.9010,01a0e2ee-09b0-76e4-b67b-a5dc92189907,no,no,0,KXBTC15M-26SEP270900-00,07236956-2f71-a143-65d4-78430dd96448,1790513646,0.0990
buy,bid,40.00,2026-09-27T12:09:07.455661Z,2,0.150600,072369d7-b059-a3f8-bfbe-69026b167657,True,KXBTC15M-26SEP270815-15,0.0570,01a0e2c4-dab8-75b1-8f77-47b151ad0a78,yes,yes,0,KXBTC15M-26SEP270815-15,072369d7-b059-a3f8-bfbe-69026b167657,1790510947,0.9430
sell,ask,2.42,2026-09-27T11:39:06.25046Z,2,0.011120,0723680c-25e9-9f5f-c381-7997bfe14cc1,True,KXBTC15M-26SEP270745-45,0.9290,01a0e2a9-5f90-7a83-932e-695eb22c3f1d,no,no,0,KXBTC15M-26SEP270745-45,0723680c-25e9-9f5f-c381-7997bfe14cc1,1790509146,0.0710
sell,ask,26.58,2026-09-27T11:39:06.25046Z,2,0.122780,0723680c-25e9-99d7-f83d-0ca9122e1e12,True,KXBTC15M-26SEP270745-45,0.9290,01a0e2a9-5f90-7a83-932e-695eb22c3f1d,no,no,0,KXBTC15M-26SEP270745-45,0723680c-25e9-99d7-f83d-0ca9122e1e12,1790509146,0.0710
sell,ask,10.00,2026-09-27T11:39:06.25046Z,2,0.048000,0723680c-21d1-9a08-fd49-9bf17a892074,True,KXBTC15M-26SEP270745-45,0.9260,01a0e2a9-5f90-7a83-932e-695eb22c3f1d,no,no,0,KXBTC15M-26SEP270745-45,0723680c-21d1-9a08-fd49-9bf17a892074,1790509146,0.0740
sell,ask,1.00,2026-09-27T11:39:06.25046Z,2,0.004800,0723680c-21d1-9100-f9fd-36f8bc3cf0fd,True,KXBTC15M-26SEP270745-45,0.9260,01a0e2a9-5f90-7a83-932e-695eb22c3f1d,no,no,0,KXBTC15M-26SEP270745-45,0723680c-21d1-9100-f9fd-36f8bc3cf0fd,1790509146,0.0740
buy,bid,40.00,2026-09-27T11:09:05.954062Z,2,0.252000,072368ba-7121-8360-e77f-d76b4f09e7df,True,KXBTC15M-26SEP270715-15,0.1000,01a0e28d-e468-7d04-90d4-d1945b908faf,yes,yes,0,KXBTC15M-26SEP270715-15,072368ba-7121-8360-e77f-d76b4f09e7df,1790507345,0.9000
buy,bid,40.00,2026-09-27T10:59:36.599074Z,2,0.395100,07236896-cbc9-bfe7-98a1-445c858e31f5,True,KXBTC15M-26SEP270700-00,0.1700,01a0e285-35c0-700b-896a-6bac13f34818,yes,yes,0,KXBTC15M-26SEP270700-00,07236896-cbc9-bfe7-98a1-445c858e31f5,1790506776,0.8300
sell,ask,40.00,2026-09-27T10:54:07.064068Z,2,0.175100,07236880-e681-8b48-def9-2f1dd43602d1,True,KXBTC15M-26SEP270700-00,0.9330,01a0e280-3098-7e7e-958e-cbc1ce69133e,no,no,0,KXBTC15M-26SEP270700-00,07236880-e681-8b48-def9-2f1dd43602d1,1790506447,0.0670
sell,ask,40.00,2026-09-27T10:24:06.884647Z,2,0.376400,07236bf6-60b1-b4a6-167d-d9d6a450d3c5,True,KXBTC15M-26SEP270630-30,0.8400,01a0e264-b570-71cf-a251-ca766ff44b89,no,no,0,KXBTC15M-26SEP270630-30,07236bf6-60b1-b4a6-167d-d9d6a450d3c5,1790504646,0.1600
buy,bid,40.00,2026-09-27T10:09:06.993853Z,2,0.337200,07236b0d-0521-aaa0-d0f6-ea06a6fc9939,True,KXBTC15M-26SEP270615-15,0.1400,01a0e256-f9d0-75c8-93ed-bd100e2a51b8,yes,yes,0,KXBTC15M-26SEP270615-15,07236b0d-0521-aaa0-d0f6-ea06a6fc9939,1790503746,0.8600
buy,bid,40.00,2026-09-27T09:54:07.177046Z,2,0.076300,07236b6c-2ab9-a9dd-ef06-22a018434efc,True,KXBTC15M-26SEP270600-00,0.0280,01a0e249-4218-7441-9432-ee1b10c2716d,yes,yes,0,KXBTC15M-26SEP270600-00,07236b6c-2ab9-a9dd-ef06-22a018434efc,1790502847,0.9720
buy,bid,40.00,2026-09-27T09:39:05.319129Z,2,0.395100,07236ad6-9181-bede-0541-df009db41f27,True,KXBTC15M-26SEP270545-45,0.1700,01a0e23b-7ea8-70c3-aa59-6493b3743164,yes,yes,0,KXBTC15M-26SEP270545-45,07236ad6-9181-bede-0541-df009db41f27,1790501945,0.8300
sell,ask,40.00,2026-09-27T09:09:06.250944Z,2,0.078900,07236aa0-2ec1-b8bd-55ff-f0dca72db57a,True,KXBTC15M-26SEP270515-15,0.9710,01a0e220-0b50-7025-bf94-0308eb1f1c33,no,no,0,KXBTC15M-26SEP270515-15,07236aa0-2ec1-b8bd-55ff-f0dca72db57a,1790500146,0.0290
buy,bid,40.00,2026-09-27T08:54:04.622682Z,2,0.182300,07236a5b-5c79-a7f5-aad6-51daef2b9d61,True,KXBTC15M-26SEP270500-00,0.0700,01a0e212-47e0-7519-8c7e-e16a95a46e77,yes,yes,0,KXBTC15M-26SEP270500-00,07236a5b-5c79-a7f5-aad6-51daef2b9d61,1790499244,0.9300
sell,ask,40.00,2026-09-27T08:39:06.507974Z,2,0.395100,07236a16-c069-bbfa-ea09-854f47ca0bb0,True,KXBTC15M-26SEP270445-45,0.8300,01a0e204-9410-70b0-9ff2-683e8fce90a4,no,no,0,KXBTC15M-26SEP270445-45,07236a16-c069-bbfa-ea09-854f47ca0bb0,1790498346,0.1700
buy,bid,40.00,2026-09-27T08:09:05.196413Z,2,0.295700,0723664d-76a1-ae9d-3c31-ee05ba9c2637,True,KXBTC15M-26SEP270415-15,0.1200,01a0e1e9-18e8-77d9-a222-adfb6d427bfc,yes,yes,0,KXBTC15M-26SEP270415-15,0723664d-76a1-ae9d-3c31-ee05ba9c2637,1790496545,0.8800
buy,bid,40.00,2026-09-27T07:39:06.117194Z,2,0.376400,072366fb-1861-9754-d5a8-e19b80c19992,True,KXBTC15M-26SEP270345-45,0.1600,01a0e1cd-a590-7851-928f-768c43aaaa2f,yes,yes,0,KXBTC15M-26SEP270345-45,072366fb-1861-9754-d5a8-e19b80c19992,1790494746,0.8400
buy,bid,52.64,2026-09-27T07:09:18.504138Z,2,0.672200,0723677b-5a91-8dd5-a58d-318b6f66dead,True,KXBTC15M-26SEP270315-15,0.2400,01a0e1b2-5d30-7fa3-810a-da0a1e0088e6,yes,yes,0,KXBTC15M-26SEP270315-15,0723677b-5a91-8dd5-a58d-318b6f66dead,1790492958,0.7600
buy,ask,121.53,2026-09-27T06:36:23.196702Z,2,0.832900,072367c4-dbe9-9e22-ce1b-bc3ef39a640a,True,KXBTC15M-26SEP270245-45,0.8900,01a0e194-3a58-7bcf-9ae9-1c4896ca9eb6,no,no,0,KXBTC15M-26SEP270245-45,072367c4-dbe9-9e22-ce1b-bc3ef39a640a,1790490983,0.1100
buy,bid,40.00,2026-09-27T06:24:21.031765Z,2,0.619100,072367ad-ea01-9239-4915-a3ceeffc3ba9,True,KXBTC15M-26SEP270230-30,0.3300,01a0e189-3608-7a38-bd80-5b79ecb7f807,yes,yes,0,KXBTC15M-26SEP270230-30,072367ad-ea01-9239-4915-a3ceeffc3ba9,1790490261,0.6700
buy,bid,39.00,2026-09-27T06:10:21.546922Z,2,0.043000,0723648d-f7e9-8381-e47b-e03085a41fa5,True,KXBTC15M-26SEP270215-15,0.0160,01a0e17c-64c8-7f62-9cba-1bcc5bce7928,yes,yes,0,KXBTC15M-26SEP270215-15,0723648d-f7e9-8381-e47b-e03085a41fa5,1790489421,0.9840
buy,bid,1.00,2026-09-27T06:09:43.625814Z,2,0.002500,07236494-9139-bc0f-91aa-469fdced064b,True,KXBTC15M-26SEP270215-15,0.0390,01a0e17b-d058-72c9-8c8f-2e401dedadb9,yes,yes,0,KXBTC15M-26SEP270215-15,07236494-9139-bc0f-91aa-469fdced064b,1790489383,0.9610
buy,bid,0.01,2026-09-27T06:09:43.625814Z,2,0.000090,07236494-9139-b968-90be-94319d92168c,True,KXBTC15M-26SEP270215-15,0.0390,01a0e17b-d058-72c9-8c8f-2e401dedadb9,yes,yes,0,KXBTC15M-26SEP270215-15,07236494-9139-b968-90be-94319d92168c,1790489383,0.9610
buy,bid,0.01,2026-09-27T06:09:43.625814Z,2,0.000090,07236494-9139-b0c5-a515-0584117e1442,True,KXBTC15M-26SEP270215-15,0.0390,01a0e17b-d058-72c9-8c8f-2e401dedadb9,yes,yes,0,KXBTC15M-26SEP270215-15,07236494-9139-b0c5-a515-0584117e1442,1790489383,0.9610
buy,bid,55.81,2026-09-27T06:08:56.165948Z,2,0.199640,07236496-8ae1-a93c-a08e-562dcb1b61f3,True,KXBTC15M-26SEP270215-15,0.0540,01a0e17b-18c0-76b0-8bd5-6782a271b830,yes,yes,0,KXBTC15M-26SEP270215-15,07236496-8ae1-a93c-a08e-562dcb1b61f3,1790489336,0.9460
sell,ask,40.00,2026-09-27T05:54:10.463964Z,2,0.158000,072364db-dc91-b121-c79c-f423f38c68c2,True,KXBTC15M-26SEP270200-00,0.9400,01a0e16d-93d0-71f0-9ec3-455e05c6982c,no,no,0,KXBTC15M-26SEP270200-00,072364db-dc91-b121-c79c-f423f38c68c2,1790488450,0.0600
buy,bid,90.03,2026-09-27T05:36:05.373918Z,2,0.288040,07236428-eb99-b699-3f2f-bcf2b4a3ea3b,True,KXBTC15M-26SEP270145-45,0.0480,01a0e15d-0588-7327-a4f4-5a3ba24598eb,yes,yes,0,KXBTC15M-26SEP270145-45,07236428-eb99-b699-3f2f-bcf2b4a3ea3b,1790487365,0.9520
buy,bid,40.00,2026-09-27T05:24:06.517489Z,2,0.464600,07236419-ce91-a472-81db-4a096a72806e,True,KXBTC15M-26SEP270130-30,0.2100,01a0e152-0cf0-7677-8923-f36d1eb0e31a,yes,yes,0,KXBTC15M-26SEP270130-30,07236419-ce91-a472-81db-4a096a72806e,1790486646,0.7900
buy,bid,40.00,2026-09-27T05:09:04.866703Z,2,0.060300,07236455-67b1-b880-cb00-813cb7e0dd9c,True,KXBTC15M-26SEP270115-15,0.0220,01a0e144-4980-731e-92c7-10bbf73918c4,yes,yes,0,KXBTC15M-26SEP270115-15,07236455-67b1-b880-cb00-813cb7e0dd9c,1790485744,0.9780
buy,bid,40.00,2026-09-27T04:54:06.218546Z,2,0.413300,072365ec-db21-b93b-9adf-cbae714936e6,True,KXBTC15M-26SEP270100-00,0.1800,01a0e136-95b0-7398-8e92-51d17d296419,yes,yes,0,KXBTC15M-26SEP270100-00,072365ec-db21-b93b-9adf-cbae714936e6,1790484846,0.8200
sell,ask,40.00,2026-09-27T04:39:07.147562Z,2,0.063000,0723658b-adf1-9f21-02e8-133e53eb8ff7,True,KXBTC15M-26SEP270045-45,0.9770,01a0e128-ddf8-7b84-a212-a9210a61a6a5,no,no,0,KXBTC15M-26SEP270045-45,0723658b-adf1-9f21-02e8-133e53eb8ff7,1790483947,0.0230
sell,ask,40.00,2026-09-27T04:24:06.047431Z,2,0.357000,07236577-6f61-ae4f-fca4-520d2f6dc771,True,KXBTC15M-26SEP270030-30,0.8500,01a0e11b-1e70-7425-96ae-bba82d342432,no,no,0,KXBTC15M-26SEP270030-30,07236577-6f61-ae4f-fca4-520d2f6dc771,1790483046,0.1500
sell,ask,0.01,2026-09-27T03:24:08.33818Z,2,0.000020,07236374-ecd9-9ead-d0f2-0c0e26c9f57e,True,KXBTC15M-26SEP262330-30,0.9680,01a0e0e4-37c0-7a52-9437-1e6a1dd97eaa,no,no,0,KXBTC15M-26SEP262330-30,07236374-ecd9-9ead-d0f2-0c0e26c9f57e,1790479448,0.0320
sell,ask,8.66,2026-09-27T03:24:08.33818Z,2,0.018820,07236374-ecd9-9d56-fa29-3f660331de18,True,KXBTC15M-26SEP262330-30,0.9680,01a0e0e4-37c0-7a52-9437-1e6a1dd97eaa,no,no,0,KXBTC15M-26SEP262330-30,07236374-ecd9-9d56-fa29-3f660331de18,1790479448,0.0320
sell,ask,1.34,2026-09-27T03:24:08.33818Z,2,0.002880,07236374-ecd9-9d3d-caa3-5e263833696b,True,KXBTC15M-26SEP262330-30,0.9680,01a0e0e4-37c0-7a52-9437-1e6a1dd97eaa,no,no,0,KXBTC15M-26SEP262330-30,07236374-ecd9-9d3d-caa3-5e263833696b,1790479448,0.0320
sell,ask,0.01,2026-09-27T03:24:08.33818Z,2,0.000020,07236374-ecd9-97a8-e57f-dc8fe862e26a,True,KXBTC15M-26SEP262330-30,0.9680,01a0e0e4-37c0-7a52-9437-1e6a1dd97eaa,no,no,0,KXBTC15M-26SEP262330-30,07236374-ecd9-97a8-e57f-dc8fe862e26a,1790479448,0.0320
sell,ask,29.98,2026-09-27T03:24:08.33818Z,2,0.065060,07236374-e8c1-977d-dfa5-939dc881716f,True,KXBTC15M-26SEP262330-30,0.9680,01a0e0e4-37c0-7a52-9437-1e6a1dd97eaa,no,no,0,KXBTC15M-26SEP262330-30,07236374-e8c1-977d-dfa5-939dc881716f,1790479448,0.0320
buy,bid,40.00,2026-09-27T03:09:05.381067Z,2,0.165300,0723638f-a169-bc55-f777-76d5c6acb733,True,KXBTC15M-26SEP262315-15,0.0630,01a0e0d6-7068-7179-93b6-aceaf6847c3f,yes,yes,0,KXBTC15M-26SEP262315-15,0723638f-a169-bc55-f777-76d5c6acb733,1790478545,0.9370
sell,ask,40.00,2026-09-27T02:54:03.068217Z,2,0.395100,072363ea-12a1-9616-addd-5dfea06f9c74,True,KXBTC15M-26SEP262300-00,0.8300,01a0e0c8-acf8-7867-8d1a-7dc8b97fefe8,no,no,0,KXBTC15M-26SEP262300-00,072363ea-12a1-9616-addd-5dfea06f9c74,1790477643,0.1700
sell,ask,40.00,2026-09-27T02:39:05.15374Z,2,0.431000,07236251-11e1-981c-4d20-3708258957b3,True,KXBTC15M-26SEP262245-45,0.8100,01a0e0ba-f928-7829-b4f4-71cd27ad258b,no,no,0,KXBTC15M-26SEP262245-45,07236251-11e1-981c-4d20-3708258957b3,1790476745,0.1900
buy,bid,40.00,2026-09-27T02:24:05.920385Z,2,0.413300,07236219-c399-8a05-5844-a79436e14dd5,True,KXBTC15M-26SEP262230-30,0.1800,01a0e0ad-3d88-7e37-b320-2afe8637a162,yes,yes,0,KXBTC15M-26SEP262230-30,07236219-c399-8a05-5844-a79436e14dd5,1790475845,0.8200
buy,bid,38.00,2026-09-27T01:54:07.009659Z,2,0.099700,072362d6-f251-8bc6-50cb-04008be1b1bb,True,KXBTC15M-26SEP262200-00,0.0390,01a0e091-ce18-7fb5-ba77-d28c6d9233a8,yes,yes,0,KXBTC15M-26SEP262200-00,072362d6-f251-8bc6-50cb-04008be1b1bb,1790474047,0.9610
buy,bid,12.00,2026-09-27T01:41:07.975498Z,2,0.107100,07236292-7bd9-bfa7-502b-541791480c59,True,KXBTC15M-26SEP262145-45,0.1500,01a0e085-e738-706f-b176-eaff83eedd29,yes,yes,0,KXBTC15M-26SEP262145-45,07236292-7bd9-bfa7-502b-541791480c59,1790473267,0.8500
buy,bid,0.10,2026-09-27T01:41:07.975498Z,2,0.000900,07236292-7bd9-bde0-653f-6eb3d955a08f,True,KXBTC15M-26SEP262145-45,0.1500,01a0e085-e738-706f-b176-eaff83eedd29,yes,yes,0,KXBTC15M-26SEP262145-45,07236292-7bd9-bde0-653f-6eb3d955a08f,1790473267,0.8500
buy,bid,10.00,2026-09-27T01:41:07.975498Z,2,0.089300,07236292-7bd9-bd19-5d97-058c60b7386c,True,KXBTC15M-26SEP262145-45,0.1500,01a0e085-e738-706f-b176-eaff83eedd29,yes,yes,0,KXBTC15M-26SEP262145-45,07236292-7bd9-bd19-5d97-058c60b7386c,1790473267,0.8500
buy,bid,0.01,2026-09-27T01:41:07.975498Z,2,0.000100,07236292-7bd9-b847-4c94-4d8c17c2d0fc,True,KXBTC15M-26SEP262145-45,0.1500,01a0e085-e738-706f-b176-eaff83eedd29,yes,yes,0,KXBTC15M-26SEP262145-45,07236292-7bd9-b847-4c94-4d8c17c2d0fc,1790473267,0.8500
buy,bid,1.00,2026-09-27T01:41:07.975498Z,2,0.008900,07236292-7bd9-b060-454f-418e59b3d554,True,KXBTC15M-26SEP262145-45,0.1500,01a0e085-e738-706f-b176-eaff83eedd29,yes,yes,0,KXBTC15M-26SEP262145-45,07236292-7bd9-b060-454f-418e59b3d554,1790473267,0.8500
buy,bid,15.67,2026-09-27T01:41:07.975498Z,2,0.132100,07236268-a881-bb09-7862-db872641ed49,True,KXBTC15M-26SEP262145-45,0.1400,01a0e085-e738-706f-b176-eaff83eedd29,yes,yes,0,KXBTC15M-26SEP262145-45,07236268-a881-bb09-7862-db872641ed49,1790473267,0.8600
buy,bid,40.00,2026-09-27T01:40:20.762897Z,2,0.538800,07236291-9121-bd09-88b6-0d856632222e,True,KXBTC15M-26SEP262145-45,0.2600,01a0e085-2fa0-720d-8daf-03a9fa548100,yes,yes,0,KXBTC15M-26SEP262145-45,07236291-9121-bd09-88b6-0d856632222e,1790473220,0.7400
sell,ask,28.92,2026-09-27T01:39:04.611903Z,2,0.369300,07236293-d729-a8b0-2e20-828be509a006,True,KXBTC15M-26SEP262145-45,0.7600,01a0e084-06c0-7609-af57-72f2ace93b15,no,no,0,KXBTC15M-26SEP262145-45,07236293-d729-a8b0-2e20-828be509a006,1790473144,0.2400
sell,ask,11.08,2026-09-27T01:39:04.611903Z,2,0.141500,07236293-cb11-a5bb-16d8-be8dd5ea60b7,True,KXBTC15M-26SEP262145-45,0.7600,01a0e084-06c0-7609-af57-72f2ace93b15,no,no,0,KXBTC15M-26SEP262145-45,07236293-cb11-a5bb-16d8-be8dd5ea60b7,1790473144,0.2400
buy,ask,44.46,2026-09-27T00:53:51.709616Z,2,0.275080,07236130-2579-996f-e69f-a7198f613074,True,KXBTC15M-26SEP262100-00,0.9020,01a0e05a-a118-796f-9779-6800947a2204,no,no,0,KXBTC15M-26SEP262100-00,07236130-2579-996f-e69f-a7198f613074,1790470431,0.0980
buy,ask,10.53,2026-09-27T00:53:51.709616Z,2,0.065240,07236130-2579-97c2-f359-1e5ba295fd8c,True,KXBTC15M-26SEP262100-00,0.9020,01a0e05a-a118-796f-9779-6800947a2204,no,no,0,KXBTC15M-26SEP262100-00,07236130-2579-97c2-f359-1e5ba295fd8c,1790470431,0.0980
sell,ask,49.60,2026-09-27T00:42:14.463775Z,2,0.010400,07236170-07b1-8e82-9410-ae6858f04c83,True,KXBTC15M-26SEP262045-45,0.0030,01a0e04f-fe70-7eea-8d52-0be27d21f655,no,no,0,KXBTC15M-26SEP262045-45,07236170-07b1-8e82-9410-ae6858f04c83,1790469734,0.9970
buy,bid,49.60,2026-09-27T00:32:00.35748Z,2,0.767700,0723615c-1c19-aa5c-df82-aaf182583faf,True,KXBTC15M-26SEP262045-45,0.3300,01a0e046-a000-7713-9783-cf890ede5658,yes,yes,0,KXBTC15M-26SEP262045-45,0723615c-1c19-aa5c-df82-aaf182583faf,1790469120,0.6700
sell,ask,0.01,2026-09-27T00:24:09.902193Z,2,0.000000,072360c2-b089-9e9d-f23d-694d41ed9d10,True,KXBTC15M-26SEP262030-30,0.9400,01a0e03f-7028-791f-915b-076ded2447ed,no,no,0,KXBTC15M-26SEP262030-30,072360c2-b089-9e9d-f23d-694d41ed9d10,1790468649,0.0600
sell,ask,0.01,2026-09-27T00:24:09.902193Z,2,0.000100,072360c2-b089-9d13-eebe-89467e0fa1e1,True,KXBTC15M-26SEP262030-30,0.9400,01a0e03f-7028-791f-915b-076ded2447ed,no,no,0,KXBTC15M-26SEP262030-30,072360c2-b089-9d13-eebe-89467e0fa1e1,1790468649,0.0600
sell,ask,31.98,2026-09-27T00:24:09.902193Z,2,0.126300,072360c2-b089-980f-cf99-bd0658a6267a,True,KXBTC15M-26SEP262030-30,0.9400,01a0e03f-7028-791f-915b-076ded2447ed,no,no,0,KXBTC15M-26SEP262030-30,072360c2-b089-980f-cf99-bd0658a6267a,1790468649,0.0600
buy,ask,32.48,2026-09-27T00:08:31.931407Z,2,0.106020,072360f5-a079-af6d-12aa-fda14e93139d,True,KXBTC15M-26SEP262015-15,0.9510,01a0e031-2018-77d9-ac19-3fd7c997fd1c,no,no,0,KXBTC15M-26SEP262015-15,072360f5-a079-af6d-12aa-fda14e93139d,1790467711,0.0490
buy,bid,10.00,2026-09-26T23:54:06.393376Z,2,0.053900,072360ac-5d89-9a70-7b85-56339222bb03,True,KXBTC15M-26SEP262000-00,0.0840,01a0e023-ed30-7b95-b614-3860dafc1431,yes,yes,0,KXBTC15M-26SEP262000-00,072360ac-5d89-9a70-7b85-56339222bb03,1790466846,0.9160
sell,ask,11.37,2026-09-26T23:29:34.285747Z,2,0.101500,07236038-af89-be1a-a5a7-3f18ce6517fc,True,KXBTC15M-26SEP261930-30,0.1500,01a0e00d-7730-71d5-894e-3a4aadc73740,no,no,0,KXBTC15M-26SEP261930-30,07236038-af89-be1a-a5a7-3f18ce6517fc,1790465374,0.8500
buy,bid,11.37,2026-09-26T23:29:19.220873Z,2,0.197000,07236039-cef9-9283-6110-243411ad9815,True,KXBTC15M-26SEP261930-30,0.5500,01a0e00d-3c98-78ea-baad-ad62324065c4,yes,yes,0,KXBTC15M-26SEP261930-30,07236039-cef9-9283-6110-243411ad9815,1790465359,0.4500
sell,ask,34.52,2026-09-26T23:29:01.421323Z,2,0.000000,0723603f-2f69-98dd-abaf-2092c76e623d,False,KXBTC15M-26SEP261930-30,0.8200,01a0e00c-f648-7097-9750-b17ad7675b91,no,no,0,KXBTC15M-26SEP261930-30,0723603f-2f69-98dd-abaf-2092c76e623d,1790465341,0.1800
buy,bid,34.52,2026-09-26T23:22:07.459859Z,2,0.341000,0723601c-05f1-9328-1bfd-451e383ac566,True,KXBTC15M-26SEP261930-30,0.1700,01a0e006-a518-79fb-a763-5c3dde16722a,yes,yes,0,KXBTC15M-26SEP261930-30,0723601c-05f1-9328-1bfd-451e383ac566,1790464927,0.8300
buy,bid,26.00,2026-09-26T23:09:04.858662Z,2,0.205900,0723a010-7881-bc76-98ef-45cffd19a50f,True,KXBTC15M-26SEP261915-15,0.1300,01a0dffa-b280-72a8-8d4b-2fc5a6f13afb,yes,yes,0,KXBTC15M-26SEP261915-15,0723a010-7881-bc76-98ef-45cffd19a50f,1790464144,0.8700
buy,ask,25.18,2026-09-26T22:58:12.232382Z,2,0.224800,0723a032-4d69-ac0c-a47f-922d489b61f8,True,KXBTC15M-26SEP261900-00,0.8500,01a0dff0-bfa0-77e9-8bc9-c54b33394726,no,no,0,KXBTC15M-26SEP261900-00,0723a032-4d69-ac0c-a47f-922d489b61f8,1790463492,0.1500
sell,ask,40.00,2026-09-26T22:57:28.637394Z,2,0.564500,0723a030-5cc1-af73-ab24-e4d1e2497be6,True,KXBTC15M-26SEP261900-00,0.7200,01a0dff0-13c0-7555-879b-278649329d45,no,no,0,KXBTC15M-26SEP261900-00,0723a030-5cc1-af73-ab24-e4d1e2497be6,1790463448,0.2800
buy,bid,40.00,2026-09-26T22:54:06.819999Z,2,0.431000,0723a05f-11e9-9493-ee21-3192a8876ea0,True,KXBTC15M-26SEP261900-00,0.1900,01a0dfec-feb0-7b5d-9b0c-ad76666b3c82,yes,yes,0,KXBTC15M-26SEP261900-00,0723a05f-11e9-9493-ee21-3192a8876ea0,1790463246,0.8100
buy,ask,44.19,2026-09-26T22:33:44.044567Z,2,0.530900,0723a0b3-2ca1-8dfb-eeb7-3292165d79d4,True,KXBTC15M-26SEP261845-45,0.7800,01a0dfda-5940-7e67-9fe7-8d09fd05a6bf,no,no,0,KXBTC15M-26SEP261845-45,0723a0b3-2ca1-8dfb-eeb7-3292165d79d4,1790462024,0.2200
buy,bid,39.00,2026-09-26T22:28:11.791056Z,2,0.621100,0723a080-5599-9e6c-b9d5-35d861ad4c90,True,KXBTC15M-26SEP261830-30,0.3500,01a0dfd5-4478-7a06-828e-8455086c8ade,yes,yes,0,KXBTC15M-26SEP261830-30,0723a080-5599-9e6c-b9d5-35d861ad4c90,1790461691,0.6500
sell,ask,39.00,2026-09-26T22:24:04.96636Z,2,0.288300,0723a094-8539-befe-70b6-a3be4b810690,True,KXBTC15M-26SEP261830-30,0.8800,01a0dfd1-7fa0-718b-b964-9fb5e612de5d,no,no,0,KXBTC15M-26SEP261830-30,0723a094-8539-befe-70b6-a3be4b810690,1790461444,0.1200
buy,bid,30.64,2026-09-26T22:09:05.658098Z,2,0.042100,0723a0cc-dba1-88e0-59ec-72ab9bcad975,True,KXBTC15M-26SEP261815-15,0.0200,01a0dfc3-c7e8-7ea3-b10d-0e1ee292d7f1,yes,yes,0,KXBTC15M-26SEP261815-15,0723a0cc-dba1-88e0-59ec-72ab9bcad975,1790460545,0.9800
buy,bid,4.36,2026-09-26T22:09:05.658098Z,2,0.006000,0723a0cc-dba1-801b-5365-abd951b10c4c,True,KXBTC15M-26SEP261815-15,0.0200,01a0dfc3-c7e8-7ea3-b10d-0e1ee292d7f1,yes,yes,0,KXBTC15M-26SEP261815-15,0723a0cc-dba1-801b-5365-abd951b10c4c,1790460545,0.9800
sell,ask,40.00,2026-09-26T21:41:42.985302Z,2,0.564500,0723a100-6231-9fdb-6887-06370c0c6a0a,True,KXBTC15M-26SEP261745-45,0.7200,01a0dfaa-b5f0-786d-b753-23ef1bc8b879,no,no,0,KXBTC15M-26SEP261745-45,0723a100-6231-9fdb-6887-06370c0c6a0a,1790458902,0.2800
buy,bid,40.00,2026-09-26T21:39:07.033036Z,2,0.464600,0723a109-3571-9ca5-5f32-a00b39df45de,True,KXBTC15M-26SEP261745-45,0.2100,01a0dfa8-5878-789f-b806-5071e845c8c7,yes,yes,0,KXBTC15M-26SEP261745-45,0723a109-3571-9ca5-5f32-a00b39df45de,1790458747,0.7900
buy,bid,40.00,2026-09-26T21:09:06.314948Z,2,0.172700,0723a1bf-ac29-9bfb-bebe-bcb95ca33f41,True,KXBTC15M-26SEP261715-15,0.0660,01a0df8c-dd50-798f-81db-bc984ea3aeed,yes,yes,0,KXBTC15M-26SEP261715-15,0723a1bf-ac29-9bfb-bebe-bcb95ca33f41,1790456946,0.9340
buy,bid,0.01,2026-09-26T20:54:06.777632Z,2,0.000070,0723a283-a771-9d24-f488-01eef899d7a1,True,KXBTC15M-26SEP261700-00,0.0270,01a0df7f-21b0-7815-98f1-852180994c59,yes,yes,0,KXBTC15M-26SEP261700-00,0723a283-a771-9d24-f488-01eef899d7a1,1790456046,0.9730
buy,bid,0.01,2026-09-26T20:54:06.777632Z,2,0.000070,0723a283-a771-9ae1-eeda-316f2f40e3fe,True,KXBTC15M-26SEP261700-00,0.0270,01a0df7f-21b0-7815-98f1-852180994c59,yes,yes,0,KXBTC15M-26SEP261700-00,0723a283-a771-9ae1-eeda-316f2f40e3fe,1790456046,0.9730
buy,bid,0.01,2026-09-26T20:54:06.777632Z,2,0.000070,0723a283-a771-91bf-caf8-d9588c1cfd4b,True,KXBTC15M-26SEP261700-00,0.0270,01a0df7f-21b0-7815-98f1-852180994c59,yes,yes,0,KXBTC15M-26SEP261700-00,0723a283-a771-91bf-caf8-d9588c1cfd4b,1790456046,0.9730
buy,bid,9.00,2026-09-26T20:54:06.777632Z,2,0.016400,0723a283-9b09-9df9-eb64-fed66d40eb8a,True,KXBTC15M-26SEP261700-00,0.0270,01a0df7f-21b0-7815-98f1-852180994c59,yes,yes,0,KXBTC15M-26SEP261700-00,0723a283-9b09-9df9-eb64-fed66d40eb8a,1790456046,0.9730
buy,bid,30.97,2026-09-26T20:54:06.777632Z,2,0.054920,0723a283-9b09-96f2-d631-c1355da2e44e,True,KXBTC15M-26SEP261700-00,0.0260,01a0df7f-21b0-7815-98f1-852180994c59,yes,yes,0,KXBTC15M-26SEP261700-00,0723a283-9b09-96f2-d631-c1355da2e44e,1790456046,0.9740
buy,bid,40.00,2026-09-26T20:24:07.933928Z,2,0.210800,0723a2ed-23b1-ae29-b6af-c4468306c234,True,KXBTC15M-26SEP261630-30,0.0820,01a0df63-ae58-76b6-869b-e15f3d2f4ca5,yes,yes,0,KXBTC15M-26SEP261630-30,0723a2ed-23b1-ae29-b6af-c4468306c234,1790454247,0.9180
sell,ask,40.00,2026-09-26T20:09:25.159347Z,2,0.576600,0723a20e-dd29-9076-c448-2cf4d38bf00d,True,KXBTC15M-26SEP261615-15,0.7100,01a0df56-3908-7b49-9eae-34461c45afc5,no,no,0,KXBTC15M-26SEP261615-15,0723a20e-dd29-9076-c448-2cf4d38bf00d,1790453365,0.2900
buy,bid,40.00,2026-09-26T20:09:04.602857Z,2,0.316700,0723a202-7b01-ad4c-5ba7-697e6487ef37,True,KXBTC15M-26SEP261615-15,0.1300,01a0df55-e700-75c9-b806-159dcee0cf0a,yes,yes,0,KXBTC15M-26SEP261615-15,0723a202-7b01-ad4c-5ba7-697e6487ef37,1790453344,0.8700
sell,ask,40.00,2026-09-26T19:39:07.110214Z,2,0.084200,0723a3d3-9e49-b021-3e81-8e6a0242dd52,True,KXBTC15M-26SEP261545-45,0.9690,01a0df3a-7b78-72d7-a8ea-f0edef1c0269,no,no,0,KXBTC15M-26SEP261545-45,0723a3d3-9e49-b021-3e81-8e6a0242dd52,1790451547,0.0310
buy,bid,40.00,2026-09-26T19:09:11.295383Z,2,0.413300,0723a363-4369-947c-4789-46927c5ab62b,True,KXBTC15M-26SEP261515-15,0.1800,01a0df1f-13d8-7b97-b508-1e8109278c9d,yes,yes,0,KXBTC15M-26SEP261515-15,0723a363-4369-947c-4789-46927c5ab62b,1790449751,0.8200
sell,ask,40.00,2026-09-26T18:09:05.843181Z,2,0.413300,0723a548-3a49-bcd3-8eb8-6a6be05e9d66,True,KXBTC15M-26SEP261415-15,0.8200,01a0dee8-0de8-719b-85ea-ac99f7b6c09a,no,no,0,KXBTC15M-26SEP261415-15,0723a548-3a49-bcd3-8eb8-6a6be05e9d66,1790446145,0.1800
sell,ask,40.00,2026-09-26T16:54:06.041628Z,2,0.274200,0723a42c-0819-a633-5d9d-1b09f4c566d3,True,KXBTC15M-26SEP261300-00,0.8900,01a0dea3-67b0-769c-b504-fa0011420e12,no,no,0,KXBTC15M-26SEP261300-00,0723a42c-0819-a633-5d9d-1b09f4c566d3,1790441646,0.1100
buy,bid,30.00,2026-09-26T16:39:05.074646Z,2,0.136700,0723a4c3-0889-88b5-fcf1-ac7a45e1add0,True,KXBTC15M-26SEP261245-45,0.0700,01a0de95-a828-7ec5-97f2-54b7e934c9b5,yes,yes,0,KXBTC15M-26SEP261245-45,0723a4c3-0889-88b5-fcf1-ac7a45e1add0,1790440745,0.9300
buy,bid,10.00,2026-09-26T16:39:05.074646Z,2,0.045600,0723a4c3-04e1-86cf-cadb-846f2fe2f4d7,True,KXBTC15M-26SEP261245-45,0.0700,01a0de95-a828-7ec5-97f2-54b7e934c9b5,yes,yes,0,KXBTC15M-26SEP261245-45,0723a4c3-04e1-86cf-cadb-846f2fe2f4d7,1790440745,0.9300
buy,bid,0.01,2026-09-26T15:39:05.828677Z,2,0.000030,0723a724-5f09-bf72-52b2-aa6f621bd941,True,KXBTC15M-26SEP261145-45,0.0830,01a0de5e-b9a8-72de-b050-9e943946ff13,yes,yes,0,KXBTC15M-26SEP261145-45,0723a724-5f09-bf72-52b2-aa6f621bd941,1790437145,0.9170
buy,bid,0.01,2026-09-26T15:39:05.828677Z,2,0.000130,0723a724-5f09-bbd0-7a30-6e2bd4977c01,True,KXBTC15M-26SEP261145-45,0.0830,01a0de5e-b9a8-72de-b050-9e943946ff13,yes,yes,0,KXBTC15M-26SEP261145-45,0723a724-5f09-bbd0-7a30-6e2bd4977c01,1790437145,0.9170
buy,bid,3.73,2026-09-26T15:39:05.828677Z,2,0.019890,0723a724-5f09-b87a-70fa-f39a41cfe6cc,True,KXBTC15M-26SEP261145-45,0.0830,01a0de5e-b9a8-72de-b050-9e943946ff13,yes,yes,0,KXBTC15M-26SEP261145-45,0723a724-5f09-b87a-70fa-f39a41cfe6cc,1790437145,0.9170
buy,bid,0.01,2026-09-26T15:39:05.828677Z,2,0.000030,0723a724-5f09-b80f-6814-c0008e0416e0,True,KXBTC15M-26SEP261145-45,0.0830,01a0de5e-b9a8-72de-b050-9e943946ff13,yes,yes,0,KXBTC15M-26SEP261145-45,0723a724-5f09-b80f-6814-c0008e0416e0,1790437145,0.9170
buy,bid,0.01,2026-09-26T15:39:05.828677Z,2,0.000030,0723a724-5f09-b075-51b3-9a2113f5653f,True,KXBTC15M-26SEP261145-45,0.0830,01a0de5e-b9a8-72de-b050-9e943946ff13,yes,yes,0,KXBTC15M-26SEP261145-45,0723a724-5f09-b075-51b3-9a2113f5653f,1790437145,0.9170
buy,bid,36.23,2026-09-26T15:39:05.828677Z,2,0.190960,0723a724-5361-bb40-7a98-74282d1ba22e,True,KXBTC15M-26SEP261145-45,0.0820,01a0de5e-b9a8-72de-b050-9e943946ff13,yes,yes,0,KXBTC15M-26SEP261145-45,0723a724-5361-bb40-7a98-74282d1ba22e,1790437145,0.9180
buy,bid,40.00,2026-09-26T14:54:07.260113Z,2,0.274200,0723a6e3-4499-a850-895e-9769d11d4a17,True,KXBTC15M-26SEP261100-00,0.1100,01a0de35-8e98-7587-8d9d-51d550d23251,yes,yes,0,KXBTC15M-26SEP261100-00,0723a6e3-4499-a850-895e-9769d11d4a17,1790434447,0.8900
buy,bid,8.00,2026-09-26T14:39:05.741977Z,2,0.045900,0723a6b8-e789-afaa-4153-64777302da14,True,KXBTC15M-26SEP261045-45,0.0900,01a0de27-cb28-7638-bf84-7ae4ccf3d3d1,yes,yes,0,KXBTC15M-26SEP261045-45,0723a6b8-e789-afaa-4153-64777302da14,1790433545,0.9100
buy,bid,0.01,2026-09-26T14:39:05.741977Z,2,0.000100,0723a6b8-e789-a2a3-625d-9d650b51d0df,True,KXBTC15M-26SEP261045-45,0.0900,01a0de27-cb28-7638-bf84-7ae4ccf3d3d1,yes,yes,0,KXBTC15M-26SEP261045-45,0723a6b8-e789-a2a3-625d-9d650b51d0df,1790433545,0.9100
buy,bid,31.99,2026-09-26T14:39:05.741977Z,2,0.183400,0723a6b8-e789-a1e0-66b4-2ebb66519798,True,KXBTC15M-26SEP261045-45,0.0900,01a0de27-cb28-7638-bf84-7ae4ccf3d3d1,yes,yes,0,KXBTC15M-26SEP261045-45,0723a6b8-e789-a1e0-66b4-2ebb66519798,1790433545,0.9100
buy,bid,40.00,2026-09-26T14:24:06.959708Z,2,0.495900,0723a671-b229-a6e4-efdd-6aa9fda678cf,True,KXBTC15M-26SEP261030-30,0.2300,01a0de1a-1370-7761-9a4a-afec2520a7a1,yes,yes,0,KXBTC15M-26SEP261030-30,0723a671-b229-a6e4-efdd-6aa9fda678cf,1790432646,0.7700
sell,ask,34.56,2026-09-26T13:59:00.50858Z,2,0.000020,0723a60f-7639-afc6-9cb3-10e77c9c4ddf,False,KXBTC15M-26SEP261000-00,0.0030,01a0de03-14b8-7138-9fb4-50b0945b5cbb,no,no,0,KXBTC15M-26SEP261000-00,0723a60f-7639-afc6-9cb3-10e77c9c4ddf,1790431140,0.9970
buy,bid,34.56,2026-09-26T13:55:04.07007Z,2,0.236900,0723aa02-81d9-8073-4de8-5c280e284afc,True,KXBTC15M-26SEP261000-00,0.1100,01a0ddff-7ec0-7e12-b2ff-790b7c88d414,yes,yes,0,KXBTC15M-26SEP261000-00,0723aa02-81d9-8073-4de8-5c280e284afc,1790430904,0.8900
buy,bid,10.00,2026-09-26T11:39:05.076813Z,2,0.047400,0723ab89-0d51-8b42-964a-aedd10b17d62,True,KXBTC15M-26SEP260745-45,0.0730,01a0dd82-ffa8-7ce7-8ea2-e132d10a627b,yes,yes,0,KXBTC15M-26SEP260745-45,0723ab89-0d51-8b42-964a-aedd10b17d62,1790422745,0.9270
buy,bid,9.00,2026-09-26T10:24:05.46966Z,2,0.061700,0723a9c7-1ff1-9888-5f0a-20ab6f188101,True,KXBTC15M-26SEP260630-30,0.1100,01a0dd3e-5588-79dd-b8d4-d797f84329f6,yes,yes,0,KXBTC15M-26SEP260630-30,0723a9c7-1ff1-9888-5f0a-20ab6f188101,1790418245,0.8900
buy,bid,8.00,2026-09-26T10:09:06.040449Z,2,0.013700,0723a9f2-eea9-9cdc-c017-ff55ba86b5d1,True,KXBTC15M-26SEP260615-15,0.0250,01a0dd30-9dd0-7930-9ea2-e9bbd729fa0f,yes,yes,0,KXBTC15M-26SEP260615-15,0723a9f2-eea9-9cdc-c017-ff55ba86b5d1,1790417346,0.9750
sell,ask,8.00,2026-09-26T08:54:06.202356Z,2,0.031600,0723af44-b871-a8f6-23ee-444f14dbcad9,True,KXBTC15M-26SEP260500-00,0.9400,01a0dceb-f3b0-76bf-a76e-8392b6cf7c29,no,no,0,KXBTC15M-26SEP260500-00,0723af44-b871-a8f6-23ee-444f14dbcad9,1790412846,0.0600
buy,bid,8.00,2026-09-26T08:39:06.933848Z,2,0.008900,0723afa6-d469-9582-2740-a20fc0b38d57,True,KXBTC15M-26SEP260445-45,0.0160,01a0dcde-3810-7aa1-a168-ab81deabdf28,yes,yes,0,KXBTC15M-26SEP260445-45,0723afa6-d469-9582-2740-a20fc0b38d57,1790411946,0.9840
buy,bid,28.00,2026-09-26T08:26:52.198206Z,2,0.377200,0723af9e-eaa9-8a84-9c88-92927fc61389,True,KXBTC15M-26SEP260430-30,0.2600,01a0dcd3-04e0-7cfc-89f7-b024444c059d,yes,yes,0,KXBTC15M-26SEP260430-30,0723af9e-eaa9-8a84-9c88-92927fc61389,1790411212,0.7400
sell,ask,28.00,2026-09-26T08:24:07.109328Z,2,0.347200,0723af92-75c1-9f6f-c5c8-8d170e176682,True,KXBTC15M-26SEP260430-30,0.7700,01a0dcd0-8058-78c8-92d9-7d57ed227d6b,no,no,0,KXBTC15M-26SEP260430-30,0723af92-75c1-9f6f-c5c8-8d170e176682,1790411047,0.2300
sell,ask,21.00,2026-09-26T08:09:06.42871Z,2,0.197600,0723afc9-ba41-b20a-bfaf-cb1ec7858561,True,KXBTC15M-26SEP260415-15,0.8400,01a0dcc2-c0d0-7186-8829-468e67d51b62,no,no,0,KXBTC15M-26SEP260415-15,0723afc9-ba41-b20a-bfaf-cb1ec7858561,1790410146,0.1600
buy,bid,6.46,2026-09-26T07:09:09.022317Z,2,0.020320,0723aea4-ae19-9fbe-44a1-347958f90317,True,KXBTC15M-26SEP260315-15,0.0470,01a0dc8b-de08-7bbe-b892-512aae03670c,yes,yes,0,KXBTC15M-26SEP260315-15,0723aea4-ae19-9fbe-44a1-347958f90317,1790406549,0.9530
buy,bid,8.00,2026-09-26T07:09:09.022317Z,2,0.025100,0723aea4-aa71-9569-41d5-c37ef2bc1077,True,KXBTC15M-26SEP260315-15,0.0470,01a0dc8b-de08-7bbe-b892-512aae03670c,yes,yes,0,KXBTC15M-26SEP260315-15,0723aea4-aa71-9569-41d5-c37ef2bc1077,1790406549,0.9530
buy,bid,0.01,2026-09-26T07:09:09.022317Z,2,0.000000,0723aea4-a201-9d45-65d0-078e7207d4c9,True,KXBTC15M-26SEP260315-15,0.0500,01a0dc8b-de08-7bbe-b892-512aae03670c,yes,yes,0,KXBTC15M-26SEP260315-15,0723aea4-a201-9d45-65d0-078e7207d4c9,1790406549,0.9500
buy,bid,4.52,2026-09-26T07:09:09.022317Z,2,0.015100,0723aea4-a201-96ba-67c0-67ccb9f6401b,True,KXBTC15M-26SEP260315-15,0.0500,01a0dc8b-de08-7bbe-b892-512aae03670c,yes,yes,0,KXBTC15M-26SEP260315-15,0723aea4-a201-96ba-67c0-67ccb9f6401b,1790406549,0.9500
buy,bid,0.01,2026-09-26T07:09:09.022317Z,2,0.000000,0723aea4-a201-9450-5b50-905b31b37ecc,True,KXBTC15M-26SEP260315-15,0.0500,01a0dc8b-de08-7bbe-b892-512aae03670c,yes,yes,0,KXBTC15M-26SEP260315-15,0723aea4-a201-9450-5b50-905b31b37ecc,1790406549,0.9500
sell,ask,18.00,2026-09-26T05:54:05.292245Z,2,0.151800,0723ad5b-8d59-8112-bc2c-3ab470a245e2,True,KXBTC15M-26SEP260200-00,0.8600,01a0dc47-2448-7f21-8aa7-9621bdd7c6b2,no,no,0,KXBTC15M-26SEP260200-00,0723ad5b-8d59-8112-bc2c-3ab470a245e2,1790402045,0.1400
sell,ask,40.00,2026-09-26T05:27:17.357625Z,2,0.599000,0723ac94-f729-8a36-6443-e6d49861a647,True,KXBTC15M-26SEP260130-30,0.6900,01a0dc2e-9b08-7c96-be89-409fd6ab3da5,no,no,0,KXBTC15M-26SEP260130-30,0723ac94-f729-8a36-6443-e6d49861a647,1790400437,0.3100
buy,bid,40.00,2026-09-26T05:24:06.651117Z,2,0.357000,0723ac85-6ec9-bbc0-67fc-df8f7f7288d4,True,KXBTC15M-26SEP260130-30,0.1500,01a0dc2b-b0f0-712e-b3ba-eb38412bf694,yes,yes,0,KXBTC15M-26SEP260130-30,0723ac85-6ec9-bbc0-67fc-df8f7f7288d4,1790400246,0.8500
sell,ask,0.01,2026-09-26T05:12:28.24365Z,2,0.000200,0723aca5-23e1-bf34-53d6-62ae84ad997e,True,KXBTC15M-26SEP260115-15,0.7400,01a0dc21-0a60-7282-b4b4-66e478bf5b8c,no,no,0,KXBTC15M-26SEP260115-15,0723aca5-23e1-bf34-53d6-62ae84ad997e,1790399548,0.2600
sell,ask,10.00,2026-09-26T05:12:28.24365Z,2,0.134700,0723aca5-23e1-bcca-78c0-be8d9409cbf6,True,KXBTC15M-26SEP260115-15,0.7400,01a0dc21-0a60-7282-b4b4-66e478bf5b8c,no,no,0,KXBTC15M-26SEP260115-15,0723aca5-23e1-bcca-78c0-be8d9409cbf6,1790399548,0.2600
sell,ask,0.01,2026-09-26T05:12:28.24365Z,2,0.000100,0723aca5-23e1-b916-722e-b93431e4f88b,True,KXBTC15M-26SEP260115-15,0.7400,01a0dc21-0a60-7282-b4b4-66e478bf5b8c,no,no,0,KXBTC15M-26SEP260115-15,0723aca5-23e1-b916-722e-b93431e4f88b,1790399548,0.2600
sell,ask,29.98,2026-09-26T05:12:28.24365Z,2,0.403800,0723aca5-23e1-b45d-7e13-44c465aeacc7,True,KXBTC15M-26SEP260115-15,0.7400,01a0dc21-0a60-7282-b4b4-66e478bf5b8c,no,no,0,KXBTC15M-26SEP260115-15,0723aca5-23e1-b45d-7e13-44c465aeacc7,1790399548,0.2600
buy,bid,40.00,2026-09-26T05:09:07.474804Z,2,0.236200,0723ac6a-1dd9-8d7f-84ef-d79abeecdbb4,True,KXBTC15M-26SEP260115-15,0.0930,01a0dc1d-f938-7c9b-890e-36073a1460c1,yes,yes,0,KXBTC15M-26SEP260115-15,0723ac6a-1dd9-8d7f-84ef-d79abeecdbb4,1790399347,0.9070
sell,ask,40.00,2026-09-26T04:24:04.805038Z,2,0.295700,0723b426-5c39-9264-b02c-02d6793fff94,True,KXBTC15M-26SEP260030-30,0.8800,01a0dbf4-baa0-7a22-8ff3-4eb3656a6acf,no,no,0,KXBTC15M-26SEP260030-30,0723b426-5c39-9264-b02c-02d6793fff94,1790396644,0.1200
buy,bid,0.01,2026-09-26T04:09:05.188183Z,2,0.000040,0723b47b-0949-89e8-b68c-56c577e153cb,True,KXBTC15M-26SEP260015-15,0.0440,01a0dbe7-02e8-7fd2-8b96-489bb1f580f7,yes,yes,0,KXBTC15M-26SEP260015-15,0723b47b-0949-89e8-b68c-56c577e153cb,1790395745,0.9560
buy,bid,0.01,2026-09-26T04:09:05.188183Z,2,0.000040,0723b47b-0949-8214-9f88-71790b0e20f5,True,KXBTC15M-26SEP260015-15,0.0440,01a0dbe7-02e8-7fd2-8b96-489bb1f580f7,yes,yes,0,KXBTC15M-26SEP260015-15,0723b47b-0949-8214-9f88-71790b0e20f5,1790395745,0.9560
buy,bid,1.60,2026-09-26T04:09:05.188183Z,2,0.004600,0723b47a-fc91-8df1-8ed8-c0f9382c9083,True,KXBTC15M-26SEP260015-15,0.0430,01a0dbe7-02e8-7fd2-8b96-489bb1f580f7,yes,yes,0,KXBTC15M-26SEP260015-15,0723b47a-fc91-8df1-8ed8-c0f9382c9083,1790395745,0.9570
buy,bid,38.38,2026-09-26T04:09:05.188183Z,2,0.113020,0723b47a-f4a1-85dc-b412-159a7429ae35,True,KXBTC15M-26SEP260015-15,0.0440,01a0dbe7-02e8-7fd2-8b96-489bb1f580f7,yes,yes,0,KXBTC15M-26SEP260015-15,0723b47a-f4a1-85dc-b412-159a7429ae35,1790395745,0.9560
buy,bid,40.00,2026-09-26T03:24:06.626062Z,2,0.431000,0723b54a-e321-a874-9990-8354719f79b7,True,KXBTC15M-26SEP252330-30,0.1900,01a0dbbd-d3f0-7440-89cf-126cde0abe40,yes,yes,0,KXBTC15M-26SEP252330-30,0723b54a-e321-a874-9990-8354719f79b7,1790393046,0.8100
sell,ask,40.00,2026-09-26T02:24:05.055346Z,2,0.464600,0723b59d-67a9-808a-d3d3-bab971a74085,True,KXBTC15M-26SEP252230-30,0.7900,01a0db86-e188-7d63-90d0-7a4fb67d1481,no,no,0,KXBTC15M-26SEP252230-30,0723b59d-67a9-808a-d3d3-bab971a74085,1790389445,0.2100
buy,bid,40.00,2026-09-26T02:14:18.519277Z,2,0.274200,0723b68a-5ae9-b517-fcbc-b2bd3e70b105,True,KXBTC15M-26SEP252215-15,0.1100,01a0db7d-ec90-733d-9958-a6409e9a4ce0,yes,yes,0,KXBTC15M-26SEP252215-15,0723b68a-5ae9-b517-fcbc-b2bd3e70b105,1790388858,0.8900
sell,ask,40.00,2026-09-26T02:09:05.800303Z,2,0.495900,0723b69d-b249-ae8e-4d2b-f9690cdae2fa,True,KXBTC15M-26SEP252215-15,0.7700,01a0db79-25e8-763d-b6af-1ff2177e3c82,no,no,0,KXBTC15M-26SEP252215-15,0723b69d-b249-ae8e-4d2b-f9690cdae2fa,1790388545,0.2300
buy,bid,40.00,2026-09-26T01:39:07.596501Z,2,0.215500,0723b62b-7321-9000-be5a-736550a128f0,True,KXBTC15M-26SEP252145-45,0.0840,01a0db5d-b678-792b-8705-3ab8f46b6293,yes,yes,0,KXBTC15M-26SEP252145-45,0723b62b-7321-9000-be5a-736550a128f0,1790386747,0.9160
sell,ask,12.18,2026-09-26T01:29:15.132616Z,2,0.016800,0723b606-1df1-9eec-a047-27f0f1c39bb9,True,KXBTC15M-26SEP252130-30,0.0200,01a0db54-adf8-791f-86a7-5bb97f5c793b,no,no,0,KXBTC15M-26SEP252130-30,0723b606-1df1-9eec-a047-27f0f1c39bb9,1790386155,0.9800
buy,bid,12.18,2026-09-26T01:27:24.56112Z,2,0.131300,0723b619-09f9-b632-acc9-e4e77fe48a2a,True,KXBTC15M-26SEP252130-30,0.1900,01a0db52-fc60-7285-894f-d65312ec469f,yes,yes,0,KXBTC15M-26SEP252130-30,0723b619-09f9-b632-acc9-e4e77fe48a2a,1790386044,0.8100
buy,bid,8.22,2026-09-26T01:10:12.857149Z,2,0.118500,0723b64f-cdb9-bfd0-e987-92e856dd71af,True,KXBTC15M-26SEP252115-15,0.2900,01a0db43-3d20-7352-92b9-d6ab5547c089,yes,yes,0,KXBTC15M-26SEP252115-15,0723b64f-cdb9-bfd0-e987-92e856dd71af,1790385012,0.7100
buy,bid,40.00,2026-09-26T01:09:35.951255Z,2,0.000000,0723b648-16a9-974c-e349-0ea16063fefd,False,KXBTC15M-26SEP252115-15,0.1200,01a0db42-a4c8-776e-8113-357d8f125c45,yes,yes,0,KXBTC15M-26SEP252115-15,0723b648-16a9-974c-e349-0ea16063fefd,1790384975,0.8800
buy,bid,19.36,2026-09-26T01:07:08.035742Z,2,0.163200,0723b641-e741-b17c-313a-4ac7f949bac8,True,KXBTC15M-26SEP252115-15,0.1400,01a0db40-6e60-736f-a382-99333ba94921,yes,yes,0,KXBTC15M-26SEP252115-15,0723b641-e741-b17c-313a-4ac7f949bac8,1790384828,0.8600
sell,ask,40.00,2026-09-26T00:39:08.834788Z,2,0.105000,0723b7bd-93c1-a009-8a4d-5981e15542aa,True,KXBTC15M-26SEP252045-45,0.9610,01a0db26-cbe0-76a1-8ea6-eb799185334e,no,no,0,KXBTC15M-26SEP252045-45,0723b7bd-93c1-a009-8a4d-5981e15542aa,1790383148,0.0390
sell,ask,40.00,2026-09-26T00:24:09.832592Z,2,0.413300,0723b77d-5429-a760-d8ce-e7d1f20e263f,True,KXBTC15M-26SEP252030-30,0.8200,01a0db19-1428-759c-94a3-20374a51c207,no,no,0,KXBTC15M-26SEP252030-30,0723b77d-5429-a760-d8ce-e7d1f20e263f,1790382249,0.1800
buy,ask,49.28,2026-09-26T00:13:10.711173Z,2,0.299380,0723b733-1231-b27e-a0c3-8e5f9d29e22b,True,KXBTC15M-26SEP252015-15,0.9040,01a0db0f-05f0-7122-8c52-96b7134afade,no,no,0,KXBTC15M-26SEP252015-15,0723b733-1231-b27e-a0c3-8e5f9d29e22b,1790381590,0.0960
sell,ask,1.00,2026-09-25T20:54:11.179218Z,2,0.003000,0723b33b-b1b1-b833-1432-a4fbe6f028e0,True,KXBTC15M-26SEP251700-00,0.9560,01a0da58-d938-72fd-a052-7cce0453eca4,no,no,0,KXBTC15M-26SEP251700-00,0723b33b-b1b1-b833-1432-a4fbe6f028e0,1790369651,0.0440
sell,ask,3.00,2026-09-25T20:54:11.179218Z,2,0.008800,0723b33b-b1b1-b2e1-001b-fa77017ab3f3,True,KXBTC15M-26SEP251700-00,0.9560,01a0da58-d938-72fd-a052-7cce0453eca4,no,no,0,KXBTC15M-26SEP251700-00,0723b33b-b1b1-b2e1-001b-fa77017ab3f3,1790369651,0.0440
buy,bid,4.00,2026-09-25T20:39:04.77334Z,2,0.029600,0723b367-0b41-a96d-c5cb-0900e67dcb50,True,KXBTC15M-26SEP251645-45,0.1200,01a0da4b-0240-773e-9d3c-432fccfcb543,yes,yes,0,KXBTC15M-26SEP251645-45,0723b367-0b41-a96d-c5cb-0900e67dcb50,1790368744,0.8800
buy,bid,4.00,2026-09-25T20:24:03.537799Z,2,0.017100,0723b2c8-2d81-94ce-e29e-a6095c6e0e7b,True,KXBTC15M-26SEP251630-30,0.0650,01a0da3d-42b8-792e-932a-484f8fa74001,yes,yes,0,KXBTC15M-26SEP251630-30,0723b2c8-2d81-94ce-e29e-a6095c6e0e7b,1790367843,0.9350
sell,ask,1.00,2026-09-25T20:09:08.983041Z,2,0.008000,0723b291-f021-860c-50dd-82873b36c993,True,KXBTC15M-26SEP251615-15,0.8700,01a0da2f-9aa0-7d5a-b0cc-7318a28ed422,no,no,0,KXBTC15M-26SEP251615-15,0723b291-f021-860c-50dd-82873b36c993,1790366948,0.1300
buy,ask,1.19,2026-09-25T19:42:31.032516Z,2,0.011800,0723b24b-c1c1-96e5-92f8-1a70796571b0,True,KXBTC15M-26SEP251545-45,0.8300,01a0da17-3c58-7b0a-8cba-deefcf370ea4,no,no,0,KXBTC15M-26SEP251545-45,0723b24b-c1c1-96e5-92f8-1a70796571b0,1790365351,0.1700
buy,bid,1.00,2026-09-25T18:09:03.3692Z,2,0.003700,0723bec7-0279-a6df-8ce1-7106e8ffa863,True,KXBTC15M-26SEP251415-15,0.0550,01a0d9c1-aa18-753e-8b21-740d58aa0702,yes,yes,0,KXBTC15M-26SEP251415-15,0723bec7-0279-a6df-8ce1-7106e8ffa863,1790359743,0.9450
sell,ask,1.00,2026-09-25T17:54:02.67877Z,2,0.004400,0723bf7c-4ce9-9145-8e8d-ab82e9e598bd,True,KXBTC15M-26SEP251400-00,0.9340,01a0d9b3-ea90-7bbb-8439-884f4cbb9f00,no,no,0,KXBTC15M-26SEP251400-00,0723bf7c-4ce9-9145-8e8d-ab82e9e598bd,1790358842,0.0660
buy,bid,0.98,2026-09-25T17:09:03.193096Z,2,0.002240,0723bfa0-59d1-850e-0221-7ff21b2db422,True,KXBTC15M-26SEP251315-15,0.0330,01a0d98a-bb98-7cf8-a66e-668030bc4e12,yes,yes,0,KXBTC15M-26SEP251315-15,0723bfa0-59d1-850e-0221-7ff21b2db422,1790356143,0.9670
buy,bid,0.01,2026-09-25T17:09:03.193096Z,2,0.000040,0723bfa0-55f9-856c-1d0e-84a5a6e9b1b9,True,KXBTC15M-26SEP251315-15,0.0340,01a0d98a-bb98-7cf8-a66e-668030bc4e12,yes,yes,0,KXBTC15M-26SEP251315-15,0723bfa0-55f9-856c-1d0e-84a5a6e9b1b9,1790356143,0.9660
buy,bid,0.01,2026-09-25T17:09:03.193096Z,2,0.000040,0723bfa0-55f9-8040-2b8f-b52680c44af1,True,KXBTC15M-26SEP251315-15,0.0340,01a0d98a-bb98-7cf8-a66e-668030bc4e12,yes,yes,0,KXBTC15M-26SEP251315-15,0723bfa0-55f9-8040-2b8f-b52680c44af1,1790356143,0.9660
sell,ask,1.00,2026-09-25T16:54:02.643183Z,2,0.005900,0723bc8f-0c51-8701-52b9-7330428b93ac,True,KXBTC15M-26SEP251300-00,0.9080,01a0d97c-fc10-7eb9-b07c-45c593dee962,no,no,0,KXBTC15M-26SEP251300-00,0723bc8f-0c51-8701-52b9-7330428b93ac,1790355242,0.0920
sell,bid,44.18,2026-09-25T16:43:54.052055Z,2,0.098760,0723bcbd-6569-a46c-51b5-0a492f998820,True,KXBTC15M-26SEP251245-45,0.9670,01a0d973-b510-757e-b25d-255e982b1128,yes,yes,0,KXBTC15M-26SEP251245-45,0723bcbd-6569-a46c-51b5-0a492f998820,1790354634,0.0330
buy,ask,44.18,2026-09-25T16:40:48.659728Z,2,0.248240,0723bcb3-a099-b122-5997-dfd7f1bcd010,True,KXBTC15M-26SEP251245-45,0.9120,01a0d970-de80-73e6-b91c-d465289318db,no,no,0,KXBTC15M-26SEP251245-45,0723bcb3-a099-b122-5997-dfd7f1bcd010,1790354448,0.0880
buy,bid,1.00,2026-09-25T16:09:06.700352Z,2,0.004300,0723bc1c-bb91-b194-6848-e51f33e9b999,True,KXBTC15M-26SEP251215-15,0.0650,01a0d953-d8d0-719d-b3c3-85fde55d3896,yes,yes,0,KXBTC15M-26SEP251215-15,0723bc1c-bb91-b194-6848-e51f33e9b999,1790352546,0.9350
buy,bid,41.75,2026-09-25T15:57:42.678114Z,2,0.014550,0723bc18-6ba1-a6ea-daf8-8317cea2b462,True,KXBTC15M-26SEP251200-00,0.0050,01a0d949-68f0-749c-9f0e-d54268fbf33f,yes,yes,0,KXBTC15M-26SEP251200-00,0723bc18-6ba1-a6ea-daf8-8317cea2b462,1790351862,0.9950
sell,ask,1.00,2026-09-25T15:39:10.34821Z,2,0.009000,0723bdd9-a989-9a9e-ca2b-cca69099c54f,True,KXBTC15M-26SEP251145-45,0.8500,01a0d938-7130-7b66-9b5c-a7fa3a16916f,no,no,0,KXBTC15M-26SEP251145-45,0723bdd9-a989-9a9e-ca2b-cca69099c54f,1790350750,0.1500
buy,ask,1.17,2026-09-25T15:10:00.467114Z,2,0.011600,0723bd6b-4c59-8a90-e6ad-d98bdd3222e3,True,KXBTC15M-26SEP251115-15,0.8300,01a0d91d-bd40-7ca2-9ee7-196fb65a6e77,no,no,0,KXBTC15M-26SEP251115-15,0723bd6b-4c59-8a90-e6ad-d98bdd3222e3,1790349000,0.1700
buy,ask,0.01,2026-09-25T15:10:00.467114Z,2,0.000100,0723bd6b-4071-8bdd-c49f-9208f0252768,True,KXBTC15M-26SEP251115-15,0.8300,01a0d91d-bd40-7ca2-9ee7-196fb65a6e77,no,no,0,KXBTC15M-26SEP251115-15,0723bd6b-4071-8bdd-c49f-9208f0252768,1790349000,0.1700
buy,ask,0.01,2026-09-25T15:10:00.467114Z,2,0.000100,0723bd6b-4071-8767-ed36-df4f883433d9,True,KXBTC15M-26SEP251115-15,0.8300,01a0d91d-bd40-7ca2-9ee7-196fb65a6e77,no,no,0,KXBTC15M-26SEP251115-15,0723bd6b-4071-8767-ed36-df4f883433d9,1790349000,0.1700
buy,bid,1.00,2026-09-25T14:39:07.874567Z,2,0.001600,0723bd04-a8f1-8353-bf54-b66dd3afdea5,True,KXBTC15M-26SEP251045-45,0.0230,01a0d901-76f8-7c76-882f-56d4b5deeee8,yes,yes,0,KXBTC15M-26SEP251045-45,0723bd04-a8f1-8353-bf54-b66dd3afdea5,1790347147,0.9770
buy,ask,28.54,2026-09-25T14:05:16.682555Z,2,0.048700,0723bb6b-9ce1-bcb7-c2c4-2f39a25a6dc5,True,KXBTC15M-26SEP251015-15,0.9750,01a0d8e2-7960-7142-9dac-6ff83533d7e9,no,no,0,KXBTC15M-26SEP251015-15,0723bb6b-9ce1-bcb7-c2c4-2f39a25a6dc5,1790345116,0.0250
buy,ask,11.63,2026-09-25T14:05:16.682555Z,2,0.019850,0723bb6b-9ce1-b065-d544-45bded111c80,True,KXBTC15M-26SEP251015-15,0.9750,01a0d8e2-7960-7142-9dac-6ff83533d7e9,no,no,0,KXBTC15M-26SEP251015-15,0723bb6b-9ce1-b065-d544-45bded111c80,1790345116,0.0250
buy,bid,1.00,2026-09-25T12:39:03.789002Z,2,0.008500,0723badd-af11-941c-622d-ab2c8f07fdad,True,KXBTC15M-26SEP250845-45,0.1400,01a0d893-8a58-7944-bf9f-567ce2715d2d,yes,yes,0,KXBTC15M-26SEP250845-45,0723badd-af11-941c-622d-ab2c8f07fdad,1790339943,0.8600
sell,ask,1.00,2026-09-25T09:39:05.606043Z,2,0.001900,07238855-d861-85ed-45f4-c4c2ddcc1f6a,True,KXBTC15M-26SEP250545-45,0.9730,01a0d7ee-c6a8-7c7c-bbb7-db768c3e90a6,no,no,0,KXBTC15M-26SEP250545-45,07238855-d861-85ed-45f4-c4c2ddcc1f6a,1790329145,0.0270
buy,bid,1.00,2026-09-25T09:09:06.811765Z,2,0.000700,0723889e-0229-be28-b8f9-2b3208de757b,True,KXBTC15M-26SEP250515-15,0.0100,01a0d7d3-5350-7212-8c30-9517eee33fb7,yes,yes,0,KXBTC15M-26SEP250515-15,0723889e-0229-be28-b8f9-2b3208de757b,1790327346,0.9900
buy,bid,1.00,2026-09-25T07:54:06.954029Z,2,0.003600,072389b4-0189-a278-f648-beb99fcba201,True,KXBTC15M-26SEP250400-00,0.0530,01a0d78e-a930-7583-95b5-ec745e5b1563,yes,yes,0,KXBTC15M-26SEP250400-00,072389b4-0189-a278-f648-beb99fcba201,1790322846,0.9470
buy,bid,1.00,2026-09-25T07:24:05.546308Z,2,0.001700,07238abf-9201-85c8-6d13-d834fd086c9b,True,KXBTC15M-26SEP250330-30,0.0240,01a0d773-2e08-7f0c-ba85-29a166574ecd,yes,yes,0,KXBTC15M-26SEP250330-30,07238abf-9201-85c8-6d13-d834fd086c9b,1790321045,0.9760
sell,ask,1.00,2026-09-25T05:24:04.913887Z,2,0.004100,07238b10-79a1-a615-bfb6-a746c5d18b12,True,KXBTC15M-26SEP250130-30,0.9380,01a0d705-4d20-7439-88a0-77f3f2b2f490,no,no,0,KXBTC15M-26SEP250130-30,07238b10-79a1-a615-bfb6-a746c5d18b12,1790313844,0.0620
buy,ask,37.76,2026-09-25T05:13:52.024256Z,2,0.468200,07238d14-2899-8486-9f11-a026cbbb0ee0,True,KXBTC15M-26SEP250115-15,0.7700,01a0d6fb-f680-7ce2-8ab7-cddb8f2b4f8b,no,no,0,KXBTC15M-26SEP250115-15,07238d14-2899-8486-9f11-a026cbbb0ee0,1790313232,0.2300
sell,ask,6.09,2026-09-25T05:13:29.242933Z,2,0.048300,07238d15-ea61-b15e-1dd6-031bba107d0e,True,KXBTC15M-26SEP250115-15,0.8700,01a0d6fb-9ca8-70ba-a84f-61e16f726bda,no,no,0,KXBTC15M-26SEP250115-15,07238d15-ea61-b15e-1dd6-031bba107d0e,1790313209,0.1300
buy,bid,6.09,2026-09-25T05:10:53.824066Z,2,0.099400,07238d1d-d669-bf24-1ecf-63f96b4ca005,True,KXBTC15M-26SEP250115-15,0.3700,01a0d6f9-3b48-7086-a2d2-d042cd0e1067,yes,yes,0,KXBTC15M-26SEP250115-15,07238d1d-d669-bf24-1ecf-63f96b4ca005,1790313053,0.6300
sell,ask,6.00,2026-09-25T04:28:50.631496Z,2,0.072100,07238d98-5491-bf0a-8034-745b7ae1bd11,True,KXBTC15M-26SEP250030-30,0.2200,01a0d6d2-bbd0-7142-8ac9-254e68a8573c,no,no,0,KXBTC15M-26SEP250030-30,07238d98-5491-bf0a-8034-745b7ae1bd11,1790310530,0.7800
buy,bid,6.00,2026-09-25T04:25:46.575894Z,2,0.096800,07238df0-5951-a66c-fd1c-87583d25e4d9,True,KXBTC15M-26SEP250030-30,0.3600,01a0d6cf-ed10-75f7-9ede-a7493455ab0d,yes,yes,0,KXBTC15M-26SEP250030-30,07238df0-5951-a66c-fd1c-87583d25e4d9,1790310346,0.6400
buy,bid,6.00,2026-09-25T04:07:53.847464Z,2,0.104900,07238c41-48a9-ace8-9976-4ac5b4cac521,True,KXBTC15M-26SEP250015-15,0.4800,01a0d6bf-8da8-74a3-8b89-9c0b71358548,yes,yes,0,KXBTC15M-26SEP250015-15,07238c41-48a9-ace8-9976-4ac5b4cac521,1790309273,0.5200
sell,ask,6.00,2026-09-25T04:06:23.578333Z,2,0.082800,07238c46-9679-93af-caed-4e0fdeccce44,True,KXBTC15M-26SEP250015-15,0.7300,01a0d6be-2e18-7bcc-927b-ddf193536f52,no,no,0,KXBTC15M-26SEP250015-15,07238c46-9679-93af-caed-4e0fdeccce44,1790309183,0.2700
buy,bid,6.00,2026-09-25T03:58:48.868705Z,2,0.099000,07238c6b-cfc1-8dfa-d3f9-cfd655355c54,True,KXBTC15M-26SEP250000-00,0.6200,01a0d6b7-3cc0-7e16-9c42-f461f3eab486,yes,yes,0,KXBTC15M-26SEP250000-00,07238c6b-cfc1-8dfa-d3f9-cfd655355c54,1790308728,0.3800
sell,ask,6.00,2026-09-25T03:57:48.33637Z,2,0.092900,07238c6f-1be1-a383-4d3e-4e92a8d7ed06,True,KXBTC15M-26SEP250000-00,0.6700,01a0d6b6-5260-7489-b803-d85a26e9d92c,no,no,0,KXBTC15M-26SEP250000-00,07238c6f-1be1-a383-4d3e-4e92a8d7ed06,1790308668,0.3300
sell,ask,6.00,2026-09-25T03:39:00.881864Z,2,0.009100,07238c31-6ca1-9d2e-6382-c92f157439f1,True,KXBTC15M-26SEP242345-45,0.0220,01a0d6a5-1c20-78b8-b78e-fd7c8e3613a9,no,no,0,KXBTC15M-26SEP242345-45,07238c31-6ca1-9d2e-6382-c92f157439f1,1790307540,0.9780
buy,bid,6.00,2026-09-25T03:36:05.933672Z,2,0.069700,07238c2b-a6f1-a596-8f31-8f84bde4d46b,True,KXBTC15M-26SEP242345-45,0.2100,01a0d6a2-7088-747a-85ce-6ccc1802b1af,yes,yes,0,KXBTC15M-26SEP242345-45,07238c2b-a6f1-a596-8f31-8f84bde4d46b,1790307365,0.7900
buy,bid,6.00,2026-09-25T03:25:36.342802Z,2,0.104900,07238cfb-8d99-84d8-8e30-ef87faa56dba,True,KXBTC15M-26SEP242330-30,0.5200,01a0d698-d780-7f24-8037-ab4bbbb6a946,yes,yes,0,KXBTC15M-26SEP242330-30,07238cfb-8d99-84d8-8e30-ef87faa56dba,1790306736,0.4800
sell,ask,6.00,2026-09-25T03:25:04.979811Z,2,0.103000,07238cf9-3c99-90d6-1fdc-29f7155007a9,True,KXBTC15M-26SEP242330-30,0.5700,01a0d698-5a80-7bff-a8d0-9d06849903a5,no,no,0,KXBTC15M-26SEP242330-30,07238cf9-3c99-90d6-1fdc-29f7155007a9,1790306704,0.4300
buy,ask,34.83,2026-09-25T02:52:44.494418Z,2,0.107080,07238f91-b529-a597-a4ac-a01accd84485,True,KXBTC15M-26SEP242300-00,0.9540,01a0d67a-c060-7650-8889-efa8ea762826,no,no,0,KXBTC15M-26SEP242300-00,07238f91-b529-a597-a4ac-a01accd84485,1790304764,0.0460
buy,bid,6.00,2026-09-25T02:28:50.16452Z,2,0.000500,07238ff7-d749-8a18-0b43-e71f0f573fbb,True,KXBTC15M-26SEP242230-30,0.9990,01a0d664-ded0-7e00-a1c8-2ae10ba65d18,yes,yes,0,KXBTC15M-26SEP242230-30,07238ff7-d749-8a18-0b43-e71f0f573fbb,1790303330,0.0010
sell,ask,6.00,2026-09-25T02:25:10.546452Z,2,0.044400,07238fe7-7661-8809-7c9c-e69e5cd4efff,True,KXBTC15M-26SEP242230-30,0.8800,01a0d661-8370-7c6f-b13a-d306d8d5b7aa,no,no,0,KXBTC15M-26SEP242230-30,07238fe7-7661-8809-7c9c-e69e5cd4efff,1790303110,0.1200
sell,ask,5.98,2026-09-25T01:09:30.264481Z,2,0.016000,07238e6c-cd69-9173-e13e-dedeaabcf631,True,KXBTC15M-26SEP242115-15,0.0400,01a0d61c-3d10-7b2f-9c8f-ab51715f22e6,no,no,0,KXBTC15M-26SEP242115-15,07238e6c-cd69-9173-e13e-dedeaabcf631,1790298570,0.9600
sell,ask,0.01,2026-09-25T01:09:30.264481Z,2,0.000120,07238e6c-c951-96e8-fe34-1279bbcfe071,True,KXBTC15M-26SEP242115-15,0.0380,01a0d61c-3d10-7b2f-9c8f-ab51715f22e6,no,no,0,KXBTC15M-26SEP242115-15,07238e6c-c951-96e8-fe34-1279bbcfe071,1790298570,0.9620
sell,ask,0.01,2026-09-25T01:09:30.264481Z,2,0.000020,07238e6c-c951-96da-c579-2d382e3c505e,True,KXBTC15M-26SEP242115-15,0.0380,01a0d61c-3d10-7b2f-9c8f-ab51715f22e6,no,no,0,KXBTC15M-26SEP242115-15,07238e6c-c951-96da-c579-2d382e3c505e,1790298570,0.9620
buy,bid,6.00,2026-09-25T01:06:31.355147Z,2,0.067200,07238e7f-7d69-893c-7c13-cbb84e5b3bbd,True,KXBTC15M-26SEP242115-15,0.2000,01a0d619-81d8-7ffd-b718-9c3a0666e5ef,yes,yes,0,KXBTC15M-26SEP242115-15,07238e7f-7d69-893c-7c13-cbb84e5b3bbd,1790298391,0.8000
buy,bid,6.00,2026-09-25T00:54:31.958103Z,2,0.084700,07238e34-6cc1-a878-a012-6f542a66300e,True,KXBTC15M-26SEP242100-00,0.2800,01a0d60e-8558-77e5-8c91-5852a6435ab6,yes,yes,0,KXBTC15M-26SEP242100-00,07238e34-6cc1-a878-a012-6f542a66300e,1790297671,0.7200
sell,ask,6.00,2026-09-25T00:53:30.459658Z,2,0.105000,07238e3b-d719-b529-449c-dac7c2384f6e,True,KXBTC15M-26SEP242100-00,0.5100,01a0d60d-9710-7022-bed4-acc5bbc209b8,no,no,0,KXBTC15M-26SEP242100-00,07238e3b-d719-b529-449c-dac7c2384f6e,1790297610,0.4900
buy,bid,6.00,2026-09-24T23:58:51.587137Z,2,0.062000,072382b5-b799-b81b-31e2-12f2546398fe,True,KXBTC15M-26SEP242000-00,0.8200,01a0d5db-8e78-714e-a7da-a5452e7725a5,yes,yes,0,KXBTC15M-26SEP242000-00,072382b5-b799-b81b-31e2-12f2546398fe,1790294331,0.1800
sell,ask,6.00,2026-09-24T23:57:00.405255Z,2,0.094300,072382be-ab79-b611-a77e-44e59c40a4f5,True,KXBTC15M-26SEP242000-00,0.6600,01a0d5d9-dce0-7165-8bc4-d201f6f3f903,no,no,0,KXBTC15M-26SEP242000-00,072382be-ab79-b611-a77e-44e59c40a4f5,1790294220,0.3400
sell,ask,6.00,2026-09-24T23:44:05.061073Z,2,0.082800,072382f6-2fa9-8241-934d-e483e6e1ca0b,True,KXBTC15M-26SEP241945-45,0.7300,01a0d5ce-0988-7f19-87b0-d4a7daa8f87e,no,no,0,KXBTC15M-26SEP241945-45,072382f6-2fa9-8241-934d-e483e6e1ca0b,1790293445,0.2700
buy,bid,6.00,2026-09-24T23:37:22.763892Z,2,0.095600,072382d8-56c1-86bd-13d3-3cd24e1fd58f,True,KXBTC15M-26SEP241945-45,0.3500,01a0d5c7-e350-7d0c-a06b-316fde9911ed,yes,yes,0,KXBTC15M-26SEP241945-45,072382d8-56c1-86bd-13d3-3cd24e1fd58f,1790293042,0.6500
sell,ask,5.98,2026-09-24T23:08:16.835353Z,2,0.020640,07238319-c301-9159-2f53-dde7bac2bc01,True,KXBTC15M-26SEP241915-15,0.0520,01a0d5ad-3f00-7ba6-a2f2-516dc63359e2,no,no,0,KXBTC15M-26SEP241915-15,07238319-c301-9159-2f53-dde7bac2bc01,1790291296,0.9480
sell,ask,0.01,2026-09-24T23:08:16.835353Z,2,0.000080,07238319-c301-907c-2d46-ad56e6383191,True,KXBTC15M-26SEP241915-15,0.0520,01a0d5ad-3f00-7ba6-a2f2-516dc63359e2,no,no,0,KXBTC15M-26SEP241915-15,07238319-c301-907c-2d46-ad56e6383191,1790291296,0.9480
sell,ask,0.01,2026-09-24T23:08:16.835353Z,2,0.000080,07238319-c301-9039-2199-72c0155168e9,True,KXBTC15M-26SEP241915-15,0.0520,01a0d5ad-3f00-7ba6-a2f2-516dc63359e2,no,no,0,KXBTC15M-26SEP241915-15,07238319-c301-9039-2199-72c0155168e9,1790291296,0.9480
buy,bid,6.00,2026-09-24T23:05:09.074699Z,2,0.074400,07238303-ce99-91f5-db8a-3893f91c37ab,True,KXBTC15M-26SEP241915-15,0.2300,01a0d5aa-6488-796d-9d2d-0e4879cb17f6,yes,yes,0,KXBTC15M-26SEP241915-15,07238303-ce99-91f5-db8a-3893f91c37ab,1790291109,0.7700
buy,bid,6.00,2026-09-24T22:44:03.167366Z,2,0.080900,072383cb-5fd9-a9f6-be43-364ac314ed52,True,KXBTC15M-26SEP241845-45,0.7400,01a0d597-1338-757b-86c4-1d3b43b6de17,yes,yes,0,KXBTC15M-26SEP241845-45,072383cb-5fd9-a9f6-be43-364ac314ed52,1790289843,0.2600
sell,ask,6.00,2026-09-24T22:40:10.798081Z,2,0.062000,072383dd-9151-8039-5f55-de774daa032b,True,KXBTC15M-26SEP241845-45,0.8200,01a0d593-8510-7d0d-bf03-e23d53f41430,no,no,0,KXBTC15M-26SEP241845-45,072383dd-9151-8039-5f55-de774daa032b,1790289610,0.1800
buy,bid,6.00,2026-09-24T21:55:31.399463Z,2,0.020000,072380c0-34d9-b658-16c3-e4dd1ef9cf65,True,KXBTC15M-26SEP241800-00,0.9500,01a0d56a-a438-7267-acb6-2bf3f6f11dc0,yes,yes,0,KXBTC15M-26SEP241800-00,072380c0-34d9-b658-16c3-e4dd1ef9cf65,1790286931,0.0500
sell,ask,6.00,2026-09-24T21:51:46.483005Z,2,0.080900,072380fb-e429-a1f4-2dba-c463f218da86,True,KXBTC15M-26SEP241800-00,0.7400,01a0d567-3550-74cf-a05a-9bbad07e5303,no,no,0,KXBTC15M-26SEP241800-00,072380fb-e429-a1f4-2dba-c463f218da86,1790286706,0.2600
sell,ask,6.00,2026-09-24T21:38:16.225109Z,2,0.105000,07238031-b471-9349-f53b-a5d33ff18f27,True,KXBTC15M-26SEP241745-45,0.4900,01a0d55a-d940-79d0-90b0-187401ef140b,no,no,0,KXBTC15M-26SEP241745-45,07238031-b471-9349-f53b-a5d33ff18f27,1790285896,0.5100
buy,bid,6.00,2026-09-24T21:35:10.828672Z,2,0.072100,07238037-d161-89e2-6922-e8155ddb479a,True,KXBTC15M-26SEP241745-45,0.2200,01a0d558-02b0-7e84-b28a-ff29cc4d412b,yes,yes,0,KXBTC15M-26SEP241745-45,07238037-d161-89e2-6922-e8155ddb479a,1790285710,0.7800
sell,ask,6.00,2026-09-24T21:27:08.68996Z,2,0.009900,07238012-3861-aa22-d43b-3da96f5112ab,True,KXBTC15M-26SEP241730-30,0.0240,01a0d550-a7e0-770d-9b69-74a3dedd2da0,no,no,0,KXBTC15M-26SEP241730-30,07238012-3861-aa22-d43b-3da96f5112ab,1790285228,0.9760
buy,bid,6.00,2026-09-24T21:22:47.743976Z,2,0.062000,0723807e-29b1-a6d6-c89e-cc69bc981451,True,KXBTC15M-26SEP241730-30,0.1800,01a0d54c-ac58-77da-9a24-f09b30502afd,yes,yes,0,KXBTC15M-26SEP241730-30,0723807e-29b1-a6d6-c89e-cc69bc981451,1790284967,0.8200
buy,bid,6.00,2026-09-24T21:07:04.814836Z,2,0.096800,072381c7-63f1-ab07-58cc-2dc30924aa23,True,KXBTC15M-26SEP241715-15,0.6400,01a0d53e-48c0-7608-bee6-65003dd5fada,yes,yes,0,KXBTC15M-26SEP241715-15,072381c7-63f1-ab07-58cc-2dc30924aa23,1790284024,0.3600
sell,ask,6.00,2026-09-24T21:05:25.495277Z,2,0.104400,072381cf-ae49-bbbf-05cb-b15920fea47f,True,KXBTC15M-26SEP241715-15,0.5400,01a0d53c-c608-73b1-a40b-b990b04732b5,no,no,0,KXBTC15M-26SEP241715-15,072381cf-ae49-bbbf-05cb-b15920fea47f,1790283925,0.4600
sell,ask,6.00,2026-09-24T20:54:16.326511Z,2,0.104000,072381f8-cfd9-82bb-9fb8-e973a26da76c,True,KXBTC15M-26SEP241700-00,0.5500,01a0d532-90c0-7f41-87cd-3e6576431947,no,no,0,KXBTC15M-26SEP241700-00,072381f8-cfd9-82bb-9fb8-e973a26da76c,1790283256,0.4500
buy,bid,6.00,2026-09-24T20:51:41.623495Z,2,0.076700,072381f0-d2e1-926f-aaaa-6f279fbe88be,True,KXBTC15M-26SEP241700-00,0.2400,01a0d530-3348-7bad-8fa6-7f5c4a641abd,yes,yes,0,KXBTC15M-26SEP241700-00,072381f0-d2e1-926f-aaaa-6f279fbe88be,1790283101,0.7600
buy,bid,6.00,2026-09-24T20:22:31.56068Z,2,0.099000,07238140-8ae9-a38a-ed27-44ed91f2035d,True,KXBTC15M-26SEP241630-30,0.6200,01a0d515-7f58-779b-9951-7ffb53e326df,yes,yes,0,KXBTC15M-26SEP241630-30,07238140-8ae9-a38a-ed27-44ed91f2035d,1790281351,0.3800
sell,ask,6.00,2026-09-24T20:22:20.130504Z,2,0.102400,07238140-01f9-a48a-1359-fd9837dd257b,True,KXBTC15M-26SEP241630-30,0.5800,01a0d515-5460-75f2-a13a-ed62156f88d6,no,no,0,KXBTC15M-26SEP241630-30,07238140-01f9-a48a-1359-fd9837dd257b,1790281340,0.4200
sell,ask,6.00,2026-09-24T20:12:48.418532Z,2,0.089900,0723813e-e261-9f87-0f00-80c3c41276e0,True,KXBTC15M-26SEP241615-15,0.6900,01a0d50c-9a00-79d0-a1a3-5c1dd5407bc0,no,no,0,KXBTC15M-26SEP241615-15,0723813e-e261-9f87-0f00-80c3c41276e0,1790280768,0.3100
buy,bid,6.00,2026-09-24T20:11:22.694515Z,2,0.091400,07238126-6a01-8f8e-60a0-edc21cfdcbf5,True,KXBTC15M-26SEP241615-15,0.3200,01a0d50b-4a10-7f7a-ba04-ecfe0ade1b21,yes,yes,0,KXBTC15M-26SEP241615-15,07238126-6a01-8f8e-60a0-edc21cfdcbf5,1790280682,0.6800
sell,ask,6.00,2026-09-24T19:57:59.37464Z,2,0.013800,07238703-2c39-8e3c-a3d7-ae3e3779d86c,True,KXBTC15M-26SEP241600-00,0.9660,01a0d4ff-0958-7c55-82c2-e075be0e6d11,no,no,0,KXBTC15M-26SEP241600-00,07238703-2c39-8e3c-a3d7-ae3e3779d86c,1790279879,0.0340
buy,bid,6.00,2026-09-24T19:56:36.593627Z,2,0.098000,0723870a-d1a1-a3fb-8c1b-4aecf1b888cb,True,KXBTC15M-26SEP241600-00,0.6300,01a0d4fd-c520-76b2-880a-40b0c922d3d9,yes,yes,0,KXBTC15M-26SEP241600-00,0723870a-d1a1-a3fb-8c1b-4aecf1b888cb,1790279796,0.3700
sell,ask,6.00,2026-09-24T19:28:54.829792Z,2,0.044400,07238775-cb31-b1c4-990b-9831c9e97dd7,True,KXBTC15M-26SEP241530-30,0.1200,01a0d4e4-68f0-72d7-8d18-dd0141a12d80,no,no,0,KXBTC15M-26SEP241530-30,07238775-cb31-b1c4-990b-9831c9e97dd7,1790278134,0.8800
buy,bid,6.00,2026-09-24T19:25:11.895382Z,2,0.092900,07238764-f559-a09b-db1b-c95cbaee6a59,True,KXBTC15M-26SEP241530-30,0.3300,01a0d4e1-01d8-74e3-999d-2acbfcdec10f,yes,yes,0,KXBTC15M-26SEP241530-30,07238764-f559-a09b-db1b-c95cbaee6a59,1790277911,0.6700
buy,bid,5.13,2026-09-24T16:42:02.251961Z,2,0.008750,07238565-2dd1-b8e4-f251-c23e11286dca,True,KXBTC15M-26SEP241245-45,0.0250,01a0d44b-a390-71ff-9a5b-2e6a761ebb8b,yes,yes,0,KXBTC15M-26SEP241245-45,07238565-2dd1-b8e4-f251-c23e11286dca,1790268122,0.9750
buy,bid,15.00,2026-09-24T16:42:02.251961Z,2,0.025600,07238565-2dd1-b40f-c3e2-69492e917686,True,KXBTC15M-26SEP241245-45,0.0250,01a0d44b-a390-71ff-9a5b-2e6a761ebb8b,yes,yes,0,KXBTC15M-26SEP241245-45,07238565-2dd1-b40f-c3e2-69492e917686,1790268122,0.9750
buy,bid,5.14,2026-09-24T16:41:37.356581Z,2,0.012200,07238566-4649-b331-1b7d-7a9ed9a8be71,True,KXBTC15M-26SEP241245-45,0.0350,01a0d44b-41e8-708e-a4bd-4e7b3a86447c,yes,yes,0,KXBTC15M-26SEP241245-45,07238566-4649-b331-1b7d-7a9ed9a8be71,1790268097,0.9650
sell,bid,46.03,2026-09-24T16:41:27.81385Z,2,0.178870,07238567-71b9-ba0b-2e5b-22ca1bcc53d5,True,KXBTC15M-26SEP241245-45,0.0590,01a0d44b-1ad8-7226-aedd-ef3711a1805d,yes,yes,0,KXBTC15M-26SEP241245-45,07238567-71b9-ba0b-2e5b-22ca1bcc53d5,1790268087,0.9410
sell,bid,39.61,2026-09-24T16:41:27.81385Z,2,0.153990,07238567-71b9-b386-223a-ccfe4634c8f7,True,KXBTC15M-26SEP241245-45,0.0590,01a0d44b-1ad8-7226-aedd-ef3711a1805d,yes,yes,0,KXBTC15M-26SEP241245-45,07238567-71b9-b386-223a-ccfe4634c8f7,1790268087,0.9410
buy,ask,85.64,2026-09-24T16:34:07.189216Z,2,0.633100,07238551-0f21-bb9b-cd0c-915b1bba8f45,True,KXBTC15M-26SEP241245-45,0.8800,01a0d444-6418-7343-991a-8afcee695a5e,no,no,0,KXBTC15M-26SEP241245-45,07238551-0f21-bb9b-cd0c-915b1bba8f45,1790267647,0.1200
buy,bid,75.82,2026-09-24T16:17:52.489758Z,2,0.203900,072384e2-ce31-bab0-37e7-3fb1e6e2caf9,True,KXBTC15M-26SEP241230-30,0.0400,01a0d435-8380-7260-ae0a-9630549de2bf,yes,yes,0,KXBTC15M-26SEP241230-30,072384e2-ce31-bab0-37e7-3fb1e6e2caf9,1790266672,0.9600
sell,ask,6.00,2026-09-24T15:57:03.398755Z,2,0.062000,072384ab-93b1-b4bb-138d-9233e5e4506e,True,KXBTC15M-26SEP241200-00,0.1800,01a0d422-7498-7063-a22f-423ffc775c50,no,no,0,KXBTC15M-26SEP241200-00,072384ab-93b1-b4bb-138d-9233e5e4506e,1790265423,0.8200
buy,bid,6.00,2026-09-24T15:55:59.748083Z,2,0.092900,072384a4-90f9-9684-8c67-e887bfdf666c,True,KXBTC15M-26SEP241200-00,0.3300,01a0d421-7a98-7901-8783-859b9d9ee72e,yes,yes,0,KXBTC15M-26SEP241200-00,072384a4-90f9-9684-8c67-e887bfdf666c,1790265359,0.6700
buy,bid,31.43,2026-09-24T13:56:02.279283Z,2,0.102570,07239d7d-0029-82b2-25e2-345560e6844b,True,KXBTC15M-26SEP241000-00,0.0490,01a0d3b3-a950-7c2a-a981-7efa893f42ee,yes,yes,0,KXBTC15M-26SEP241000-00,07239d7d-0029-82b2-25e2-345560e6844b,1790258162,0.9510
buy,bid,70.99,2026-09-24T13:33:53.884627Z,2,0.524800,07239de2-e649-814e-2a88-4395092aba0f,True,KXBTC15M-26SEP240945-45,0.1200,01a0d39f-61e8-7c3e-aff5-e6bf855bd1b2,yes,yes,0,KXBTC15M-26SEP240945-45,07239de2-e649-814e-2a88-4395092aba0f,1790256833,0.8800
sell,ask,6.00,2026-09-24T12:26:38.16491Z,2,0.104000,07239ee6-8c89-b99a-4d3b-978a6c27ac5a,True,KXBTC15M-26SEP240830-30,0.5500,01a0d361-d030-71df-b716-c47799c3a0c3,no,no,0,KXBTC15M-26SEP240830-30,07239ee6-8c89-b99a-4d3b-978a6c27ac5a,1790252798,0.4500
buy,bid,6.00,2026-09-24T12:25:18.546101Z,2,0.062000,07239ee2-c971-a900-6bd8-3fa96e9cb5ef,True,KXBTC15M-26SEP240830-30,0.1800,01a0d360-97b0-76f2-bb92-d6258c814ab7,yes,yes,0,KXBTC15M-26SEP240830-30,07239ee2-c971-a900-6bd8-3fa96e9cb5ef,1790252718,0.8200
buy,bid,6.00,2026-09-24T11:58:30.117608Z,2,0.105000,07239e68-3f61-95ef-2311-d00cdf90a04e,True,KXBTC15M-26SEP240800-00,0.5100,01a0d348-0e70-7a75-ab95-220d45207102,yes,yes,0,KXBTC15M-26SEP240800-00,07239e68-3f61-95ef-2311-d00cdf90a04e,1790251110,0.4900
sell,ask,6.00,2026-09-24T11:57:18.283806Z,2,0.089900,07239e5d-2589-9314-39b8-7e7c2a486d5c,True,KXBTC15M-26SEP240800-00,0.6900,01a0d346-f530-7838-a853-1595194a9c7d,no,no,0,KXBTC15M-26SEP240800-00,07239e5d-2589-9314-39b8-7e7c2a486d5c,1790251038,0.3100
sell,ask,6.00,2026-09-24T11:27:29.932437Z,2,0.067200,07239f85-0b49-b2d7-3155-eed7baf02e74,True,KXBTC15M-26SEP240730-30,0.8000,01a0d32b-a8e8-70ff-abd7-4c1caf5d0117,no,no,0,KXBTC15M-26SEP240730-30,07239f85-0b49-b2d7-3155-eed7baf02e74,1790249249,0.2000
buy,bid,6.00,2026-09-24T11:27:00.040246Z,2,0.105000,07239f87-ed39-b154-cc4c-dbadbccb4be3,True,KXBTC15M-26SEP240730-30,0.4900,01a0d32b-37a0-701b-9539-baffdd9783ee,yes,yes,0,KXBTC15M-26SEP240730-30,07239f87-ed39-b154-cc4c-dbadbccb4be3,1790249220,0.5100
sell,ask,6.00,2026-09-24T11:10:30.641126Z,2,0.053600,07239f6c-6949-9f06-2d3f-dc5c578b8675,True,KXBTC15M-26SEP240715-15,0.1500,01a0d31c-1c70-79b3-a412-735a996ba672,no,no,0,KXBTC15M-26SEP240715-15,07239f6c-6949-9f06-2d3f-dc5c578b8675,1790248230,0.8500
buy,bid,6.00,2026-09-24T11:07:52.011606Z,2,0.104000,07239f7f-6259-af71-ef8f-99e30aa71870,True,KXBTC15M-26SEP240715-15,0.4500,01a0d319-b340-75b9-962f-b82d21b83674,yes,yes,0,KXBTC15M-26SEP240715-15,07239f7f-6259-af71-ef8f-99e30aa71870,1790248072,0.5500
buy,bid,6.00,2026-09-24T10:26:50.72773Z,2,0.047600,07239924-9669-80ca-1937-dd76dbb1f322,True,KXBTC15M-26SEP240630-30,0.1300,01a0d2f4-2210-7fe7-a733-2d1d16b72e1c,yes,yes,0,KXBTC15M-26SEP240630-30,07239924-9669-80ca-1937-dd76dbb1f322,1790245610,0.8700
sell,ask,6.00,2026-09-24T10:23:03.920917Z,2,0.098000,07239932-0a11-8317-c9a0-5245677e8cd2,True,KXBTC15M-26SEP240630-30,0.3700,01a0d2f0-ab58-7c21-9b40-40ba2fe9499f,no,no,0,KXBTC15M-26SEP240630-30,07239932-0a11-8317-c9a0-5245677e8cd2,1790245383,0.6300
sell,ask,6.00,2026-09-24T09:55:13.767979Z,2,0.034100,0723998a-ea89-9d80-5eb4-6d5c04cd2ce4,True,KXBTC15M-26SEP240600-00,0.0890,01a0d2d7-2fe8-7946-b2ae-87b96d9059ec,no,no,0,KXBTC15M-26SEP240600-00,0723998a-ea89-9d80-5eb4-6d5c04cd2ce4,1790243713,0.9110
buy,bid,6.00,2026-09-24T09:53:47.089289Z,2,0.080900,07239982-a3f1-a0a1-d88f-f710cdcd5f7a,True,KXBTC15M-26SEP240600-00,0.2600,01a0d2d5-dff8-7615-9945-4becac91ef6a,yes,yes,0,KXBTC15M-26SEP240600-00,07239982-a3f1-a0a1-d88f-f710cdcd5f7a,1790243627,0.7400
buy,bid,6.00,2026-09-24T09:28:46.818667Z,2,0.002100,07239845-1609-9fb2-caec-a102109ec28a,True,KXBTC15M-26SEP240530-30,0.9950,01a0d2be-f8b0-78a7-9ad6-a1bc5168c68a,yes,yes,0,KXBTC15M-26SEP240530-30,07239845-1609-9fb2-caec-a102109ec28a,1790242126,0.0050
sell,ask,6.00,2026-09-24T09:25:08.827945Z,2,0.037800,07239855-35b9-ae13-71f7-984fe46f1322,True,KXBTC15M-26SEP240530-30,0.9000,01a0d2bb-a520-74bc-bbdd-f8613faa783b,no,no,0,KXBTC15M-26SEP240530-30,07239855-35b9-ae13-71f7-984fe46f1322,1790241908,0.1000
buy,bid,6.00,2026-09-24T09:12:14.394615Z,2,0.027800,07239810-8371-bdbc-ad21-11a483c3fd3d,True,KXBTC15M-26SEP240515-15,0.9290,01a0d2af-d5b0-72bf-8984-83dcf8854f05,yes,yes,0,KXBTC15M-26SEP240515-15,07239810-8371-bdbc-ad21-11a483c3fd3d,1790241134,0.0710
sell,ask,6.00,2026-09-24T09:10:39.628093Z,2,0.099000,07239817-d4d1-b1d6-ba28-f0e171269a68,True,KXBTC15M-26SEP240515-15,0.6200,01a0d2ae-6298-7273-8e49-cbbf770e0984,no,no,0,KXBTC15M-26SEP240515-15,07239817-d4d1-b1d6-ba28-f0e171269a68,1790241039,0.3800
buy,bid,6.00,2026-09-24T06:41:59.661943Z,2,0.105000,07239abf-5991-8acd-5694-53286d03d0b3,True,KXBTC15M-26SEP240245-45,0.4900,01a0d226-46d8-7f93-bc99-950fed232e90,yes,yes,0,KXBTC15M-26SEP240245-45,07239abf-5991-8acd-5694-53286d03d0b3,1790232119,0.5100
sell,ask,1.00,2026-09-24T06:41:55.422488Z,2,0.017400,07239abe-ebd9-ad2e-6bf7-8674a325eb31,True,KXBTC15M-26SEP240245-45,0.4800,01a0d226-3738-740a-bcb5-31135c256028,no,no,0,KXBTC15M-26SEP240245-45,07239abe-ebd9-ad2e-6bf7-8674a325eb31,1790232115,0.5200
sell,ask,0.84,2026-09-24T06:41:55.422488Z,2,0.014700,07239abe-ebd9-a851-6681-f623c52f6e30,True,KXBTC15M-26SEP240245-45,0.4800,01a0d226-3738-740a-bcb5-31135c256028,no,no,0,KXBTC15M-26SEP240245-45,07239abe-ebd9-a851-6681-f623c52f6e30,1790232115,0.5200
sell,ask,0.01,2026-09-24T06:41:55.422488Z,2,0.000200,07239abe-ebd9-a23b-4421-65c18b8475ed,True,KXBTC15M-26SEP240245-45,0.4800,01a0d226-3738-740a-bcb5-31135c256028,no,no,0,KXBTC15M-26SEP240245-45,07239abe-ebd9-a23b-4421-65c18b8475ed,1790232115,0.5200
sell,ask,3.15,2026-09-24T06:41:55.422488Z,2,0.055100,07239abe-ebd9-a1c1-43e0-ea176399c1d7,True,KXBTC15M-26SEP240245-45,0.4800,01a0d226-3738-740a-bcb5-31135c256028,no,no,0,KXBTC15M-26SEP240245-45,07239abe-ebd9-a1c1-43e0-ea176399c1d7,1790232115,0.5200
sell,ask,1.00,2026-09-24T06:41:55.422488Z,2,0.017500,07239abe-ebd9-a14b-7947-9faaabd75e96,True,KXBTC15M-26SEP240245-45,0.4800,01a0d226-3738-740a-bcb5-31135c256028,no,no,0,KXBTC15M-26SEP240245-45,07239abe-ebd9-a14b-7947-9faaabd75e96,1790232115,0.5200
sell,ask,6.00,2026-09-24T06:26:24.3025Z,2,0.104700,07239a77-f499-89f0-1afb-9ae3692e078e,True,KXBTC15M-26SEP240230-30,0.5300,01a0d218-0280-7cfd-ae96-66f1ea079ca5,no,no,0,KXBTC15M-26SEP240230-30,07239a77-f499-89f0-1afb-9ae3692e078e,1790231184,0.4700
buy,bid,6.00,2026-09-24T06:26:20.540899Z,2,0.103500,07239a48-3961-bbc3-1ba0-ac513cc51b12,True,KXBTC15M-26SEP240230-30,0.5600,01a0d217-f2e0-716e-a2d1-b665154fdf6e,yes,yes,0,KXBTC15M-26SEP240230-30,07239a48-3961-bbc3-1ba0-ac513cc51b12,1790231180,0.4400
buy,bid,6.00,2026-09-24T05:39:11.129716Z,2,0.101600,0723965f-9c01-9edb-9222-94f9578218f1,True,KXBTC15M-26SEP240145-45,0.4100,01a0d1ec-c818-78cf-8fbf-33cdb5e2ca87,yes,yes,0,KXBTC15M-26SEP240145-45,0723965f-9c01-9edb-9222-94f9578218f1,1790228351,0.5900
sell,ask,6.00,2026-09-24T05:38:11.169749Z,2,0.084700,07239644-a309-bf17-5932-891af62fccb7,True,KXBTC15M-26SEP240145-45,0.7200,01a0d1eb-ddb8-7056-bea8-cc5d3707864c,no,no,0,KXBTC15M-26SEP240145-45,07239644-a309-bf17-5932-891af62fccb7,1790228291,0.2800
buy,bid,68.01,2026-09-24T05:02:57.35066Z,2,0.466100,072396e6-9781-90c0-4740-7bfacf652618,True,KXBTC15M-26SEP240115-15,0.1100,01a0d1cb-9be8-7933-b78e-99df183004ef,yes,yes,0,KXBTC15M-26SEP240115-15,072396e6-9781-90c0-4740-7bfacf652618,1790226177,0.8900
buy,bid,1.99,2026-09-24T04:56:59.221602Z,2,0.029300,072396de-b099-8271-d9a9-789f222859c5,True,KXBTCD-26SEP2401-T83999.99,0.3000,01a0d1c6-2578-7d0d-98ee-5c1c6aad2999,yes,yes,0,KXBTCD-26SEP2401-T83999.99,072396de-b099-8271-d9a9-789f222859c5,1790225819,0.7000
buy,bid,59.03,2026-09-24T04:56:09.855303Z,2,0.131890,072396d0-d6e1-8057-12ae-b70e7f1c3d8f,True,KXBTC15M-26SEP240100-00,0.0330,01a0d1c5-6228-7e11-a4f3-bd9133579ecb,yes,yes,0,KXBTC15M-26SEP240100-00,072396d0-d6e1-8057-12ae-b70e7f1c3d8f,1790225769,0.9670
buy,bid,5.98,2026-09-24T04:52:51.885895Z,2,0.099600,072396cb-3381-ba5d-074d-8143ab31c053,True,KXBTC15M-26SEP240100-00,0.6100,01a0d1c2-5cb8-727f-a367-0049ad764d7e,yes,yes,0,KXBTC15M-26SEP240100-00,072396cb-3381-ba5d-074d-8143ab31c053,1790225571,0.3900
buy,bid,0.01,2026-09-24T04:52:51.885895Z,2,0.000200,072396cb-2e59-bce7-138c-2587e805c2aa,True,KXBTC15M-26SEP240100-00,0.6200,01a0d1c2-5cb8-727f-a367-0049ad764d7e,yes,yes,0,KXBTC15M-26SEP240100-00,072396cb-2e59-bce7-138c-2587e805c2aa,1790225571,0.3800
buy,bid,0.01,2026-09-24T04:52:51.885895Z,2,0.000200,072396cb-2e59-b465-2d80-7a4c1b26dfd6,True,KXBTC15M-26SEP240100-00,0.6200,01a0d1c2-5cb8-727f-a367-0049ad764d7e,yes,yes,0,KXBTC15M-26SEP240100-00,072396cb-2e59-b465-2d80-7a4c1b26dfd6,1790225571,0.3800
sell,ask,6.00,2026-09-24T04:51:13.591875Z,2,0.059300,072396c3-a1b9-a870-895f-a7790be56ef3,True,KXBTC15M-26SEP240100-00,0.8300,01a0d1c0-dde8-753a-80f5-3e666c597b04,no,no,0,KXBTC15M-26SEP240100-00,072396c3-a1b9-a870-895f-a7790be56ef3,1790225473,0.1700
sell,ask,6.00,2026-09-24T01:25:13.545214Z,2,0.103000,07239515-5261-84ee-080a-e8e954ec5523,True,KXBTC15M-26SEP232130-30,0.5700,01a0d104-44a8-7d9e-a928-c5ce7a64d164,no,no,0,KXBTC15M-26SEP232130-30,07239515-5261-84ee-080a-e8e954ec5523,1790213113,0.4300
buy,bid,6.00,2026-09-24T01:25:04.9962Z,2,0.105000,07239514-a781-a4d1-b1bc-c3d72aa14ba8,True,KXBTC15M-26SEP232130-30,0.5000,01a0d104-2180-75a5-8241-91ad61ae4235,yes,yes,0,KXBTC15M-26SEP232130-30,07239514-a781-a4d1-b1bc-c3d72aa14ba8,1790213104,0.5000
buy,bid,6.00,2026-09-24T00:57:33.932197Z,2,0.095600,07239341-3169-b9e6-9dd6-b8660d59fa3a,True,KXBTC15M-26SEP232100-00,0.6500,01a0d0ea-f048-715a-8492-73aab534eb24,yes,yes,0,KXBTC15M-26SEP232100-00,07239341-3169-b9e6-9dd6-b8660d59fa3a,1790211453,0.3500
sell,ask,6.00,2026-09-24T00:54:02.713404Z,2,0.050600,07239379-5469-8de5-5d58-427496872a1f,True,KXBTC15M-26SEP232100-00,0.8600,01a0d0e7-b810-7ca0-ba7f-42eed6be8430,no,no,0,KXBTC15M-26SEP232100-00,07239379-5469-8de5-5d58-427496872a1f,1790211242,0.1400
buy,bid,0.01,2026-09-24T00:43:01.744401Z,2,0.000200,072393ab-2a29-9d85-13d2-7eb92706191c,True,KXBTC15M-26SEP232045-45,0.5700,01a0d0dd-a208-7a12-a520-8ca3ff89a7e2,yes,yes,0,KXBTC15M-26SEP232045-45,072393ab-2a29-9d85-13d2-7eb92706191c,1790210581,0.4300
buy,bid,3.98,2026-09-24T00:43:01.744401Z,2,0.068300,072393ab-2a29-9a0f-1510-9381f5998a84,True,KXBTC15M-26SEP232045-45,0.5700,01a0d0dd-a208-7a12-a520-8ca3ff89a7e2,yes,yes,0,KXBTC15M-26SEP232045-45,072393ab-2a29-9a0f-1510-9381f5998a84,1790210581,0.4300
buy,bid,1.00,2026-09-24T00:43:01.744401Z,2,0.017100,072393ab-2a29-99df-0103-8ab233f66dda,True,KXBTC15M-26SEP232045-45,0.5700,01a0d0dd-a208-7a12-a520-8ca3ff89a7e2,yes,yes,0,KXBTC15M-26SEP232045-45,072393ab-2a29-99df-0103-8ab233f66dda,1790210581,0.4300
buy,bid,0.01,2026-09-24T00:43:01.744401Z,2,0.000200,072393ab-2a29-9555-381a-f23a4b63f22a,True,KXBTC15M-26SEP232045-45,0.5700,01a0d0dd-a208-7a12-a520-8ca3ff89a7e2,yes,yes,0,KXBTC15M-26SEP232045-45,072393ab-2a29-9555-381a-f23a4b63f22a,1790210581,0.4300
buy,bid,1.00,2026-09-24T00:43:01.744401Z,2,0.017200,072393ab-2a29-9023-1165-91c6a14bc4a6,True,KXBTC15M-26SEP232045-45,0.5700,01a0d0dd-a208-7a12-a520-8ca3ff89a7e2,yes,yes,0,KXBTC15M-26SEP232045-45,072393ab-2a29-9023-1165-91c6a14bc4a6,1790210581,0.4300
sell,ask,6.00,2026-09-24T00:41:09.753767Z,2,0.074400,072393b4-5ea9-ba5f-7e88-76905077463e,True,KXBTC15M-26SEP232045-45,0.7700,01a0d0db-ec88-7157-b792-0f7769aed4bb,no,no,0,KXBTC15M-26SEP232045-45,072393b4-5ea9-ba5f-7e88-76905077463e,1790210469,0.2300
sell,ask,6.00,2026-09-24T00:25:39.879564Z,2,0.105000,072393fb-5931-959a-7bef-96d29c0bbdc3,True,KXBTC15M-26SEP232030-30,0.5100,01a0d0cd-bbb8-783d-becb-480b2c57290b,no,no,0,KXBTC15M-26SEP232030-30,072393fb-5931-959a-7bef-96d29c0bbdc3,1790209539,0.4900
buy,bid,6.00,2026-09-24T00:25:11.592854Z,2,0.086500,072393f8-7739-af02-8e84-fe3aff1edc4e,True,KXBTC15M-26SEP232030-30,0.2900,01a0d0cd-4e58-7581-8117-36e736caa51d,yes,yes,0,KXBTC15M-26SEP232030-30,072393f8-7739-af02-8e84-fe3aff1edc4e,1790209511,0.7100
sell,ask,6.00,2026-09-24T00:10:47.835613Z,2,0.082800,072393c0-6239-8baf-f173-f3e9fb507396,True,KXBTC15M-26SEP232015-15,0.7300,01a0d0c0-1f58-7e1c-90a2-681273e1c6c2,no,no,0,KXBTC15M-26SEP232015-15,072393c0-6239-8baf-f173-f3e9fb507396,1790208647,0.2700
buy,bid,6.00,2026-09-24T00:09:12.368393Z,2,0.104000,07239244-1959-a3de-ac3a-7c107e424d08,True,KXBTC15M-26SEP232015-15,0.4500,01a0d0be-ac40-7421-8657-8e290ef391b7,yes,yes,0,KXBTC15M-26SEP232015-15,07239244-1959-a3de-ac3a-7c107e424d08,1790208552,0.5500
buy,bid,6.00,2026-09-23T23:53:19.026893Z,2,0.031300,07239270-9bd1-adac-e9a1-4beedcd6a2c4,True,KXBTC15M-26SEP232000-00,0.9190,01a0d0b0-2198-76c4-9f5d-0009f686d539,yes,yes,0,KXBTC15M-26SEP232000-00,07239270-9bd1-adac-e9a1-4beedcd6a2c4,1790207599,0.0810
sell,ask,6.00,2026-09-23T23:50:37.042971Z,2,0.076700,0723921b-3e31-b6f5-9d62-fe04817c7eb2,True,KXBTC15M-26SEP232000-00,0.7600,01a0d0ad-a8c8-7148-8b77-e6591cb45258,no,no,0,KXBTC15M-26SEP232000-00,0723921b-3e31-b6f5-9d62-fe04817c7eb2,1790207437,0.2400
buy,bid,6.00,2026-09-23T23:42:49.157432Z,2,0.053600,0723923c-9261-87ef-919c-79db65799225,True,KXBTC15M-26SEP231945-45,0.8500,01a0d0a6-84a8-7c79-8b11-03f782b8fc06,yes,yes,0,KXBTC15M-26SEP231945-45,0723923c-9261-87ef-919c-79db65799225,1790206969,0.1500
sell,ask,6.00,2026-09-23T23:41:10.250818Z,2,0.105000,07239230-f9c9-8cd9-82fd-18798ddc32e2,True,KXBTC15M-26SEP231945-45,0.5100,01a0d0a5-01f0-7dcb-8459-41ceb98d3026,no,no,0,KXBTC15M-26SEP231945-45,07239230-f9c9-8cd9-82fd-18798ddc32e2,1790206870,0.4900
buy,bid,3.25,2026-09-23T23:22:34.865136Z,2,0.025800,072392dc-10d1-ae78-c12b-698be394a9ff,True,KXBTC15M-26SEP231930-30,0.8700,01a0d093-fa90-7572-9f6f-058335a45a66,yes,yes,0,KXBTC15M-26SEP231930-30,072392dc-10d1-ae78-c12b-698be394a9ff,1790205754,0.1300
buy,bid,2.75,2026-09-23T23:22:34.865136Z,2,0.021800,072392dc-10d1-add0-f5ec-4877feaa9e7a,True,KXBTC15M-26SEP231930-30,0.8700,01a0d093-fa90-7572-9f6f-058335a45a66,yes,yes,0,KXBTC15M-26SEP231930-30,072392dc-10d1-add0-f5ec-4877feaa9e7a,1790205754,0.1300
sell,ask,6.00,2026-09-23T23:20:34.610462Z,2,0.089900,072392da-b291-9dc6-7cc9-49bc16331108,True,KXBTC15M-26SEP231930-30,0.6900,01a0d092-25d0-7a90-bd0d-977d23b35a51,no,no,0,KXBTC15M-26SEP231930-30,072392da-b291-9dc6-7cc9-49bc16331108,1790205634,0.3100
buy,bid,6.00,2026-09-23T22:40:30.22386Z,2,0.092900,072391d8-abf1-8fdb-0f9f-3551d768e5c6,True,KXBTC15M-26SEP231845-45,0.6700,01a0d06d-7730-7f48-a750-7c9701bcec58,yes,yes,0,KXBTC15M-26SEP231845-45,072391d8-abf1-8fdb-0f9f-3551d768e5c6,1790203230,0.3300
sell,ask,6.00,2026-09-23T22:40:18.407804Z,2,0.099000,072391d8-6911-a0ac-93a6-136a0090ac91,True,KXBTC15M-26SEP231845-45,0.6200,01a0d06d-4850-7507-81e6-762d7a82e4ab,no,no,0,KXBTC15M-26SEP231845-45,072391d8-6911-a0ac-93a6-136a0090ac91,1790203218,0.3800
sell,ask,6.00,2026-09-23T21:38:31.718535Z,2,0.030600,072390e6-6c91-ad3f-2f3d-541b96e58a99,True,KXBTC15M-26SEP231745-45,0.0790,01a0d034-b7d8-76fb-adb1-078f33134abf,no,no,0,KXBTC15M-26SEP231745-45,072390e6-6c91-ad3f-2f3d-541b96e58a99,1790199511,0.9210
buy,bid,5.98,2026-09-23T21:35:46.424466Z,2,0.078500,072390fa-eef1-b81d-dfe8-aef6d1dc4db0,True,KXBTC15M-26SEP231745-45,0.2500,01a0d032-3350-728b-94fd-15ce6c412267,yes,yes,0,KXBTC15M-26SEP231745-45,072390fa-eef1-b81d-dfe8-aef6d1dc4db0,1790199346,0.7500
buy,bid,0.01,2026-09-23T21:35:46.424466Z,2,0.000200,072390fa-d289-bbe9-ec2b-360b2a036f95,True,KXBTC15M-26SEP231745-45,0.2500,01a0d032-3350-728b-94fd-15ce6c412267,yes,yes,0,KXBTC15M-26SEP231745-45,072390fa-d289-bbe9-ec2b-360b2a036f95,1790199346,0.7500
buy,bid,0.01,2026-09-23T21:35:46.424466Z,2,0.000100,072390fa-d289-b026-fdf7-2ecf578a9a5f,True,KXBTC15M-26SEP231745-45,0.2500,01a0d032-3350-728b-94fd-15ce6c412267,yes,yes,0,KXBTC15M-26SEP231745-45,072390fa-d289-b026-fdf7-2ecf578a9a5f,1790199346,0.7500
buy,bid,6.00,2026-09-23T21:22:53.275623Z,2,0.100800,072390bf-f8e9-8c68-8524-812c0149a2b9,True,KXBTC15M-26SEP231730-30,0.6000,01a0d026-67c8-7d34-8a6d-b8ea8ffba888,yes,yes,0,KXBTC15M-26SEP231730-30,072390bf-f8e9-8c68-8524-812c0149a2b9,1790198573,0.4000
sell,ask,6.00,2026-09-23T21:20:32.973919Z,2,0.102400,072390b5-4501-9a96-c234-4831d94cb412,True,KXBTC15M-26SEP231730-30,0.5800,01a0d024-4100-7b61-9971-804b0a5d75bf,no,no,0,KXBTC15M-26SEP231730-30,072390b5-4501-9a96-c234-4831d94cb412,1790198432,0.4200
buy,bid,60.27,2026-09-23T19:13:35.169502Z,2,0.850600,0723f170-1b79-bfcc-a6a5-3052ff76027f,True,KXBTC15M-26SEP231515-15,0.2800,01a0cfb0-0718-721f-8103-406a0588f8ef,yes,yes,0,KXBTC15M-26SEP231515-15,0723f170-1b79-bfcc-a6a5-3052ff76027f,1790190815,0.7200
sell,bid,6.00,2026-09-23T18:43:29.35724Z,2,0.089900,0723f1c5-99c9-9e13-031a-d2cbd7930f7b,True,KXBTC15M-26SEP231445-45,0.3100,01a0cf94-7868-7899-a1ec-3864a4771dd6,yes,yes,0,KXBTC15M-26SEP231445-45,0723f1c5-99c9-9e13-031a-d2cbd7930f7b,1790189009,0.6900
sell,ask,6.00,2026-09-23T18:42:17.959983Z,2,0.104700,0723f1de-2389-ae32-8bf9-ecd76066e34f,True,KXBTC15M-26SEP231445-45,0.5300,01a0cf93-5f28-7643-89c9-b8c1123c8a52,no,no,0,KXBTC15M-26SEP231445-45,0723f1de-2389-ae32-8bf9-ecd76066e34f,1790188937,0.4700
sell,ask,6.00,2026-09-23T18:41:09.446984Z,2,0.096800,0723f1db-1b99-846f-875a-84a19a78447f,True,KXBTC15M-26SEP231445-45,0.6400,01a0cf92-5588-7f3c-8174-17c1069a4b1a,no,no,0,KXBTC15M-26SEP231445-45,0723f1db-1b99-846f-875a-84a19a78447f,1790188869,0.3600
buy,bid,6.00,2026-09-23T18:40:50.878266Z,2,0.103500,0723f1da-2a29-bb02-624e-90fcf1435ee7,True,KXBTC15M-26SEP231445-45,0.4400,01a0cf92-0b50-73ae-b6bb-b5e86c6b2339,yes,yes,0,KXBTC15M-26SEP231445-45,0723f1da-2a29-bb02-624e-90fcf1435ee7,1790188850,0.5600
sell,ask,6.00,2026-09-23T18:26:50.902125Z,2,0.092900,0723f191-d251-9177-4d8a-497e3cecddef,True,KXBTC15M-26SEP231430-30,0.6700,01a0cf85-3a10-7a49-b5ed-ec96270c2875,no,no,0,KXBTC15M-26SEP231430-30,0723f191-d251-9177-4d8a-497e3cecddef,1790188010,0.3300
buy,bid,6.00,2026-09-23T18:25:07.328616Z,2,0.100800,0723f18d-3959-82fb-be01-ee7a90ea0032,True,KXBTC15M-26SEP231430-30,0.6000,01a0cf83-a7b8-7d56-8fe1-0cd39236412c,yes,yes,0,KXBTC15M-26SEP231430-30,0723f18d-3959-82fb-be01-ee7a90ea0032,1790187907,0.4000
buy,bid,6.00,2026-09-23T18:23:41.433162Z,2,0.103500,0723f18b-0cc1-badb-5d13-6f3daab03698,True,KXBTC15M-26SEP231430-30,0.5600,01a0cf82-57c8-7236-bf4f-371ef24fcd17,yes,yes,0,KXBTC15M-26SEP231430-30,0723f18b-0cc1-badb-5d13-6f3daab03698,1790187821,0.4400
sell,ask,6.00,2026-09-23T18:21:33.861672Z,2,0.099000,0723f181-ece9-9895-35d9-b64e33760b9e,True,KXBTC15M-26SEP231430-30,0.6200,01a0cf80-63c8-785e-ad97-9a0ac404e29f,no,no,0,KXBTC15M-26SEP231430-30,0723f181-ece9-9895-35d9-b64e33760b9e,1790187693,0.3800
buy,bid,0.01,2026-09-23T18:13:47.373014Z,2,0.000050,0723f29c-5a99-aedf-9a87-e1fe8f588160,True,KXBTC15M-26SEP231415-15,0.9850,01a0cf79-4778-75ef-84aa-0747ff78b49b,yes,yes,0,KXBTC15M-26SEP231415-15,0723f29c-5a99-aedf-9a87-e1fe8f588160,1790187227,0.0150
buy,bid,5.98,2026-09-23T18:13:47.373014Z,2,0.006200,0723f29c-5a99-ab68-9fc2-c2699e699a57,True,KXBTC15M-26SEP231415-15,0.9850,01a0cf79-4778-75ef-84aa-0747ff78b49b,yes,yes,0,KXBTC15M-26SEP231415-15,0723f29c-5a99-ab68-9fc2-c2699e699a57,1790187227,0.0150
buy,bid,0.01,2026-09-23T18:13:47.373014Z,2,0.000050,0723f29c-5a99-a656-83d4-9d4b4b00a320,True,KXBTC15M-26SEP231415-15,0.9850,01a0cf79-4778-75ef-84aa-0747ff78b49b,yes,yes,0,KXBTC15M-26SEP231415-15,0723f29c-5a99-a656-83d4-9d4b4b00a320,1790187227,0.0150
sell,ask,1.00,2026-09-23T18:10:09.581093Z,2,0.008500,0723f2a2-3fa1-b1f0-c073-82e4da217bb3,True,KXBTC15M-26SEP231415-15,0.8600,01a0cf75-f3e8-702a-96a7-fd80092253a7,no,no,0,KXBTC15M-26SEP231415-15,0723f2a2-3fa1-b1f0-c073-82e4da217bb3,1790187009,0.1400
sell,ask,1.00,2026-09-23T18:10:09.581093Z,2,0.008400,0723f2a2-3c49-bbe2-e974-472d7fea531b,True,KXBTC15M-26SEP231415-15,0.8600,01a0cf75-f3e8-702a-96a7-fd80092253a7,no,no,0,KXBTC15M-26SEP231415-15,0723f2a2-3c49-bbe2-e974-472d7fea531b,1790187009,0.1400
sell,ask,0.01,2026-09-23T18:10:09.581093Z,2,0.000100,0723f2a2-3c49-b5a7-d6a4-d358f7ace0b1,True,KXBTC15M-26SEP231415-15,0.8600,01a0cf75-f3e8-702a-96a7-fd80092253a7,no,no,0,KXBTC15M-26SEP231415-15,0723f2a2-3c49-b5a7-d6a4-d358f7ace0b1,1790187009,0.1400
sell,ask,3.99,2026-09-23T18:10:09.581093Z,2,0.033600,0723f2a2-3c49-b334-e3d1-334386288523,True,KXBTC15M-26SEP231415-15,0.8600,01a0cf75-f3e8-702a-96a7-fd80092253a7,no,no,0,KXBTC15M-26SEP231415-15,0723f2a2-3c49-b334-e3d1-334386288523,1790187009,0.1400
sell,ask,6.00,2026-09-23T18:09:25.427044Z,2,0.069700,0723f2a6-5711-8704-870a-b3e63ad5be99,True,KXBTC15M-26SEP231415-15,0.7900,01a0cf75-4808-7f1d-86ed-3ef2543fdeb1,no,no,0,KXBTC15M-26SEP231415-15,0723f2a6-5711-8704-870a-b3e63ad5be99,1790186965,0.2100
buy,bid,6.00,2026-09-23T18:08:46.965508Z,2,0.099000,0723f2a6-1171-88ba-a82d-de0c34f8984e,True,KXBTC15M-26SEP231415-15,0.6200,01a0cf74-afb0-7d82-8f5a-b7aada5e0506,yes,yes,0,KXBTC15M-26SEP231415-15,0723f2a6-1171-88ba-a82d-de0c34f8984e,1790186926,0.3800
sell,ask,6.00,2026-09-23T18:08:30.755955Z,2,0.098000,0723f2a5-b5f1-bbe6-14c4-34c1bc998e0f,True,KXBTC15M-26SEP231415-15,0.6300,01a0cf74-7130-71bf-a55e-bc9c66e0c81e,no,no,0,KXBTC15M-26SEP231415-15,0723f2a5-b5f1-bbe6-14c4-34c1bc998e0f,1790186910,0.3700
buy,bid,6.00,2026-09-23T18:05:12.651343Z,2,0.094300,0723f2b4-c8d9-af81-18ae-ba7c8ee00835,True,KXBTC15M-26SEP231415-15,0.6600,01a0cf71-6bc0-7498-ae66-3b5441514dbb,yes,yes,0,KXBTC15M-26SEP231415-15,0723f2b4-c8d9-af81-18ae-ba7c8ee00835,1790186712,0.3400
sell,ask,6.00,2026-09-23T17:09:07.469844Z,2,0.022300,0723f3c6-4789-b651-fa6a-c705cd2222d4,True,KXBTC15M-26SEP231315-15,0.9440,01a0cf3e-1338-71eb-934a-81118d2f6498,no,no,0,KXBTC15M-26SEP231315-15,0723f3c6-4789-b651-fa6a-c705cd2222d4,1790183347,0.0560
buy,bid,6.00,2026-09-23T17:05:31.343732Z,2,0.067200,0723f3d1-da99-9902-44c8-b8c8b5935ced,True,KXBTC15M-26SEP231315-15,0.8000,01a0cf3a-c778-79d9-b3d9-bb896f499456,yes,yes,0,KXBTC15M-26SEP231315-15,0723f3d1-da99-9902-44c8-b8c8b5935ced,1790183131,0.2000
buy,ask,29.61,2026-09-23T16:56:13.325585Z,2,0.048640,0723f3fb-30c1-9d40-6009-2195715e5144,True,KXBTC15M-26SEP231300-00,0.9760,01a0cf32-43c8-783e-b5a6-1eb02691ec65,no,no,0,KXBTC15M-26SEP231300-00,0723f3fb-30c1-9d40-6009-2195715e5144,1790182573,0.0240
buy,ask,0.01,2026-09-23T16:56:13.325585Z,2,0.000040,0723f3fb-30c1-991c-557b-78ef243ba2e6,True,KXBTC15M-26SEP231300-00,0.9760,01a0cf32-43c8-783e-b5a6-1eb02691ec65,no,no,0,KXBTC15M-26SEP231300-00,0723f3fb-30c1-991c-557b-78ef243ba2e6,1790182573,0.0240
buy,ask,21.51,2026-09-23T16:56:13.325585Z,2,0.035140,0723f3fb-30c1-977a-70e0-cfbbdd90a96e,True,KXBTC15M-26SEP231300-00,0.9760,01a0cf32-43c8-783e-b5a6-1eb02691ec65,no,no,0,KXBTC15M-26SEP231300-00,0723f3fb-30c1-977a-70e0-cfbbdd90a96e,1790182573,0.0240
buy,ask,0.01,2026-09-23T16:56:13.325585Z,2,0.000040,0723f3fb-30c1-974b-47f8-47c2e1e2553d,True,KXBTC15M-26SEP231300-00,0.9760,01a0cf32-43c8-783e-b5a6-1eb02691ec65,no,no,0,KXBTC15M-26SEP231300-00,0723f3fb-30c1-974b-47f8-47c2e1e2553d,1790182573,0.0240
sell,ask,0.01,2026-09-23T16:56:07.315512Z,2,0.000080,0723f3fa-9d39-bc3a-1eef-20cf91ef146e,True,KXBTC15M-26SEP231300-00,0.9720,01a0cf32-2c58-70ec-a2c7-8b757d25aa65,no,no,0,KXBTC15M-26SEP231300-00,0723f3fa-9d39-bc3a-1eef-20cf91ef146e,1790182567,0.0280
sell,ask,5.98,2026-09-23T16:56:07.315512Z,2,0.010960,0723f3fa-9d39-b921-16ab-482693289398,True,KXBTC15M-26SEP231300-00,0.9730,01a0cf32-2c58-70ec-a2c7-8b757d25aa65,no,no,0,KXBTC15M-26SEP231300-00,0723f3fa-9d39-b921-16ab-482693289398,1790182567,0.0270
sell,ask,0.01,2026-09-23T16:56:07.315512Z,2,0.000080,0723f3fa-9d39-b5d1-17fb-fc204b353582,True,KXBTC15M-26SEP231300-00,0.9720,01a0cf32-2c58-70ec-a2c7-8b757d25aa65,no,no,0,KXBTC15M-26SEP231300-00,0723f3fa-9d39-b5d1-17fb-fc204b353582,1790182567,0.0280
buy,bid,1.00,2026-09-23T16:50:49.830883Z,2,0.009000,0723f399-69d9-ad64-fb2c-012ad01465a0,True,KXBTC15M-26SEP231300-00,0.8500,01a0cf2d-5228-765e-9bb9-b5d5c9db64f0,yes,yes,0,KXBTC15M-26SEP231300-00,0723f399-69d9-ad64-fb2c-012ad01465a0,1790182249,0.1500
buy,bid,4.00,2026-09-23T16:50:49.830883Z,2,0.035700,0723f399-4a99-a9e1-d1ef-0a501b46346d,True,KXBTC15M-26SEP231300-00,0.8500,01a0cf2d-5228-765e-9bb9-b5d5c9db64f0,yes,yes,0,KXBTC15M-26SEP231300-00,0723f399-4a99-a9e1-d1ef-0a501b46346d,1790182249,0.1500
buy,bid,1.00,2026-09-23T16:50:49.830883Z,2,0.008900,0723f399-18f9-ae2e-cdbc-cd68a0c351cd,True,KXBTC15M-26SEP231300-00,0.8500,01a0cf2d-5228-765e-9bb9-b5d5c9db64f0,yes,yes,0,KXBTC15M-26SEP231300-00,0723f399-18f9-ae2e-cdbc-cd68a0c351cd,1790182249,0.1500
buy,bid,3.00,2026-09-23T16:43:49.607902Z,2,0.001700,0723f3bd-4381-bccd-bbad-dadf83dce0af,True,KXBTC15M-26SEP231245-45,0.9920,01a0cf26-e988-70e0-82c5-5d73a366a4fb,yes,yes,0,KXBTC15M-26SEP231245-45,0723f3bd-4381-bccd-bbad-dadf83dce0af,1790181829,0.0080
buy,bid,3.00,2026-09-23T16:43:49.607902Z,2,0.001700,0723f3bd-4381-b507-8a42-63d7ea256253,True,KXBTC15M-26SEP231245-45,0.9920,01a0cf26-e988-70e0-82c5-5d73a366a4fb,yes,yes,0,KXBTC15M-26SEP231245-45,0723f3bd-4381-b507-8a42-63d7ea256253,1790181829,0.0080
sell,ask,6.00,2026-09-23T16:39:34.525161Z,2,0.047600,0723f3af-1449-abc0-9086-1304b4389b20,True,KXBTC15M-26SEP231245-45,0.8700,01a0cf23-0570-74b8-8834-0295309334b1,no,no,0,KXBTC15M-26SEP231245-45,0723f3af-1449-abc0-9086-1304b4389b20,1790181574,0.1300
buy,bid,6.00,2026-09-23T16:38:59.877332Z,2,0.076700,0723f3ab-8a31-828a-e875-f54e336d15c9,True,KXBTC15M-26SEP231245-45,0.7600,01a0cf22-7cb8-7dec-9f12-a88c1416abc8,yes,yes,0,KXBTC15M-26SEP231245-45,0723f3ab-8a31-828a-e875-f54e336d15c9,1790181539,0.2400
sell,ask,6.00,2026-09-23T16:35:09.650453Z,2,0.103000,0723f365-1369-b1e4-7bff-d96b80ac6b6a,True,KXBTC15M-26SEP231245-45,0.4300,01a0cf1e-fa48-70ed-bb71-73b013e61ce2,no,no,0,KXBTC15M-26SEP231245-45,0723f365-1369-b1e4-7bff-d96b80ac6b6a,1790181309,0.5700
buy,bid,6.00,2026-09-23T16:26:57.324026Z,2,0.062000,0723f34a-a019-ac96-78b7-f97d3aef4de2,True,KXBTC15M-26SEP231230-30,0.8200,01a0cf17-7868-7759-b24f-85794098eb64,yes,yes,0,KXBTC15M-26SEP231230-30,0723f34a-a019-ac96-78b7-f97d3aef4de2,1790180817,0.1800
sell,ask,6.00,2026-09-23T16:26:38.920333Z,2,0.037800,0723f34b-96f1-a663-4172-2a986914586a,True,KXBTC15M-26SEP231230-30,0.9000,01a0cf17-2e30-74c5-b664-6d7db9d5d6c4,no,no,0,KXBTC15M-26SEP231230-30,0723f34b-96f1-a663-4172-2a986914586a,1790180798,0.1000
buy,bid,6.00,2026-09-23T16:25:29.597087Z,2,0.082800,0723f34e-9e61-acd1-6866-9eb0d80d125b,True,KXBTC15M-26SEP231230-30,0.7300,01a0cf16-20a8-77ea-bd14-1f245a489f11,yes,yes,0,KXBTC15M-26SEP231230-30,0723f34e-9e61-acd1-6866-9eb0d80d125b,1790180729,0.2700
sell,ask,6.00,2026-09-23T16:13:51.878177Z,2,0.000500,0723f326-ab09-b4c7-afa2-204d6b2cc40b,True,KXBTC15M-26SEP231215-15,0.0010,01a0cf0b-7a18-71d7-8edf-e4c3037d212d,no,no,0,KXBTC15M-26SEP231215-15,0723f326-ab09-b4c7-afa2-204d6b2cc40b,1790180031,0.9990
buy,bid,44.73,2026-09-23T16:06:37.486116Z,2,0.420900,0723f317-bdc1-9aa0-573f-d4fb48a31d04,True,KXBTC15M-26SEP231215-15,0.1600,01a0cf04-dac8-7a66-b062-edd880525fd9,yes,yes,0,KXBTC15M-26SEP231215-15,0723f317-bdc1-9aa0-573f-d4fb48a31d04,1790179597,0.8400
buy,bid,6.00,2026-09-23T16:06:33.377915Z,2,0.059300,0723f313-72f9-92e9-a154-7f711e7c2568,True,KXBTC15M-26SEP231215-15,0.1700,01a0cf04-cb28-7950-8c98-ea9eae9bc237,yes,yes,0,KXBTC15M-26SEP231215-15,0723f313-72f9-92e9-a154-7f711e7c2568,1790179593,0.8300
sell,bid,173.94,2026-09-23T16:06:23.501726Z,2,0.000000,0723f316-e941-8aa3-7290-29c44272edf4,False,KXBTC15M-26SEP231215-15,0.2500,01a0cf04-7920-7a89-a616-83001427a9c8,yes,yes,0,KXBTC15M-26SEP231215-15,0723f316-e941-8aa3-7290-29c44272edf4,1790179583,0.7500
buy,ask,173.94,2026-09-23T16:03:23.278349Z,2,1.192100,0723f306-4ec9-b8d7-ee73-df6b3c1ff343,True,KXBTC15M-26SEP231215-15,0.8900,01a0cf01-e4f8-71dd-977c-d7f263a1bce1,no,no,0,KXBTC15M-26SEP231215-15,0723f306-4ec9-b8d7-ee73-df6b3c1ff343,1790179403,0.1100
buy,bid,6.00,2026-09-23T15:54:21.277125Z,2,0.041200,0723f51f-e4c1-a6d4-96ec-57f2cdb1fa96,True,KXBTC15M-26SEP231200-00,0.8900,01a0cef9-9fc8-76d3-85e8-c0643ae0d7de,yes,yes,0,KXBTC15M-26SEP231200-00,0723f51f-e4c1-a6d4-96ec-57f2cdb1fa96,1790178861,0.1100
buy,ask,154.66,2026-09-23T15:48:12.907681Z,2,0.704800,0723f53c-03f9-bfc7-5c6b-2ad2b84a4c16,True,KXBTCD-26SEP2312-T84499.99,0.9300,01a0cef3-fe60-722d-b6fc-ed169e7eebba,no,no,0,KXBTCD-26SEP2312-T84499.99,0723f53c-03f9-bfc7-5c6b-2ad2b84a4c16,1790178492,0.0700
sell,ask,6.00,2026-09-23T15:37:30.960759Z,2,0.053600,0723f542-f8d1-8594-3b73-b8501e8f0ee4,True,KXBTC15M-26SEP231145-45,0.8500,01a0ceea-3290-7e60-a270-4eba68c00ea3,no,no,0,KXBTC15M-26SEP231145-45,0723f542-f8d1-8594-3b73-b8501e8f0ee4,1790177850,0.1500
buy,bid,6.00,2026-09-23T15:35:39.762866Z,2,0.103000,0723f54a-8319-a872-e272-20d233536a6a,True,KXBTC15M-26SEP231145-45,0.5700,01a0cee8-80f8-7421-9d05-5280e09a1147,yes,yes,0,KXBTC15M-26SEP231145-45,0723f54a-8319-a872-e272-20d233536a6a,1790177739,0.4300
sell,ask,6.00,2026-09-23T15:27:00.772455Z,2,0.100800,0723f562-c739-bd5c-3a7c-48cc021d7833,True,KXBTC15M-26SEP231130-30,0.4000,01a0cee0-95a0-72e0-a2d1-3fefc16721bc,no,no,0,KXBTC15M-26SEP231130-30,0723f562-c739-bd5c-3a7c-48cc021d7833,1790177220,0.6000
buy,bid,6.00,2026-09-23T15:25:55.369028Z,2,0.084700,0723f5a1-c959-8c14-1807-9898ba706c86,True,KXBTC15M-26SEP231130-30,0.7200,01a0cedf-97b8-7f46-ad0c-7bd34c28bab3,yes,yes,0,KXBTC15M-26SEP231130-30,0723f5a1-c959-8c14-1807-9898ba706c86,1790177155,0.2800
sell,ask,6.00,2026-09-23T15:25:31.285026Z,2,0.064700,0723f5a3-d1f1-808f-0c08-bf86092d4164,True,KXBTC15M-26SEP231130-30,0.8100,01a0cedf-39f8-7d2d-ab5f-b68092e30d89,no,no,0,KXBTC15M-26SEP231130-30,0723f5a3-d1f1-808f-0c08-bf86092d4164,1790177131,0.1900
buy,bid,6.00,2026-09-23T15:23:26.160386Z,2,0.104400,0723f5a8-0b09-93d4-8ce4-93d01027106c,True,KXBTC15M-26SEP231130-30,0.5400,01a0cedd-51b0-7938-823d-afbbe716d892,yes,yes,0,KXBTC15M-26SEP231130-30,0723f5a8-0b09-93d4-8ce4-93d01027106c,1790177006,0.4600
buy,bid,6.00,2026-09-23T15:22:53.617475Z,2,0.100800,0723f5af-cd41-a942-2758-b68598df912a,True,KXBTC15M-26SEP231130-30,0.6000,01a0cedc-d0c8-7554-a582-04231fe63030,yes,yes,0,KXBTC15M-26SEP231130-30,0723f5af-cd41-a942-2758-b68598df912a,1790176973,0.4000
sell,ask,6.00,2026-09-23T15:21:32.915878Z,2,0.072100,0723f5b5-c1f9-8c36-c44e-7eaa40cfff4b,True,KXBTC15M-26SEP231130-30,0.7800,01a0cedb-9460-7ebf-9fa0-9ffe656c0842,no,no,0,KXBTC15M-26SEP231130-30,0723f5b5-c1f9-8c36-c44e-7eaa40cfff4b,1790176892,0.2200
buy,bid,6.00,2026-09-23T15:13:05.340592Z,2,0.002600,0723f59c-8849-b864-ca3f-e4e4aa600446,True,KXBTC15M-26SEP231115-15,0.0060,01a0ced3-d7e8-7389-953f-df68669cfbb9,yes,yes,0,KXBTC15M-26SEP231115-15,0723f59c-8849-b864-ca3f-e4e4aa600446,1790176385,0.9940
sell,ask,6.00,2026-09-23T15:09:30.667013Z,2,0.056500,0723f592-d051-9a82-f322-0e116607db01,True,KXBTC15M-26SEP231115-15,0.1600,01a0ced0-9010-7af7-99a4-5b67033503a2,no,no,0,KXBTC15M-26SEP231115-15,0723f592-d051-9a82-f322-0e116607db01,1790176170,0.8400
buy,bid,6.00,2026-09-23T15:08:31.530075Z,2,0.050600,0723f5f1-0ff9-a9e3-3d0e-f029de641e83,True,KXBTC15M-26SEP231115-15,0.1400,01a0cecf-a998-757c-a83d-2b31b0fc8b9a,yes,yes,0,KXBTC15M-26SEP231115-15,0723f5f1-0ff9-a9e3-3d0e-f029de641e83,1790176111,0.8600
sell,ask,6.00,2026-09-23T15:06:03.568782Z,2,0.101600,0723f5f8-fa99-ae20-6aaf-867eb2c8a66c,True,KXBTC15M-26SEP231115-15,0.4100,01a0cecd-6778-77da-b986-e0bdf60c5f84,no,no,0,KXBTC15M-26SEP231115-15,0723f5f8-fa99-ae20-6aaf-867eb2c8a66c,1790175963,0.5900
buy,ask,48.25,2026-09-23T14:58:10.123853Z,2,0.190500,0723f5de-9091-a3a1-7a20-54d962824c6b,True,KXBTCD-26SEP2311-T84599.99,0.9400,01a0cec6-2fd0-7625-b9ef-7a29e6c64860,no,no,0,KXBTCD-26SEP2311-T84599.99,0723f5de-9091-a3a1-7a20-54d962824c6b,1790175490,0.0600
sell,ask,6.00,2026-09-23T14:56:11.543331Z,2,0.036500,0723f5d2-c531-a6d6-c798-8dc8e4d50f49,True,KXBTC15M-26SEP231100-00,0.0960,01a0cec4-5ef8-7612-9879-5fe55662cefc,no,no,0,KXBTC15M-26SEP231100-00,0723f5d2-c531-a6d6-c798-8dc8e4d50f49,1790175371,0.9040
buy,bid,6.00,2026-09-23T14:55:23.324421Z,2,0.041200,0723f5cd-1649-a4c2-4431-e853ad922e45,True,KXBTC15M-26SEP231100-00,0.1100,01a0cec3-a378-7557-b64a-af960b718be6,yes,yes,0,KXBTC15M-26SEP231100-00,0723f5cd-1649-a4c2-4431-e853ad922e45,1790175323,0.8900
sell,ask,6.00,2026-09-23T14:53:43.399606Z,2,0.088200,0723f5ca-6fb9-a7f7-3b7e-b0b61c5e623d,True,KXBTC15M-26SEP231100-00,0.3000,01a0cec2-1cd8-77b5-ada3-3d164c7fdcac,no,no,0,KXBTC15M-26SEP231100-00,0723f5ca-6fb9-a7f7-3b7e-b0b61c5e623d,1790175223,0.7000
buy,bid,0.01,2026-09-23T14:52:12.512217Z,2,0.000200,0723f5c2-5ce1-8924-ad04-f53771f1a61f,True,KXBTC15M-26SEP231100-00,0.4300,01a0cec0-b960-7df8-8b2d-eb8aefb4674d,yes,yes,0,KXBTC15M-26SEP231100-00,0723f5c2-5ce1-8924-ad04-f53771f1a61f,1790175132,0.5700
buy,bid,0.01,2026-09-23T14:52:12.512217Z,2,0.000200,0723f5c2-5ce1-83f7-9f16-716831b29e49,True,KXBTC15M-26SEP231100-00,0.4300,01a0cec0-b960-7df8-8b2d-eb8aefb4674d,yes,yes,0,KXBTC15M-26SEP231100-00,0723f5c2-5ce1-83f7-9f16-716831b29e49,1790175132,0.5700
buy,bid,5.98,2026-09-23T14:52:12.512217Z,2,0.102000,0723f5c2-50f9-84a5-8374-168789fc743b,True,KXBTC15M-26SEP231100-00,0.4200,01a0cec0-b960-7df8-8b2d-eb8aefb4674d,yes,yes,0,KXBTC15M-26SEP231100-00,0723f5c2-50f9-84a5-8374-168789fc743b,1790175132,0.5800
sell,ask,6.00,2026-09-23T14:51:08.599427Z,2,0.094300,0723f441-42e1-bfe7-4cc8-176e95e3ecc1,True,KXBTC15M-26SEP231100-00,0.6600,01a0cebf-bf60-728c-bfe8-f21d2b652a21,no,no,0,KXBTC15M-26SEP231100-00,0723f441-42e1-bfe7-4cc8-176e95e3ecc1,1790175068,0.3400
sell,ask,3.45,2026-09-23T14:48:52.283371Z,2,0.004800,0723f44b-af01-8f37-aa08-6e8eb9ff95da,True,KXBTCD-26SEP2311-T84799.99,0.9800,01a0cebd-ac20-7d62-8fb8-1311554e42b8,no,no,0,KXBTCD-26SEP2311-T84799.99,0723f44b-af01-8f37-aa08-6e8eb9ff95da,1790174932,0.0200
sell,bid,2.84,2026-09-23T14:48:34.871021Z,2,0.000000,0723f448-9cb9-9d19-0f72-4d6890ab5d36,False,KXBTCD-26SEP2311-T84799.99,0.9800,01a0cebd-0bf8-730b-b375-befb1de56ffa,yes,yes,0,KXBTCD-26SEP2311-T84799.99,0723f448-9cb9-9d19-0f72-4d6890ab5d36,1790174914,0.0200
sell,bid,0.61,2026-09-23T14:48:26.861523Z,2,0.000000,0723f448-11b9-8e3d-0be8-fc7d81ec6a7e,False,KXBTCD-26SEP2311-T84799.99,0.9800,01a0cebd-0bf8-730b-b375-befb1de56ffa,yes,yes,0,KXBTCD-26SEP2311-T84799.99,0723f448-11b9-8e3d-0be8-fc7d81ec6a7e,1790174906,0.0200
sell,bid,1.00,2026-09-23T14:48:18.49575Z,2,0.002100,0723f449-96b9-a38a-742a-d4f29ca45ec2,True,KXBTCD-26SEP2311-T84799.99,0.9700,01a0cebd-2750-76ea-b805-d265b99cccff,yes,yes,0,KXBTCD-26SEP2311-T84799.99,0723f449-96b9-a38a-742a-d4f29ca45ec2,1790174898,0.0300
sell,bid,2.45,2026-09-23T14:48:18.49575Z,2,0.005000,0723f449-82c1-a81c-46fb-24810b411e99,True,KXBTCD-26SEP2311-T84799.99,0.9700,01a0cebd-2750-76ea-b805-d265b99cccff,yes,yes,0,KXBTCD-26SEP2311-T84799.99,0723f449-82c1-a81c-46fb-24810b411e99,1790174898,0.0300
sell,bid,2.51,2026-09-23T14:48:11.749255Z,2,0.003500,0723f448-cee1-b6b9-5087-31098a252dff,True,KXBTCD-26SEP2311-T84799.99,0.9800,01a0cebd-0bf8-730b-b375-befb1de56ffa,yes,yes,0,KXBTCD-26SEP2311-T84799.99,0723f448-cee1-b6b9-5087-31098a252dff,1790174891,0.0200
sell,ask,44.49,2026-09-23T14:42:01.448964Z,2,0.009330,0723f46a-fc09-a86b-3c45-85bd672ced6c,True,KXBTC15M-26SEP231045-45,0.0030,01a0ceb7-66a8-744a-abba-346044d1bf34,no,no,0,KXBTC15M-26SEP231045-45,0723f46a-fc09-a86b-3c45-85bd672ced6c,1790174521,0.9970
buy,bid,44.49,2026-09-23T14:35:59.265484Z,2,0.175700,0723f476-5ed1-891e-8404-2b06fb6f5dea,True,KXBTC15M-26SEP231045-45,0.0600,01a0ceb1-e098-7fc3-8725-116d881e968d,yes,yes,0,KXBTC15M-26SEP231045-45,0723f476-5ed1-891e-8404-2b06fb6f5dea,1790174159,0.9400
sell,bid,60.00,2026-09-23T14:35:51.482497Z,2,0.000000,0723f476-bce9-9a8e-b39c-0faba7364b12,False,KXBTCD-26SEP2311-T84599.99,0.6900,01a0ceb1-b988-7fd0-9815-785adbf9ceae,yes,yes,0,KXBTCD-26SEP2311-T84599.99,0723f476-bce9-9a8e-b39c-0faba7364b12,1790174151,0.3100
buy,ask,150.00,2026-09-23T14:28:07.213249Z,2,1.481600,0723f400-e589-b2d4-1799-4a924e1f28d9,True,KXBTCD-26SEP2311-T84599.99,0.8300,01a0ceaa-acd8-7383-a832-9256af360a93,no,no,0,KXBTCD-26SEP2311-T84599.99,0723f400-e589-b2d4-1799-4a924e1f28d9,1790173687,0.1700
buy,ask,13.11,2026-09-23T14:28:07.213249Z,2,0.129500,0723f400-1669-be6c-318f-5e6d3800fffc,True,KXBTCD-26SEP2311-T84599.99,0.8300,01a0ceaa-acd8-7383-a832-9256af360a93,no,no,0,KXBTCD-26SEP2311-T84599.99,0723f400-1669-be6c-318f-5e6d3800fffc,1790173687,0.1700
sell,bid,137.36,2026-09-23T14:27:45.738049Z,2,0.009640,0723f403-18c1-92ea-8ea8-d927986d4dc7,True,KXBTC15M-26SEP231030-30,0.9990,01a0ceaa-56e8-787a-8778-131a64cc30dd,yes,yes,0,KXBTC15M-26SEP231030-30,0723f403-18c1-92ea-8ea8-d927986d4dc7,1790173665,0.0010
buy,ask,5.96,2026-09-23T14:25:54.589766Z,2,0.061600,0723f40a-08c1-82cc-19cf-62b6b3d3e9cd,True,KXBTCD-26SEP2311-T84799.99,0.8200,01a0cea8-a550-7d54-a55f-f45caac5077d,no,no,0,KXBTCD-26SEP2311-T84799.99,0723f40a-08c1-82cc-19cf-62b6b3d3e9cd,1790173554,0.1800
buy,ask,137.36,2026-09-23T14:19:52.960242Z,2,0.609380,0723f42f-6241-8ef6-e5f2-2b61b23a0cb6,True,KXBTC15M-26SEP231030-30,0.9320,01a0cea3-1f40-7cdc-9246-22339924b326,no,no,0,KXBTC15M-26SEP231030-30,0723f42f-6241-8ef6-e5f2-2b61b23a0cb6,1790173192,0.0680
buy,bid,6.00,2026-09-23T14:07:30.261885Z,2,0.056500,0723f4c8-f641-b686-ddcf-805bd52ecede,True,KXBTC15M-26SEP231015-15,0.8400,01a0ce97-ccd0-70fd-9dfd-88fa664b3653,yes,yes,0,KXBTC15M-26SEP231015-15,0723f4c8-f641-b686-ddcf-805bd52ecede,1790172450,0.1600
sell,ask,6.00,2026-09-23T14:06:02.892317Z,2,0.099000,0723f4cf-b901-90a8-fff5-8e7aedfeba7a,True,KXBTC15M-26SEP231015-15,0.6200,01a0ce96-7510-7b2f-9953-9305382bfe5f,no,no,0,KXBTC15M-26SEP231015-15,0723f4cf-b901-90a8-fff5-8e7aedfeba7a,1790172362,0.3800
sell,bid,131.33,2026-09-23T13:59:34.18418Z,2,0.091100,0723f4d2-7bb9-bd2d-8b5a-37c772fddcd1,True,KXBTCD-26SEP2310-T85799.99,0.9900,01a0ce90-8970-70e1-8dcf-eb3838257a6d,yes,yes,0,KXBTCD-26SEP2310-T85799.99,0723f4d2-7bb9-bd2d-8b5a-37c772fddcd1,1790171974,0.0100
sell,ask,5.98,2026-09-23T13:58:47.145423Z,2,0.016480,0723f4b0-8a91-be53-2757-5c957cb7c776,True,KXBTC15M-26SEP231000-00,0.9590,01a0ce8f-d1d8-7207-a398-135fc1db43ea,no,no,0,KXBTC15M-26SEP231000-00,0723f4b0-8a91-be53-2757-5c957cb7c776,1790171927,0.0410
sell,ask,0.01,2026-09-23T13:58:47.145423Z,2,0.000010,0723f4b0-8a91-bbf2-2b84-45ab8561c500,True,KXBTC15M-26SEP231000-00,0.9590,01a0ce8f-d1d8-7207-a398-135fc1db43ea,no,no,0,KXBTC15M-26SEP231000-00,0723f4b0-8a91-bbf2-2b84-45ab8561c500,1790171927,0.0410
sell,ask,0.01,2026-09-23T13:58:47.145423Z,2,0.000110,0723f4b0-8a91-b564-31ec-d436c6b74ca8,True,KXBTC15M-26SEP231000-00,0.9590,01a0ce8f-d1d8-7207-a398-135fc1db43ea,no,no,0,KXBTC15M-26SEP231000-00,0723f4b0-8a91-b564-31ec-d436c6b74ca8,1790171927,0.0410
buy,ask,100.00,2026-09-23T13:55:18.526692Z,2,1.077300,0723f4be-24b1-ab3d-715e-5afd4ad9e077,True,KXBTCD-26SEP2310-T85799.99,0.8100,01a0ce8c-a170-77ed-b27a-dcf9d02fd0d5,no,no,0,KXBTCD-26SEP2310-T85799.99,0723f4be-24b1-ab3d-715e-5afd4ad9e077,1790171718,0.1900
buy,ask,5.00,2026-09-23T13:55:18.526692Z,2,0.053900,0723f4be-1849-aef1-7421-595850f33a53,True,KXBTCD-26SEP2310-T85799.99,0.8100,01a0ce8c-a170-77ed-b27a-dcf9d02fd0d5,no,no,0,KXBTCD-26SEP2310-T85799.99,0723f4be-1849-aef1-7421-595850f33a53,1790171718,0.1900
buy,ask,2.65,2026-09-23T13:55:18.526692Z,2,0.028600,0723f4be-1849-abc8-6430-3a12c1545290,True,KXBTCD-26SEP2310-T85799.99,0.8100,01a0ce8c-a170-77ed-b27a-dcf9d02fd0d5,no,no,0,KXBTCD-26SEP2310-T85799.99,0723f4be-1849-abc8-6430-3a12c1545290,1790171718,0.1900
buy,ask,13.68,2026-09-23T13:55:18.526692Z,2,0.141300,0723f4be-1849-ab14-4c45-678fe515bfb2,True,KXBTCD-26SEP2310-T85799.99,0.8200,01a0ce8c-a170-77ed-b27a-dcf9d02fd0d5,no,no,0,KXBTCD-26SEP2310-T85799.99,0723f4be-1849-ab14-4c45-678fe515bfb2,1790171718,0.1800
buy,ask,10.00,2026-09-23T13:55:18.526692Z,2,0.107700,0723f4be-1849-aafb-56f5-8baea13fa69a,True,KXBTCD-26SEP2310-T85799.99,0.8100,01a0ce8c-a170-77ed-b27a-dcf9d02fd0d5,no,no,0,KXBTCD-26SEP2310-T85799.99,0723f4be-1849-aafb-56f5-8baea13fa69a,1790171718,0.1900
buy,bid,3.00,2026-09-23T13:55:07.018861Z,2,0.017900,0723f4bd-b749-b000-bbbd-acd9844a212a,True,KXBTC15M-26SEP231000-00,0.9060,01a0ce8c-7678-70ae-8b6f-d64607e3c1ca,yes,yes,0,KXBTC15M-26SEP231000-00,0723f4bd-b749-b000-bbbd-acd9844a212a,1790171707,0.0940
buy,bid,3.00,2026-09-23T13:55:07.018861Z,2,0.017900,0723f4bd-ab71-bea8-82bd-73e469d6fed9,True,KXBTC15M-26SEP231000-00,0.9060,01a0ce8c-7678-70ae-8b6f-d64607e3c1ca,yes,yes,0,KXBTC15M-26SEP231000-00,0723f4bd-ab71-bea8-82bd-73e469d6fed9,1790171707,0.0940
sell,ask,1.00,2026-09-23T13:54:35.254852Z,2,0.003800,0723f4a4-1071-8c80-92e0-1d8badf0ff9b,True,KXBTC15M-26SEP231000-00,0.9430,01a0ce8b-f978-7e9a-850f-81567f5307dc,no,no,0,KXBTC15M-26SEP231000-00,0723f4a4-1071-8c80-92e0-1d8badf0ff9b,1790171675,0.0570
sell,ask,115.30,2026-09-23T13:53:01.869593Z,2,0.000000,0723f4ac-8f11-bf68-4e14-4e4a9db7167d,False,KXBTCD-26SEP2310-T85299.99,0.0100,01a0ce86-a630-7bea-ba83-6c778733c275,no,no,0,KXBTCD-26SEP2310-T85299.99,0723f4ac-8f11-bf68-4e14-4e4a9db7167d,1790171581,0.9900
sell,ask,0.71,2026-09-23T13:52:45.944121Z,2,0.000000,0723f4a0-cd71-9ff0-22ea-4c3e83a9cc38,False,KXBTCD-26SEP2310-T85299.99,0.0300,01a0ce89-e250-7ef6-96bc-851b8e9dc320,no,no,0,KXBTCD-26SEP2310-T85299.99,0723f4a0-cd71-9ff0-22ea-4c3e83a9cc38,1790171565,0.9700
sell,ask,32.00,2026-09-23T13:52:25.418036Z,2,0.000000,0723f4ae-14f1-a7bc-b3b3-19198eada858,False,KXBTCD-26SEP2310-T85299.99,0.0300,01a0ce89-e250-7ef6-96bc-851b8e9dc320,no,no,0,KXBTCD-26SEP2310-T85299.99,0723f4ae-14f1-a7bc-b3b3-19198eada858,1790171545,0.9700
sell,ask,70.47,2026-09-23T13:52:21.274287Z,2,0.000000,0723f4ae-5a71-b584-7cbc-6665d01ccd1c,False,KXBTCD-26SEP2310-T85299.99,0.0300,01a0ce89-e250-7ef6-96bc-851b8e9dc320,no,no,0,KXBTCD-26SEP2310-T85299.99,0723f4ae-5a71-b584-7cbc-6665d01ccd1c,1790171541,0.9700
sell,ask,12.12,2026-09-23T13:52:21.130539Z,2,0.000000,0723f4ae-5a71-adf4-f1ab-16881fc58bf4,False,KXBTCD-26SEP2310-T85299.99,0.0300,01a0ce89-e250-7ef6-96bc-851b8e9dc320,no,no,0,KXBTCD-26SEP2310-T85299.99,0723f4ae-5a71-adf4-f1ab-16881fc58bf4,1790171541,0.9700
buy,bid,1.00,2026-09-23T13:52:16.530532Z,2,0.006900,0723f4ae-b8b1-b867-bce4-ef0e7f0f0701,True,KXBTC15M-26SEP231000-00,0.8900,01a0ce89-da80-72ff-8f08-1f1dfb4e699a,yes,yes,0,KXBTC15M-26SEP231000-00,0723f4ae-b8b1-b867-bce4-ef0e7f0f0701,1790171536,0.1100
sell,ask,1.00,2026-09-23T13:51:48.485927Z,2,0.004500,0723f4ac-d9a1-afe4-975e-319ae91d9dc0,True,KXBTC15M-26SEP231000-00,0.9310,01a0ce89-6d20-76db-8fca-bdae1c79bf01,no,no,0,KXBTC15M-26SEP231000-00,0723f4ac-d9a1-afe4-975e-319ae91d9dc0,1790171508,0.0690
buy,bid,1.00,2026-09-23T13:50:02.298795Z,2,0.010800,0723f498-ff19-9e2c-eaef-5dc4a6d7de9b,True,KXBTC15M-26SEP231000-00,0.8100,01a0ce87-cf10-78d0-9cab-8f14d14f9d58,yes,yes,0,KXBTC15M-26SEP231000-00,0723f498-ff19-9e2c-eaef-5dc4a6d7de9b,1790171402,0.1900
buy,bid,77.30,2026-09-23T13:46:24.457457Z,2,0.207800,0723f495-b241-88a1-ff62-ce7455b71fc1,True,KXBTCD-26SEP2310-T85299.99,0.0400,01a0ce84-7b80-7d7d-9e92-5a4665c862c4,yes,yes,0,KXBTCD-26SEP2310-T85299.99,0723f495-b241-88a1-ff62-ce7455b71fc1,1790171184,0.9600
buy,bid,38.00,2026-09-23T13:46:24.457457Z,2,0.102200,0723f492-0d29-8802-c47e-31b49cf3c1d9,True,KXBTCD-26SEP2310-T85299.99,0.0400,01a0ce84-7b80-7d7d-9e92-5a4665c862c4,yes,yes,0,KXBTCD-26SEP2310-T85299.99,0723f492-0d29-8802-c47e-31b49cf3c1d9,1790171184,0.9600
buy,bid,111.51,2026-09-23T13:39:51.498537Z,2,0.391830,0723f787-8d39-b296-e714-77b8847bf9c9,True,KXBTC15M-26SEP230945-45,0.0530,01a0ce7e-7c58-7300-9b4f-dc9a459f347c,yes,yes,0,KXBTC15M-26SEP230945-45,0723f787-8d39-b296-e714-77b8847bf9c9,1790170791,0.9470
buy,bid,0.01,2026-09-23T13:38:34.729406Z,2,0.000070,0723f788-75e9-a9d3-b9a3-d123d6d50c5d,True,KXBTC15M-26SEP230945-45,0.0470,01a0ce7d-4f90-775b-89fb-44c7c1edb553,yes,yes,0,KXBTC15M-26SEP230945-45,0723f788-75e9-a9d3-b9a3-d123d6d50c5d,1790170714,0.9530
buy,bid,0.01,2026-09-23T13:38:34.729406Z,2,0.000070,0723f788-71d1-ae17-af04-c5dd7d304644,True,KXBTC15M-26SEP230945-45,0.0470,01a0ce7d-4f90-775b-89fb-44c7c1edb553,yes,yes,0,KXBTC15M-26SEP230945-45,0723f788-71d1-ae17-af04-c5dd7d304644,1790170714,0.9530
buy,bid,5.98,2026-09-23T13:38:34.729406Z,2,0.018760,0723f788-71d1-aa87-a2d4-cd9b5f547a4e,True,KXBTC15M-26SEP230945-45,0.0470,01a0ce7d-4f90-775b-89fb-44c7c1edb553,yes,yes,0,KXBTC15M-26SEP230945-45,0723f788-71d1-aa87-a2d4-cd9b5f547a4e,1790170714,0.9530
sell,ask,6.00,2026-09-23T13:37:08.817992Z,2,0.080900,0723f794-0121-bae9-7370-435fb0f0cd61,True,KXBTC15M-26SEP230945-45,0.2600,01a0ce7b-ffa0-7267-b737-48cbd32696fb,no,no,0,KXBTC15M-26SEP230945-45,0723f794-0121-bae9-7370-435fb0f0cd61,1790170628,0.7400
buy,bid,6.00,2026-09-23T13:36:52.359769Z,2,0.092900,0723f794-b9b9-b461-4698-3f8b2ce29fa4,True,KXBTC15M-26SEP230945-45,0.3300,01a0ce7b-c120-71cf-b119-b096aa61d9e7,yes,yes,0,KXBTC15M-26SEP230945-45,0723f794-b9b9-b461-4698-3f8b2ce29fa4,1790170612,0.6700
sell,ask,6.00,2026-09-23T13:35:38.851347Z,2,0.103000,0723f790-2051-b691-21a4-c0d54a91d7f9,True,KXBTC15M-26SEP230945-45,0.4300,01a0ce7a-a010-7008-a46b-8c3d7f2eef55,no,no,0,KXBTC15M-26SEP230945-45,0723f790-2051-b691-21a4-c0d54a91d7f9,1790170538,0.5700
sell,ask,6.00,2026-09-23T13:28:46.499786Z,2,0.000500,0723f7a2-9881-9c5b-c9fb-9a5938bb5690,True,KXBTC15M-26SEP230930-30,0.0010,01a0ce74-56b0-795c-91e7-4fb72a1c405e,no,no,0,KXBTC15M-26SEP230930-30,0723f7a2-9881-9c5b-c9fb-9a5938bb5690,1790170126,0.9990
buy,bid,6.00,2026-09-23T13:22:05.796827Z,2,0.044400,0723f7d6-d541-a651-b20c-08abd8adbfd8,True,KXBTC15M-26SEP230930-30,0.1200,01a0ce6e-3848-77ee-871a-b61c212f7f64,yes,yes,0,KXBTC15M-26SEP230930-30,0723f7d6-d541-a651-b20c-08abd8adbfd8,1790169725,0.8800
sell,ask,6.00,2026-09-23T13:13:48.159216Z,2,0.001300,0723f7fc-1091-a8bd-21b1-54fdb776a52c,True,KXBTC15M-26SEP230915-15,0.9970,01a0ce66-a2e0-7750-a578-57e9a0e2a509,no,no,0,KXBTC15M-26SEP230915-15,0723f7fc-1091-a8bd-21b1-54fdb776a52c,1790169228,0.0030
buy,bid,6.00,2026-09-23T13:11:44.851315Z,2,0.044400,0723f7f6-50f9-98c4-7c93-3d4d66840cb1,True,KXBTC15M-26SEP230915-15,0.8800,01a0ce64-be80-7a4e-b079-5844599a4596,yes,yes,0,KXBTC15M-26SEP230915-15,0723f7f6-50f9-98c4-7c93-3d4d66840cb1,1790169104,0.1200
buy,bid,5.98,2026-09-23T13:11:28.24747Z,2,0.036000,0723f7f6-7c19-a196-6607-df865e9621c1,True,KXBTC15M-26SEP230915-15,0.9050,01a0ce64-8000-74d0-b87f-dbfb4ed8c3c1,yes,yes,0,KXBTC15M-26SEP230915-15,0723f7f6-7c19-a196-6607-df865e9621c1,1790169088,0.0950
buy,bid,0.01,2026-09-23T13:11:28.24747Z,2,0.000050,0723f7f6-7831-a93c-4327-a6e566324820,True,KXBTC15M-26SEP230915-15,0.9050,01a0ce64-8000-74d0-b87f-dbfb4ed8c3c1,yes,yes,0,KXBTC15M-26SEP230915-15,0723f7f6-7831-a93c-4327-a6e566324820,1790169088,0.0950
buy,bid,0.01,2026-09-23T13:11:28.24747Z,2,0.000150,0723f7f6-7831-a14c-721d-8913d277c5ce,True,KXBTC15M-26SEP230915-15,0.9050,01a0ce64-8000-74d0-b87f-dbfb4ed8c3c1,yes,yes,0,KXBTC15M-26SEP230915-15,0723f7f6-7831-a14c-721d-8913d277c5ce,1790169088,0.0950
sell,ask,6.00,2026-09-23T13:07:22.393297Z,2,0.037800,0723f7d8-fcc1-af67-6c35-9143a20a3a31,True,KXBTC15M-26SEP230915-15,0.9000,01a0ce60-bf10-7692-b7d6-23a985bc38f8,no,no,0,KXBTC15M-26SEP230915-15,0723f7d8-fcc1-af67-6c35-9143a20a3a31,1790168842,0.1000
sell,ask,6.00,2026-09-23T12:57:51.105642Z,2,0.100800,0723f738-26d1-a8ea-66ec-0b54a980d769,True,KXBTC15M-26SEP230900-00,0.6000,01a0ce58-0898-7749-b657-01315a5cb350,no,no,0,KXBTC15M-26SEP230900-00,0723f738-26d1-a8ea-66ec-0b54a980d769,1790168271,0.4000
buy,bid,6.00,2026-09-23T12:57:20.890881Z,2,0.100800,0723f709-b181-a0e0-e8ad-59e0a8041a39,True,KXBTC15M-26SEP230900-00,0.4000,01a0ce57-8f80-747f-9495-4948e9d1204c,yes,yes,0,KXBTC15M-26SEP230900-00,0723f709-b181-a0e0-e8ad-59e0a8041a39,1790168240,0.6000
buy,bid,6.00,2026-09-23T12:54:29.605823Z,2,0.101600,0723f707-06b1-b66d-cf8b-e3ed6acbb142,True,KXBTC15M-26SEP230900-00,0.4100,01a0ce54-f388-700b-9c9b-29b9e51a4a4c,yes,yes,0,KXBTC15M-26SEP230900-00,0723f707-06b1-b66d-cf8b-e3ed6acbb142,1790168069,0.5900
sell,ask,6.00,2026-09-23T12:51:45.804495Z,2,0.078800,0723f707-c991-a1a6-2c8a-d64ce89eaf3d,True,KXBTC15M-26SEP230900-00,0.7500,01a0ce52-72e8-7783-aa17-24b8a6203e33,no,no,0,KXBTC15M-26SEP230900-00,0723f707-c991-a1a6-2c8a-d64ce89eaf3d,1790167905,0.2500
sell,ask,6.00,2026-09-23T12:43:45.913963Z,2,0.059300,0723f767-6049-9c1e-bcda-aec20ce3fd70,True,KXBTC15M-26SEP230845-45,0.1700,01a0ce4b-1fe8-7947-8678-a17182d66f33,no,no,0,KXBTC15M-26SEP230845-45,0723f767-6049-9c1e-bcda-aec20ce3fd70,1790167425,0.8300
buy,bid,6.00,2026-09-23T12:37:49.063723Z,2,0.094300,0723f753-6841-962d-edc7-23282edc392d,True,KXBTC15M-26SEP230845-45,0.3400,01a0ce45-b148-7874-9ba6-f50f8809b367,yes,yes,0,KXBTC15M-26SEP230845-45,0723f753-6841-962d-edc7-23282edc392d,1790167069,0.6600
buy,bid,6.00,2026-09-23T12:27:59.281631Z,2,0.062000,0723f6ce-6ed1-b382-d048-97760fb84028,True,KXBTC15M-26SEP230830-30,0.8200,01a0ce3c-b098-70cd-9098-9539fbd17704,yes,yes,0,KXBTC15M-26SEP230830-30,0723f6ce-6ed1-b382-d048-97760fb84028,1790166479,0.1800
sell,ask,6.00,2026-09-23T12:27:08.388789Z,2,0.104400,0723f6d4-40f9-a79c-3974-d9fece70ae5b,True,KXBTC15M-26SEP230830-30,0.5400,01a0ce3b-e960-76dd-a1fe-678f302fd723,no,no,0,KXBTC15M-26SEP230830-30,0723f6d4-40f9-a79c-3974-d9fece70ae5b,1790166428,0.4600
sell,ask,6.00,2026-09-23T12:26:51.798651Z,2,0.103000,0723f6d5-38f1-90d8-a1cf-669ce1ac32f9,True,KXBTC15M-26SEP230830-30,0.4300,01a0ce3b-a6f8-787f-8e42-9613969aee55,no,no,0,KXBTC15M-26SEP230830-30,0723f6d5-38f1-90d8-a1cf-669ce1ac32f9,1790166411,0.5700
buy,bid,6.00,2026-09-23T12:25:22.779155Z,2,0.094300,0723f6d3-6a29-9a49-a742-df88daaf99bd,True,KXBTC15M-26SEP230830-30,0.3400,01a0ce3a-4b50-7810-886c-a872504b73c4,yes,yes,0,KXBTC15M-26SEP230830-30,0723f6d3-6a29-9a49-a742-df88daaf99bd,1790166322,0.6600
sell,ask,6.00,2026-09-23T12:23:29.380594Z,2,0.103500,0723f6da-d649-82b9-cbc5-0a3be9d6ba19,True,KXBTC15M-26SEP230830-30,0.5600,01a0ce38-91e8-7ff3-94c5-1facf68c7ff1,no,no,0,KXBTC15M-26SEP230830-30,0723f6da-d649-82b9-cbc5-0a3be9d6ba19,1790166209,0.4400
buy,bid,6.00,2026-09-23T12:20:05.674712Z,2,0.056500,0723f6e0-b919-81e8-3d17-9b7b5ab435a7,True,KXBTC15M-26SEP230830-30,0.8400,01a0ce35-7508-7f36-aa2a-22096c338bc9,yes,yes,0,KXBTC15M-26SEP230830-30,0723f6e0-b919-81e8-3d17-9b7b5ab435a7,1790166005,0.1600
buy,bid,6.00,2026-09-23T12:13:49.0819Z,2,0.000500,0723f691-c2f9-b7c0-50b5-9287309bfba3,True,KXBTC15M-26SEP230815-15,0.9990,01a0ce2f-b848-73c7-b329-d75b0828f0b3,yes,yes,0,KXBTC15M-26SEP230815-15,0723f691-c2f9-b7c0-50b5-9287309bfba3,1790165629,0.0010
sell,ask,6.00,2026-09-23T12:06:00.175067Z,2,0.053600,0723f68a-cd59-a18a-7197-2089eb03dfde,True,KXBTC15M-26SEP230815-15,0.8500,01a0ce28-9040-7488-b057-e651e95c6f0f,no,no,0,KXBTC15M-26SEP230815-15,0723f68a-cd59-a18a-7197-2089eb03dfde,1790165160,0.1500
sell,ask,6.00,2026-09-23T11:43:58.807206Z,2,0.059300,0723f645-f089-938d-7c80-7653e28fd320,True,KXBTC15M-26SEP230745-45,0.8300,01a0ce14-6430-7a06-b861-2ef729cd73e1,no,no,0,KXBTC15M-26SEP230745-45,0723f645-f089-938d-7c80-7653e28fd320,1790163838,0.1700
buy,bid,5.98,2026-09-23T11:40:32.748943Z,2,0.093900,0723f655-c181-8a6d-abbb-b6cc58c45674,True,KXBTC15M-26SEP230745-45,0.6600,01a0ce11-3f80-7ced-8904-c0ee4035e97f,yes,yes,0,KXBTC15M-26SEP230745-45,0723f655-c181-8a6d-abbb-b6cc58c45674,1790163632,0.3400
buy,bid,0.01,2026-09-23T11:40:32.748943Z,2,0.000200,0723f655-c181-8443-b3d4-f70fe8903417,True,KXBTC15M-26SEP230745-45,0.6600,01a0ce11-3f80-7ced-8904-c0ee4035e97f,yes,yes,0,KXBTC15M-26SEP230745-45,0723f655-c181-8443-b3d4-f70fe8903417,1790163632,0.3400
buy,bid,0.01,2026-09-23T11:40:32.748943Z,2,0.000200,0723f655-c181-82f3-b385-4dd549a41358,True,KXBTC15M-26SEP230745-45,0.6600,01a0ce11-3f80-7ced-8904-c0ee4035e97f,yes,yes,0,KXBTC15M-26SEP230745-45,0723f655-c181-82f3-b385-4dd549a41358,1790163632,0.3400
buy,bid,6.00,2026-09-23T11:39:44.113141Z,2,0.098000,0723f652-7c91-a254-fe17-02c2774ee096,True,KXBTC15M-26SEP230745-45,0.6300,01a0ce10-8400-7577-9f64-5c21b3b13a72,yes,yes,0,KXBTC15M-26SEP230745-45,0723f652-7c91-a254-fe17-02c2774ee096,1790163584,0.3700
sell,ask,6.00,2026-09-23T11:35:26.766931Z,2,0.099000,0723f63e-c4f1-a85f-d051-e629357bc4ad,True,KXBTC15M-26SEP230745-45,0.3800,01a0ce0c-9430-75bf-9e75-320b93f60bca,no,no,0,KXBTC15M-26SEP230745-45,0723f63e-c4f1-a85f-d051-e629357bc4ad,1790163326,0.6200
buy,bid,6.00,2026-09-23T11:22:44.861891Z,2,0.012700,0723f603-2139-8f2f-7f55-1c5c10cecd11,True,KXBTC15M-26SEP230730-30,0.9690,01a0ce00-f3a0-7d57-badb-62242d2d3352,yes,yes,0,KXBTC15M-26SEP230730-30,0723f603-2139-8f2f-7f55-1c5c10cecd11,1790162564,0.0310
sell,ask,6.00,2026-09-23T11:20:02.171481Z,2,0.080900,0723fa07-8071-bbe6-2787-1aa023f66104,True,KXBTC15M-26SEP230730-30,0.7400,01a0cdfe-7ad0-714b-a9b9-a0975a69e453,no,no,0,KXBTC15M-26SEP230730-30,0723fa07-8071-bbe6-2787-1aa023f66104,1790162402,0.2600
buy,bid,5.98,2026-09-23T11:10:59.785207Z,2,0.009360,0723fa2e-f759-ae04-08f4-0db42f819695,True,KXBTC15M-26SEP230715-15,0.9770,01a0cdf6-31b8-746f-abf1-59502cd56903,yes,yes,0,KXBTC15M-26SEP230715-15,0723fa2e-f759-ae04-08f4-0db42f819695,1790161859,0.0230
buy,bid,0.01,2026-09-23T11:10:59.785207Z,2,0.000070,0723fa2e-f759-abea-2f50-c69c126f6b04,True,KXBTC15M-26SEP230715-15,0.9770,01a0cdf6-31b8-746f-abf1-59502cd56903,yes,yes,0,KXBTC15M-26SEP230715-15,0723fa2e-f759-abea-2f50-c69c126f6b04,1790161859,0.0230
buy,bid,0.01,2026-09-23T11:10:59.785207Z,2,0.000070,0723fa2e-f759-a9c5-06f0-fa9236e14aa5,True,KXBTC15M-26SEP230715-15,0.9770,01a0cdf6-31b8-746f-abf1-59502cd56903,yes,yes,0,KXBTC15M-26SEP230715-15,0723fa2e-f759-a9c5-06f0-fa9236e14aa5,1790161859,0.0230
sell,ask,6.00,2026-09-23T11:06:41.420582Z,2,0.080900,0723fa3b-14a9-8c47-2977-a66de86efcdf,True,KXBTC15M-26SEP230715-15,0.7400,01a0cdf2-41e8-7e14-a3fe-1d5572c751dc,no,no,0,KXBTC15M-26SEP230715-15,0723fa3b-14a9-8c47-2977-a66de86efcdf,1790161601,0.2600
buy,bid,6.00,2026-09-23T10:56:46.031261Z,2,0.103500,0723fa4d-9f09-a918-c9d9-86e0e854acde,True,KXBTC15M-26SEP230700-00,0.5600,01a0cde9-2db0-7671-9fed-f477cbe86c3a,yes,yes,0,KXBTC15M-26SEP230700-00,0723fa4d-9f09-a918-c9d9-86e0e854acde,1790161006,0.4400
sell,ask,1.53,2026-09-23T10:51:34.41581Z,2,0.023400,0723fa75-ccc9-8fe8-11f2-4de5ab748279,True,KXBTC15M-26SEP230700-00,0.6800,01a0cde4-6af0-7faf-ad48-f356a6a1441d,no,no,0,KXBTC15M-26SEP230700-00,0723fa75-ccc9-8fe8-11f2-4de5ab748279,1790160694,0.3200
sell,ask,4.47,2026-09-23T10:51:34.41581Z,2,0.068000,0723fa75-ccc9-89e2-2be5-d24be807d327,True,KXBTC15M-26SEP230700-00,0.6800,01a0cde4-6af0-7faf-ad48-f356a6a1441d,no,no,0,KXBTC15M-26SEP230700-00,0723fa75-ccc9-89e2-2be5-d24be807d327,1790160694,0.3200
sell,ask,5.98,2026-09-23T10:43:47.607846Z,2,0.002840,0723faa8-6c31-97d1-b5cb-b1f9e1075b4c,True,KXBTC15M-26SEP230645-45,0.0070,01a0cddd-4ab8-79ff-8b1d-60db013cb8a5,no,no,0,KXBTC15M-26SEP230645-45,0723faa8-6c31-97d1-b5cb-b1f9e1075b4c,1790160227,0.9930
sell,ask,0.01,2026-09-23T10:43:47.607846Z,2,0.000040,0723faa8-6059-918a-9ec1-89b07799c872,True,KXBTC15M-26SEP230645-45,0.0060,01a0cddd-4ab8-79ff-8b1d-60db013cb8a5,no,no,0,KXBTC15M-26SEP230645-45,0723faa8-6059-918a-9ec1-89b07799c872,1790160227,0.9940
sell,ask,0.01,2026-09-23T10:43:47.607846Z,2,0.000040,0723faa8-6059-90d1-a3f3-48e7631395fa,True,KXBTC15M-26SEP230645-45,0.0060,01a0cddd-4ab8-79ff-8b1d-60db013cb8a5,no,no,0,KXBTC15M-26SEP230645-45,0723faa8-6059-90d1-a3f3-48e7631395fa,1790160227,0.9940
buy,bid,6.00,2026-09-23T10:37:48.507276Z,2,0.064700,0723fa88-fd59-8600-35fe-7821c5785649,True,KXBTC15M-26SEP230645-45,0.1900,01a0cdd7-d060-7d2a-a875-42c1fa370c04,yes,yes,0,KXBTC15M-26SEP230645-45,0723fa88-fd59-8600-35fe-7821c5785649,1790159868,0.8100
buy,bid,6.00,2026-09-23T10:37:31.591221Z,2,0.067200,0723fa89-ba19-8e87-75e8-1a2877f505ba,True,KXBTC15M-26SEP230645-45,0.2000,01a0cdd7-8df8-7f69-b05c-93142e7408e4,yes,yes,0,KXBTC15M-26SEP230645-45,0723fa89-ba19-8e87-75e8-1a2877f505ba,1790159851,0.8000
sell,ask,6.00,2026-09-23T10:35:12.441981Z,2,0.102400,0723fa80-df49-a907-acc5-3e503b99af5d,True,KXBTC15M-26SEP230645-45,0.4200,01a0cdd5-6f00-74f4-8ae3-8b3c192a8461,no,no,0,KXBTC15M-26SEP230645-45,0723fa80-df49-a907-acc5-3e503b99af5d,1790159712,0.5800
sell,ask,6.00,2026-09-23T10:28:46.268967Z,2,0.002100,0723faf5-e681-a1cf-2f73-324fea074199,True,KXBTC15M-26SEP230630-30,0.9950,01a0cdcf-8b30-75a0-affd-ae3270da0290,no,no,0,KXBTC15M-26SEP230630-30,0723faf5-e681-a1cf-2f73-324fea074199,1790159326,0.0050
buy,bid,6.00,2026-09-23T10:24:22.062724Z,2,0.028500,0723fae5-8c31-8ec0-fe69-66bea0c33d68,True,KXBTC15M-26SEP230630-30,0.9270,01a0cdcb-83f0-7cac-9131-96be81d13674,yes,yes,0,KXBTC15M-26SEP230630-30,0723fae5-8c31-8ec0-fe69-66bea0c33d68,1790159062,0.0730
buy,bid,6.00,2026-09-23T10:24:05.459345Z,2,0.041200,0723fae6-3f99-95f3-c92a-cad92894bdf7,True,KXBTC15M-26SEP230630-30,0.8900,01a0cdcb-4188-7a0e-9b65-0ccbd5a9b9a9,yes,yes,0,KXBTC15M-26SEP230630-30,0723fae6-3f99-95f3-c92a-cad92894bdf7,1790159045,0.1100
sell,ask,6.00,2026-09-23T10:21:34.779202Z,2,0.064700,0723faeb-3d71-bdda-7a0f-f417af584a6d,True,KXBTC15M-26SEP230630-30,0.8100,01a0cdc8-f3b0-72b5-b4e1-559bca26cb9c,no,no,0,KXBTC15M-26SEP230630-30,0723faeb-3d71-bdda-7a0f-f417af584a6d,1790158894,0.1900
buy,bid,6.00,2026-09-23T10:12:35.339716Z,2,0.104000,0723fac2-52d9-a909-bc48-f1b50b125c96,True,KXBTC15M-26SEP230615-15,0.5500,01a0cdc0-ba38-7739-8113-4208c1116638,yes,yes,0,KXBTC15M-26SEP230615-15,0723fac2-52d9-a909-bc48-f1b50b125c96,1790158355,0.4500
sell,ask,6.00,2026-09-23T10:10:51.275816Z,2,0.092900,0723fb43-aff1-b2a5-2036-0b3f2078dde2,True,KXBTC15M-26SEP230615-15,0.6700,01a0cdbf-23f8-72d8-a7fb-d305c4cf2cf4,no,no,0,KXBTC15M-26SEP230615-15,0723fb43-aff1-b2a5-2036-0b3f2078dde2,1790158251,0.3300
sell,ask,0.01,2026-09-23T10:10:34.630642Z,2,0.000200,0723fb45-5f81-b30b-1135-d74d17c720d9,True,KXBTC15M-26SEP230615-15,0.6000,01a0cdbe-e190-710e-a161-6b65bd95c455,no,no,0,KXBTC15M-26SEP230615-15,0723fb45-5f81-b30b-1135-d74d17c720d9,1790158234,0.4000
sell,ask,1.00,2026-09-23T10:10:34.630642Z,2,0.016800,0723fb45-57b1-b2aa-28c2-4f33633dc087,True,KXBTC15M-26SEP230615-15,0.6000,01a0cdbe-e190-710e-a161-6b65bd95c455,no,no,0,KXBTC15M-26SEP230615-15,0723fb45-57b1-b2aa-28c2-4f33633dc087,1790158234,0.4000
sell,ask,4.99,2026-09-23T10:10:34.630642Z,2,0.083800,0723fb45-57b1-b070-1827-ee352760ef3d,True,KXBTC15M-26SEP230615-15,0.6000,01a0cdbe-e190-710e-a161-6b65bd95c455,no,no,0,KXBTC15M-26SEP230615-15,0723fb45-57b1-b070-1827-ee352760ef3d,1790158234,0.4000
buy,bid,6.00,2026-09-23T10:09:41.504894Z,2,0.102400,0723fb46-4099-8112-1553-e2428b735ae2,True,KXBTC15M-26SEP230615-15,0.4200,01a0cdbe-1288-7eb3-a733-f4053ed2a96d,yes,yes,0,KXBTC15M-26SEP230615-15,0723fb46-4099-8112-1553-e2428b735ae2,1790158181,0.5800
sell,ask,6.00,2026-09-23T10:07:51.879629Z,2,0.105000,0723fb4d-f391-9169-41a7-ed562ce96b75,True,KXBTC15M-26SEP230615-15,0.5100,01a0cdbc-64d8-7b07-baef-8f0443f41149,no,no,0,KXBTC15M-26SEP230615-15,0723fb4d-f391-9169-41a7-ed562ce96b75,1790158071,0.4900
buy,bid,6.00,2026-09-23T10:05:29.870254Z,2,0.098000,0723fb52-c6d1-9d31-4128-66bb67ba5616,True,KXBTC15M-26SEP230615-15,0.3700,01a0cdba-3a28-797d-b0dd-b9c370ea13f8,yes,yes,0,KXBTC15M-26SEP230615-15,0723fb52-c6d1-9d31-4128-66bb67ba5616,1790157929,0.6300
buy,bid,3.11,2026-09-23T09:55:07.83061Z,2,0.054400,0723fb72-4d99-ab21-c9fa-772c512c3a99,True,KXBTC15M-26SEP230600-00,0.4900,01a0cdb0-bc78-7475-9349-61dd8d56ab5e,yes,yes,0,KXBTC15M-26SEP230600-00,0723fb72-4d99-ab21-c9fa-772c512c3a99,1790157307,0.5100
buy,bid,1.00,2026-09-23T09:55:07.83061Z,2,0.017500,0723fb72-4971-af18-f948-23080d3ed07b,True,KXBTC15M-26SEP230600-00,0.4900,01a0cdb0-bc78-7475-9349-61dd8d56ab5e,yes,yes,0,KXBTC15M-26SEP230600-00,0723fb72-4971-af18-f948-23080d3ed07b,1790157307,0.5100
buy,bid,1.89,2026-09-23T09:55:07.83061Z,2,0.033100,0723fb72-4971-abe5-db3c-99c74437f881,True,KXBTC15M-26SEP230600-00,0.4900,01a0cdb0-bc78-7475-9349-61dd8d56ab5e,yes,yes,0,KXBTC15M-26SEP230600-00,0723fb72-4971-abe5-db3c-99c74437f881,1790157307,0.5100
sell,ask,6.00,2026-09-23T09:53:36.499982Z,2,0.091400,0723fb12-3d01-bdc5-2686-58fc1c527afe,True,KXBTC15M-26SEP230600-00,0.6800,01a0cdaf-5900-712f-a0ef-1b53a53fdf36,no,no,0,KXBTC15M-26SEP230600-00,0723fb12-3d01-bdc5-2686-58fc1c527afe,1790157216,0.3200
buy,bid,4.17,2026-09-23T09:53:16.222609Z,2,0.070600,0723fb13-2d79-9fa4-b293-556c3a772f87,True,KXBTC15M-26SEP230600-00,0.5900,01a0cdaf-0ae0-79ee-84a2-16448850488c,yes,yes,0,KXBTC15M-26SEP230600-00,0723fb13-2d79-9fa4-b293-556c3a772f87,1790157196,0.4100
buy,bid,1.83,2026-09-23T09:53:16.222609Z,2,0.031000,0723fb13-2d79-9266-baa0-a2562393c7e7,True,KXBTC15M-26SEP230600-00,0.5900,01a0cdaf-0ae0-79ee-84a2-16448850488c,yes,yes,0,KXBTC15M-26SEP230600-00,0723fb13-2d79-9266-baa0-a2562393c7e7,1790157196,0.4100
sell,ask,4.00,2026-09-23T09:50:46.548563Z,2,0.063700,0723fb1f-bec9-8304-f1ef-08376bdf49b5,True,KXBTC15M-26SEP230600-00,0.3500,01a0cdac-c0f0-7c74-9f93-92217f3fe0f0,no,no,0,KXBTC15M-26SEP230600-00,0723fb1f-bec9-8304-f1ef-08376bdf49b5,1790157046,0.6500
sell,ask,1.00,2026-09-23T09:50:46.548563Z,2,0.015900,0723fb1f-bae1-8dc9-d25a-19c183e3d0a7,True,KXBTC15M-26SEP230600-00,0.3500,01a0cdac-c0f0-7c74-9f93-92217f3fe0f0,no,no,0,KXBTC15M-26SEP230600-00,0723fb1f-bae1-8dc9-d25a-19c183e3d0a7,1790157046,0.6500
sell,ask,1.00,2026-09-23T09:50:46.548563Z,2,0.016000,0723fb1f-b291-8dc6-ff0a-e07474e99f63,True,KXBTC15M-26SEP230600-00,0.3500,01a0cdac-c0f0-7c74-9f93-92217f3fe0f0,no,no,0,KXBTC15M-26SEP230600-00,0723fb1f-b291-8dc6-ff0a-e07474e99f63,1790157046,0.6500
buy,bid,6.00,2026-09-23T09:43:49.533741Z,2,0.002100,0723fb3f-f429-924f-6a26-b72bb84d2c07,True,KXBTC15M-26SEP230545-45,0.9950,01a0cda6-6408-798b-ba3b-5cf2e1bc6442,yes,yes,0,KXBTC15M-26SEP230545-45,0723fb3f-f429-924f-6a26-b72bb84d2c07,1790156629,0.0050
sell,ask,6.00,2026-09-23T09:38:18.934149Z,2,0.069700,0723fb24-0b51-bd66-a476-28308545c30f,True,KXBTC15M-26SEP230545-45,0.7900,01a0cda1-5710-7155-8f38-482d532f94e5,no,no,0,KXBTC15M-26SEP230545-45,0723fb24-0b51-bd66-a476-28308545c30f,1790156298,0.2100
sell,ask,6.00,2026-09-23T09:29:16.787201Z,2,0.000900,0723fbe8-45a1-9fd6-ed77-9acc25ce3553,True,KXBTC15M-26SEP230530-30,0.9980,01a0cd99-11e0-783d-92d6-70bca2152e23,no,no,0,KXBTC15M-26SEP230530-30,0723fbe8-45a1-9fd6-ed77-9acc25ce3553,1790155756,0.0020
buy,bid,6.00,2026-09-23T09:24:39.310248Z,2,0.089900,0723fbc7-8c91-95b9-6775-66016c774d03,True,KXBTC15M-26SEP230530-30,0.3100,01a0cd94-d7d8-7944-b898-f30d5d39e16e,yes,yes,0,KXBTC15M-26SEP230530-30,0723fbc7-8c91-95b9-6775-66016c774d03,1790155479,0.6900
buy,bid,6.00,2026-09-23T09:22:23.253667Z,2,0.104000,0723fbd9-d2d1-940d-93ba-8b4451610db5,True,KXBTC15M-26SEP230530-30,0.5500,01a0cd92-c498-7957-89fe-c09a761da8f8,yes,yes,0,KXBTC15M-26SEP230530-30,0723fbd9-d2d1-940d-93ba-8b4451610db5,1790155343,0.4500
sell,ask,6.00,2026-09-23T09:21:10.762826Z,2,0.084700,0723fbd7-3ab1-9445-1103-68d32ddd41d3,True,KXBTC15M-26SEP230530-30,0.7200,01a0cd91-a770-7bee-aee8-5e03dcb1b260,no,no,0,KXBTC15M-26SEP230530-30,0723fbd7-3ab1-9445-1103-68d32ddd41d3,1790155270,0.2800
buy,bid,6.00,2026-09-23T09:07:59.086057Z,2,0.053600,0723fb93-d399-8e9e-f1da-2788acdcb306,True,KXBTC15M-26SEP230515-15,0.1500,01a0cd85-9598-7df1-99c9-e82bbb586916,yes,yes,0,KXBTC15M-26SEP230515-15,0723fb93-d399-8e9e-f1da-2788acdcb306,1790154479,0.8500
sell,ask,6.00,2026-09-23T09:05:21.369342Z,2,0.103500,0723fb8f-9dc9-8e14-8af5-2b633a855aa1,True,KXBTC15M-26SEP230515-15,0.4400,01a0cd83-2c68-7d2d-83a5-5c043fb8e699,no,no,0,KXBTC15M-26SEP230515-15,0723fb8f-9dc9-8e14-8af5-2b633a855aa1,1790154321,0.5600
sell,ask,6.00,2026-09-23T08:58:46.685168Z,2,0.001700,0723f889-b449-95d1-e563-dd3b5197d1d3,True,KXBTC15M-26SEP230500-00,0.9960,01a0cd7d-2570-7b49-94e6-2dfe605c5fe9,no,no,0,KXBTC15M-26SEP230500-00,0723f889-b449-95d1-e563-dd3b5197d1d3,1790153926,0.0040
buy,bid,6.00,2026-09-23T08:50:32.135665Z,2,0.047600,0723f8a3-ff09-b77a-5ceb-f4ea6acc8a61,True,KXBTC15M-26SEP230500-00,0.8700,01a0cd75-9bc0-7340-b78e-9495aad740af,yes,yes,0,KXBTC15M-26SEP230500-00,0723f8a3-ff09-b77a-5ceb-f4ea6acc8a61,1790153432,0.1300
buy,bid,6.00,2026-09-23T08:40:27.688659Z,2,0.062000,0723f8dd-e199-9c11-062e-232a488389ae,True,KXBTC15M-26SEP230445-45,0.1800,01a0cd6c-6078-79e3-a366-324c8731461f,yes,yes,0,KXBTC15M-26SEP230445-45,0723f8dd-e199-9c11-062e-232a488389ae,1790152827,0.8200
sell,ask,6.00,2026-09-23T08:39:58.645107Z,2,0.059300,0723f8c4-5ba1-be9c-95e6-26c0a1eddd95,True,KXBTC15M-26SEP230445-45,0.1700,01a0cd6b-ef30-732c-858e-bef109e1714a,no,no,0,KXBTC15M-26SEP230445-45,0723f8c4-5ba1-be9c-95e6-26c0a1eddd95,1790152798,0.8300
buy,bid,6.00,2026-09-23T08:35:09.348925Z,2,0.101600,0723f8f9-63b1-b88f-93fe-f9c608c21336,True,KXBTC15M-26SEP230445-45,0.4100,01a0cd67-8648-73d9-8180-6bbbc0b89069,yes,yes,0,KXBTC15M-26SEP230445-45,0723f8f9-63b1-b88f-93fe-f9c608c21336,1790152509,0.5900
sell,ask,6.00,2026-09-23T08:27:58.327654Z,2,0.104900,0723f8e3-2409-8cbe-a5ae-62171e12eb12,True,KXBTC15M-26SEP230430-30,0.4800,01a0cd60-f2b0-7f8b-84b7-195489a364bb,no,no,0,KXBTC15M-26SEP230430-30,0723f8e3-2409-8cbe-a5ae-62171e12eb12,1790152078,0.5200
buy,bid,6.00,2026-09-23T08:20:03.226224Z,2,0.053600,0723f83f-6b61-94b8-9a7d-50cbcdd0f25b,True,KXBTC15M-26SEP230430-30,0.1500,01a0cd59-b338-7808-8249-9d8b1c2a8aff,yes,yes,0,KXBTC15M-26SEP230430-30,0723f83f-6b61-94b8-9a7d-50cbcdd0f25b,1790151603,0.8500
sell,ask,1.67,2026-09-23T08:13:47.424143Z,2,0.000680,0723f81c-2b71-bcca-3af6-82e4b23670e6,True,KXBTC15M-26SEP230415-15,0.0060,01a0cd53-f678-70ca-a040-91e4d3861c4e,no,no,0,KXBTC15M-26SEP230415-15,0723f81c-2b71-bcca-3af6-82e4b23670e6,1790151227,0.9940
sell,ask,4.21,2026-09-23T08:13:47.424143Z,2,0.001840,0723f81c-2b71-ba70-35b5-74444c4df711,True,KXBTC15M-26SEP230415-15,0.0060,01a0cd53-f678-70ca-a040-91e4d3861c4e,no,no,0,KXBTC15M-26SEP230415-15,0723f81c-2b71-ba70-35b5-74444c4df711,1790151227,0.9940
sell,ask,0.01,2026-09-23T08:13:47.424143Z,2,0.000040,0723f81c-2b71-b718-0c9a-2e484cd8835e,True,KXBTC15M-26SEP230415-15,0.0060,01a0cd53-f678-70ca-a040-91e4d3861c4e,no,no,0,KXBTC15M-26SEP230415-15,0723f81c-2b71-b718-0c9a-2e484cd8835e,1790151227,0.9940
sell,ask,0.01,2026-09-23T08:13:47.424143Z,2,0.000040,0723f81c-2b71-b711-2d96-97638dab5c0a,True,KXBTC15M-26SEP230415-15,0.0060,01a0cd53-f678-70ca-a040-91e4d3861c4e,no,no,0,KXBTC15M-26SEP230415-15,0723f81c-2b71-b711-2d96-97638dab5c0a,1790151227,0.9940
sell,ask,0.10,2026-09-23T08:13:47.424143Z,2,0.000000,0723f81c-2b71-b3c3-3273-1ffadefb3dbb,True,KXBTC15M-26SEP230415-15,0.0060,01a0cd53-f678-70ca-a040-91e4d3861c4e,no,no,0,KXBTC15M-26SEP230415-15,0723f81c-2b71-b3c3-3273-1ffadefb3dbb,1790151227,0.9940
buy,bid,6.00,2026-09-23T08:10:05.030307Z,2,0.069700,0723f812-ce89-874c-fc59-8126cbf8aecd,True,KXBTC15M-26SEP230415-15,0.2100,01a0cd50-9348-7f7a-91b9-5784fde84c75,yes,yes,0,KXBTC15M-26SEP230415-15,0723f812-ce89-874c-fc59-8126cbf8aecd,1790151005,0.7900
buy,bid,6.00,2026-09-23T08:08:52.982802Z,2,0.086500,0723f872-b6d1-90c0-49ff-85cb04e7b830,True,KXBTC15M-26SEP230415-15,0.2900,01a0cd4f-7620-792b-b6f5-9ad15f8eab16,yes,yes,0,KXBTC15M-26SEP230415-15,0723f872-b6d1-90c0-49ff-85cb04e7b830,1790150932,0.7100
sell,ask,6.00,2026-09-23T08:05:16.367158Z,2,0.104900,0723f87b-18c9-8d47-565d-6e734296163f,True,KXBTC15M-26SEP230415-15,0.5200,01a0cd4c-2a60-7e61-b7b7-7dd29a5ea86e,no,no,0,KXBTC15M-26SEP230415-15,0723f87b-18c9-8d47-565d-6e734296163f,1790150716,0.4800
buy,bid,6.00,2026-09-23T07:58:46.423949Z,2,0.002100,0723f821-47a1-a216-d412-b98d11031b16,True,KXBTC15M-26SEP230400-00,0.0050,01a0cd46-36f0-76c9-9018-197b03ba849a,yes,yes,0,KXBTC15M-26SEP230400-00,0723f821-47a1-a216-d412-b98d11031b16,1790150326,0.9950
sell,ask,6.00,2026-09-23T07:54:04.505247Z,2,0.059300,0723f846-7829-a1c2-1de2-3ffc7d338cc3,True,KXBTC15M-26SEP230400-00,0.1700,01a0cd41-e960-76f8-a1c1-54d67afa705e,no,no,0,KXBTC15M-26SEP230400-00,0723f846-7829-a1c2-1de2-3ffc7d338cc3,1790150044,0.8300
sell,ask,6.00,2026-09-23T07:53:32.232001Z,2,0.076700,0723f844-d9f9-bc75-c32d-3e84fb2bd4f9,True,KXBTC15M-26SEP230400-00,0.2400,01a0cd41-6c60-73c1-9cb0-de22330c0ade,no,no,0,KXBTC15M-26SEP230400-00,0723f844-d9f9-bc75-c32d-3e84fb2bd4f9,1790150012,0.7600
buy,bid,6.00,2026-09-23T07:51:18.507735Z,2,0.072100,0723f9c2-d291-a3e0-b388-88a179274221,True,KXBTC15M-26SEP230400-00,0.2200,01a0cd3f-60f0-7581-8c1d-1952d850815d,yes,yes,0,KXBTC15M-26SEP230400-00,0723f9c2-d291-a3e0-b388-88a179274221,1790149878,0.7800
buy,bid,6.00,2026-09-23T07:38:21.536175Z,2,0.041200,0723f9fd-6d31-b17c-501e-1414a436f526,True,KXBTC15M-26SEP230345-45,0.8900,01a0cd33-85c8-7126-b506-0c594603bd64,yes,yes,0,KXBTC15M-26SEP230345-45,0723f9fd-6d31-b17c-501e-1414a436f526,1790149101,0.1100
sell,ask,6.00,2026-09-23T07:35:04.07069Z,2,0.037800,0723f9f2-9159-8a3b-e2c6-a4deed4dbfe2,True,KXBTC15M-26SEP230345-45,0.9000,01a0cd30-8440-7c6e-9b99-b061f6ba29ca,no,no,0,KXBTC15M-26SEP230345-45,0723f9f2-9159-8a3b-e2c6-a4deed4dbfe2,1790148904,0.1000
sell,ask,12.18,2026-09-23T07:29:35.248826Z,2,0.000920,0723f986-8751-8076-f8d0-9b3df829d465,True,KXBTC15M-26SEP230330-30,0.0010,01a0cd2b-7f18-7e09-9be5-b55b7559f315,no,no,0,KXBTC15M-26SEP230330-30,0723f986-8751-8076-f8d0-9b3df829d465,1790148575,0.9990
buy,bid,12.18,2026-09-23T07:29:00.489351Z,2,0.131300,0723f981-2fe1-a4d8-3cce-9b4e1dfebc7a,True,KXBTC15M-26SEP230330-30,0.1900,01a0cd2a-f660-75ea-a1c4-21e774b149e6,yes,yes,0,KXBTC15M-26SEP230330-30,0723f981-2fe1-a4d8-3cce-9b4e1dfebc7a,1790148540,0.8100
buy,bid,6.00,2026-09-23T07:28:35.815348Z,2,0.086500,0723f980-c659-9fff-b7d7-8ae98c8715e5,True,KXBTC15M-26SEP230330-30,0.7100,01a0cd2a-94b8-79ee-8689-36d9fad96d51,yes,yes,0,KXBTC15M-26SEP230330-30,0723f980-c659-9fff-b7d7-8ae98c8715e5,1790148515,0.2900
sell,ask,6.00,2026-09-23T07:26:54.610962Z,2,0.053600,0723f98d-2e89-9525-38fd-3e0591354a8c,True,KXBTC15M-26SEP230330-30,0.8500,01a0cd29-0a30-79f8-a1cf-3f169d06c152,no,no,0,KXBTC15M-26SEP230330-30,0723f98d-2e89-9525-38fd-3e0591354a8c,1790148414,0.1500
buy,bid,6.00,2026-09-23T07:26:30.742389Z,2,0.050600,0723f98a-1561-a902-b601-2a164ca5ca88,True,KXBTC15M-26SEP230330-30,0.8600,01a0cd28-ac70-76fa-87bd-6af6c457c38d,yes,yes,0,KXBTC15M-26SEP230330-30,0723f98a-1561-a902-b601-2a164ca5ca88,1790148390,0.1400
sell,ask,6.00,2026-09-23T07:24:56.749528Z,2,0.101600,0723f9bb-c489-84ca-28f0-c26185cd0657,True,KXBTC15M-26SEP230330-30,0.5900,01a0cd27-3d40-7d44-a181-f15a48ea21e9,no,no,0,KXBTC15M-26SEP230330-30,0723f9bb-c489-84ca-28f0-c26185cd0657,1790148296,0.4100
sell,ask,6.00,2026-09-23T07:23:44.376658Z,2,0.102400,0723f9be-b401-8a1a-c0dd-8acb00f75ee9,True,KXBTC15M-26SEP230330-30,0.5800,01a0cd26-2400-7c56-9773-f99cce25333d,no,no,0,KXBTC15M-26SEP230330-30,0723f9be-b401-8a1a-c0dd-8acb00f75ee9,1790148224,0.4200
buy,bid,6.00,2026-09-23T07:22:43.56186Z,2,0.076700,0723f9b1-fb09-b2d2-94e1-39205006aff8,True,KXBTC15M-26SEP230330-30,0.2400,01a0cd25-35b8-703d-8bd3-7a9ea08afb06,yes,yes,0,KXBTC15M-26SEP230330-30,0723f9b1-fb09-b2d2-94e1-39205006aff8,1790148163,0.7600
buy,bid,3.97,2026-09-23T07:22:11.27862Z,2,0.054700,0723f9b6-4bf9-981c-34f5-f63342f4b6a7,True,KXBTC15M-26SEP230330-30,0.2700,01a0cd24-b8b8-7ad6-af8c-9c3fa0072ede,yes,yes,0,KXBTC15M-26SEP230330-30,0723f9b6-4bf9-981c-34f5-f63342f4b6a7,1790148131,0.7300
buy,bid,2.03,2026-09-23T07:22:11.27862Z,2,0.028100,0723f9b6-47d1-9c06-2488-e020c1816861,True,KXBTC15M-26SEP230330-30,0.2700,01a0cd24-b8b8-7ad6-af8c-9c3fa0072ede,yes,yes,0,KXBTC15M-26SEP230330-30,0723f9b6-47d1-9c06-2488-e020c1816861,1790148131,0.7300
sell,ask,6.00,2026-09-23T07:20:59.232131Z,2,0.078800,0723f9ad-ea49-88ca-9231-5c4eed37cab1,True,KXBTC15M-26SEP230330-30,0.2500,01a0cd23-9f78-7d59-8afe-fccf662f4c06,no,no,0,KXBTC15M-26SEP230330-30,0723f9ad-ea49-88ca-9231-5c4eed37cab1,1790148059,0.7500
sell,bid,118.32,2026-09-23T07:14:21.309439Z,2,0.008280,0723f96b-6539-b2d3-9cdd-dbdce3ca5157,True,KXBTC15M-26SEP230315-15,0.9990,01a0cd1d-8cc8-71a3-8cb4-2eebeb21bc47,yes,yes,0,KXBTC15M-26SEP230315-15,0723f96b-6539-b2d3-9cdd-dbdce3ca5157,1790147661,0.0010
buy,bid,6.00,2026-09-23T07:08:55.048809Z,2,0.089900,0723f97a-ced9-9571-1cd7-61895a146ea8,True,KXBTC15M-26SEP230315-15,0.6900,01a0cd18-9358-7898-a68a-46d28a13182f,yes,yes,0,KXBTC15M-26SEP230315-15,0723f97a-ced9-9571-1cd7-61895a146ea8,1790147335,0.3100
buy,ask,0.01,2026-09-23T07:06:39.699058Z,2,0.000020,0723f94c-8079-b4bf-92ad-c234a5a639eb,True,KXBTC15M-26SEP230315-15,0.9080,01a0cd16-8018-71e9-87f9-bdaded1cb205,no,no,0,KXBTC15M-26SEP230315-15,0723f94c-8079-b4bf-92ad-c234a5a639eb,1790147199,0.0920
buy,ask,0.01,2026-09-23T07:06:39.699058Z,2,0.000120,0723f94c-8079-b09b-a0a0-1bc7fbddc480,True,KXBTC15M-26SEP230315-15,0.9080,01a0cd16-8018-71e9-87f9-bdaded1cb205,no,no,0,KXBTC15M-26SEP230315-15,0723f94c-8079-b09b-a0a0-1bc7fbddc480,1790147199,0.0920
buy,ask,118.30,2026-09-23T07:06:39.699058Z,2,0.685000,0723f94c-4909-bb92-be36-0ab1340d5632,True,KXBTC15M-26SEP230315-15,0.9090,01a0cd16-8018-71e9-87f9-bdaded1cb205,no,no,0,KXBTC15M-26SEP230315-15,0723f94c-4909-bb92-be36-0ab1340d5632,1790147199,0.0910
sell,ask,6.00,2026-09-23T07:06:04.955506Z,2,0.037800,0723f947-a4a1-acc8-d169-860fa67f9ef5,True,KXBTC15M-26SEP230315-15,0.9000,01a0cd15-f760-7783-9444-d7f3e6e39433,no,no,0,KXBTC15M-26SEP230315-15,0723f947-a4a1-acc8-d169-860fa67f9ef5,1790147164,0.1000
sell,ask,6.00,2026-09-23T06:55:21.605011Z,2,0.022300,0723f93c-8179-8b71-6cc6-3b40d9e8c553,True,KXBTC15M-26SEP230300-00,0.9440,01a0cd0c-27a8-7daf-b4c4-c4a3ef9b47d5,no,no,0,KXBTC15M-26SEP230300-00,0723f93c-8179-8b71-6cc6-3b40d9e8c553,1790146521,0.0560
buy,bid,6.00,2026-09-23T06:50:56.308368Z,2,0.064700,0723f928-62c9-83c0-1f93-7bcc6b25e9ef,True,KXBTC15M-26SEP230300-00,0.8100,01a0cd08-1c80-7e66-a7c5-ca15e8179da8,yes,yes,0,KXBTC15M-26SEP230300-00,0723f928-62c9-83c0-1f93-7bcc6b25e9ef,1790146256,0.1900
sell,ask,109.82,2026-09-23T06:42:47.458024Z,2,0.030720,0723f902-3f39-b5a3-9148-3d901ce2296f,True,KXBTC15M-26SEP230245-45,0.0040,01a0cd00-a658-704b-86d5-e351f1cfde8f,no,no,0,KXBTC15M-26SEP230245-45,0723f902-3f39-b5a3-9148-3d901ce2296f,1790145767,0.9960
sell,ask,6.00,2026-09-23T06:40:01.363246Z,2,0.021100,0723ff06-6da1-a670-c7a2-1b3156304b75,True,KXBTC15M-26SEP230245-45,0.0530,01a0ccfe-1de8-7646-97a9-37b298cd3a79,no,no,0,KXBTC15M-26SEP230245-45,0723ff06-6da1-a670-c7a2-1b3156304b75,1790145601,0.9470
buy,bid,3.00,2026-09-23T06:37:53.645842Z,2,0.017900,0723ff0c-8e49-addf-c039-c194ed9846fb,True,KXBTC15M-26SEP230245-45,0.0940,01a0ccfc-29e8-76ef-9bee-3a5529e3dd43,yes,yes,0,KXBTC15M-26SEP230245-45,0723ff0c-8e49-addf-c039-c194ed9846fb,1790145473,0.9060
buy,bid,0.36,2026-09-23T06:37:53.645842Z,2,0.002140,0723ff0c-8e49-ab76-e5ad-3d8854664978,True,KXBTC15M-26SEP230245-45,0.0940,01a0ccfc-29e8-76ef-9bee-3a5529e3dd43,yes,yes,0,KXBTC15M-26SEP230245-45,0723ff0c-8e49-ab76-e5ad-3d8854664978,1790145473,0.9060
buy,bid,0.01,2026-09-23T06:37:53.645842Z,2,0.000050,0723ff0c-8e49-aa72-d4fb-7520c2738f25,True,KXBTC15M-26SEP230245-45,0.0950,01a0ccfc-29e8-76ef-9bee-3a5529e3dd43,yes,yes,0,KXBTC15M-26SEP230245-45,0723ff0c-8e49-aa72-d4fb-7520c2738f25,1790145473,0.9050
buy,bid,0.01,2026-09-23T06:37:53.645842Z,2,0.000050,0723ff0c-8e49-a794-ef93-b307559debd8,True,KXBTC15M-26SEP230245-45,0.0950,01a0ccfc-29e8-76ef-9bee-3a5529e3dd43,yes,yes,0,KXBTC15M-26SEP230245-45,0723ff0c-8e49-a794-ef93-b307559debd8,1790145473,0.9050
buy,bid,3.00,2026-09-23T06:37:53.645842Z,2,0.018100,0723ff0c-8e49-a45a-f6b9-7604e61eb633,True,KXBTC15M-26SEP230245-45,0.0950,01a0ccfc-29e8-76ef-9bee-3a5529e3dd43,yes,yes,0,KXBTC15M-26SEP230245-45,0723ff0c-8e49-a45a-f6b9-7604e61eb633,1790145473,0.9050
buy,bid,99.44,2026-09-23T06:37:53.645842Z,2,0.592860,0723ff0c-85b9-a079-fceb-be9630565e02,True,KXBTC15M-26SEP230245-45,0.0940,01a0ccfc-29e8-76ef-9bee-3a5529e3dd43,yes,yes,0,KXBTC15M-26SEP230245-45,0723ff0c-85b9-a079-fceb-be9630565e02,1790145473,0.9060
buy,bid,3.00,2026-09-23T06:37:53.645842Z,2,0.018100,0723ff0c-81a1-a273-e5bc-684463310885,True,KXBTC15M-26SEP230245-45,0.0950,01a0ccfc-29e8-76ef-9bee-3a5529e3dd43,yes,yes,0,KXBTC15M-26SEP230245-45,0723ff0c-81a1-a273-e5bc-684463310885,1790145473,0.9050
buy,bid,1.00,2026-09-23T06:37:53.645842Z,2,0.005900,0723ff04-55e1-a10d-fea9-675db7271329,True,KXBTC15M-26SEP230245-45,0.0940,01a0ccfc-29e8-76ef-9bee-3a5529e3dd43,yes,yes,0,KXBTC15M-26SEP230245-45,0723ff04-55e1-a10d-fea9-675db7271329,1790145473,0.9060
buy,bid,5.89,2026-09-23T06:36:09.470811Z,2,0.079400,0723ff10-dd09-bd2b-b2a7-cb138f6a0f66,True,KXBTC15M-26SEP230245-45,0.2600,01a0ccfa-93a8-7149-8d06-65a52af2ed27,yes,yes,0,KXBTC15M-26SEP230245-45,0723ff10-dd09-bd2b-b2a7-cb138f6a0f66,1790145369,0.7400
buy,bid,0.11,2026-09-23T06:36:09.470811Z,2,0.001500,0723ff10-c579-b360-9486-6ca5e564bf12,True,KXBTC15M-26SEP230245-45,0.2600,01a0ccfa-93a8-7149-8d06-65a52af2ed27,yes,yes,0,KXBTC15M-26SEP230245-45,0723ff10-c579-b360-9486-6ca5e564bf12,1790145369,0.7400
sell,bid,105.98,2026-09-23T06:28:31.637113Z,2,0.007420,0723ff3d-35e9-822a-297b-1da65ffd87b2,True,KXBTC15M-26SEP230230-30,0.9990,01a0ccf3-9698-7d62-a770-00194b7e7a37,yes,yes,0,KXBTC15M-26SEP230230-30,0723ff3d-35e9-822a-297b-1da65ffd87b2,1790144911,0.0010
buy,ask,105.98,2026-09-23T06:22:37.030063Z,2,1.095000,0723ff56-9b31-a409-e8e8-84dfcefcabbc,True,KXBTC15M-26SEP230230-30,0.8200,01a0ccee-2fc8-7564-9db7-312689ca1bc0,no,no,0,KXBTC15M-26SEP230230-30,0723ff56-9b31-a409-e8e8-84dfcefcabbc,1790144557,0.1800
sell,ask,88.48,2026-09-23T06:13:53.859048Z,2,0.006220,0723ff7e-d631-824e-cb0d-e068634d3733,True,KXBTC15M-26SEP230215-15,0.0010,01a0cce6-30e8-7c8d-9b59-53ee73b8384a,no,no,0,KXBTC15M-26SEP230215-15,0723ff7e-d631-824e-cb0d-e068634d3733,1790144033,0.9990
buy,bid,88.48,2026-09-23T06:07:12.098558Z,2,0.789700,0723ff60-40b1-89e4-f4d5-fa1d8e61ec85,True,KXBTC15M-26SEP230215-15,0.1500,01a0cce0-1280-7ce1-998e-9afc9f67084a,yes,yes,0,KXBTC15M-26SEP230215-15,0723ff60-40b1-89e4-f4d5-fa1d8e61ec85,1790143632,0.8500
buy,ask,61.94,2026-09-23T05:53:38.67017Z,2,0.209940,0723ff9d-0059-8fa4-3a51-171d865bcbec,True,KXBTC15M-26SEP230200-00,0.9490,01a0ccd3-a6d0-7ee3-aa28-9ee2f524c330,no,no,0,KXBTC15M-26SEP230200-00,0723ff9d-0059-8fa4-3a51-171d865bcbec,1790142818,0.0510
buy,ask,1.00,2026-09-23T05:51:29.460603Z,2,0.007400,0723ff97-10a1-8f7d-ed41-d4322cd0e220,True,KXBTC15M-26SEP230200-00,0.8800,01a0ccd1-aee8-7cfc-9add-4543a2f2739e,no,no,0,KXBTC15M-26SEP230200-00,0723ff97-10a1-8f7d-ed41-d4322cd0e220,1790142689,0.1200
buy,ask,0.01,2026-09-23T05:51:29.460603Z,2,0.000100,0723ff97-10a1-8bc4-ec0d-3e90b6e8d06c,True,KXBTC15M-26SEP230200-00,0.8800,01a0ccd1-aee8-7cfc-9add-4543a2f2739e,no,no,0,KXBTC15M-26SEP230200-00,0723ff97-10a1-8bc4-ec0d-3e90b6e8d06c,1790142689,0.1200
buy,ask,10.90,2026-09-23T05:51:29.460603Z,2,0.080600,0723ff97-10a1-8900-d9d3-4285dacdb278,True,KXBTC15M-26SEP230200-00,0.8800,01a0ccd1-aee8-7cfc-9add-4543a2f2739e,no,no,0,KXBTC15M-26SEP230200-00,0723ff97-10a1-8900-d9d3-4285dacdb278,1790142689,0.1200
buy,ask,0.01,2026-09-23T05:51:29.460603Z,2,0.000100,0723ff97-10a1-889e-eb32-12267b2912e2,True,KXBTC15M-26SEP230200-00,0.8800,01a0ccd1-aee8-7cfc-9add-4543a2f2739e,no,no,0,KXBTC15M-26SEP230200-00,0723ff97-10a1-889e-eb32-12267b2912e2,1790142689,0.1200
buy,ask,1.00,2026-09-23T05:51:29.460603Z,2,0.007400,0723ff97-10a1-8568-d215-f8c04a34f6b5,True,KXBTC15M-26SEP230200-00,0.8800,01a0ccd1-aee8-7cfc-9add-4543a2f2739e,no,no,0,KXBTC15M-26SEP230200-00,0723ff97-10a1-8568-d215-f8c04a34f6b5,1790142689,0.1200
buy,ask,0.60,2026-09-23T05:51:29.460603Z,2,0.004400,0723ff97-10a1-8543-ec21-72d1a52befdb,True,KXBTC15M-26SEP230200-00,0.8800,01a0ccd1-aee8-7cfc-9add-4543a2f2739e,no,no,0,KXBTC15M-26SEP230200-00,0723ff97-10a1-8543-ec21-72d1a52befdb,1790142689,0.1200
sell,ask,93.23,2026-09-23T05:51:21.984502Z,2,0.738200,0723ff97-b109-bd91-9c30-98173a480c27,True,KXBTC15M-26SEP230200-00,0.8700,01a0ccd1-8fa8-73dd-8996-0e231ca36a41,no,no,0,KXBTC15M-26SEP230200-00,0723ff97-b109-bd91-9c30-98173a480c27,1790142681,0.1300
buy,bid,93.23,2026-09-23T05:46:46.210561Z,2,1.464500,0723fff8-2c49-b280-7844-b99f914fe619,True,KXBTC15M-26SEP230200-00,0.3400,01a0cccd-5d70-737e-b74e-7e8792bc95d4,yes,yes,0,KXBTC15M-26SEP230200-00,0723fff8-2c49-b280-7844-b99f914fe619,1790142406,0.6600
buy,bid,6.00,2026-09-23T05:22:43.683105Z,2,0.059300,0723fe6a-2fe1-bb88-53f0-89f5754ef20d,True,KXBTC15M-26SEP230130-30,0.8300,01a0ccb7-58b8-7241-be54-f10101416c80,yes,yes,0,KXBTC15M-26SEP230130-30,0723fe6a-2fe1-bb88-53f0-89f5754ef20d,1790140963,0.1700
buy,ask,63.22,2026-09-23T05:12:53.400041Z,2,0.035060,0723fe17-3829-b0c1-b92a-bf19a461d835,True,KXBTC15M-26SEP230115-15,0.9920,01a0ccae-5808-7395-8bd4-742a1bcc6239,no,no,0,KXBTC15M-26SEP230115-15,0723fe17-3829-b0c1-b92a-bf19a461d835,1790140373,0.0080
buy,ask,0.01,2026-09-23T05:12:53.400041Z,2,0.000080,0723fe17-3401-bd45-9ed3-2d825a9f46b1,True,KXBTC15M-26SEP230115-15,0.9920,01a0ccae-5808-7395-8bd4-742a1bcc6239,no,no,0,KXBTC15M-26SEP230115-15,0723fe17-3401-bd45-9ed3-2d825a9f46b1,1790140373,0.0080
buy,ask,0.01,2026-09-23T05:12:53.400041Z,2,0.000080,0723fe17-3401-b56f-8afb-1474cb64eab3,True,KXBTC15M-26SEP230115-15,0.9920,01a0ccae-5808-7395-8bd4-742a1bcc6239,no,no,0,KXBTC15M-26SEP230115-15,0723fe17-3401-b56f-8afb-1474cb64eab3,1790140373,0.0080
buy,bid,63.53,2026-09-23T04:57:01.595693Z,2,0.378820,0723fee0-9469-bbc6-a8ab-3a8afcaa783d,True,KXBTC15M-26SEP230100-00,0.0940,01a0cc9f-d148-71e8-8798-0c1848ca2eb6,yes,yes,0,KXBTC15M-26SEP230100-00,0723fee0-9469-bbc6-a8ab-3a8afcaa783d,1790139421,0.9060
sell,ask,6.00,2026-09-23T04:56:56.662015Z,2,0.032700,0723fee1-4ac1-9ada-9692-2c2fddac6555,True,KXBTC15M-26SEP230100-00,0.0850,01a0cc9f-bdc0-78ca-86a7-80e41c4cf435,no,no,0,KXBTC15M-26SEP230100-00,0723fee1-4ac1-9ada-9692-2c2fddac6555,1790139416,0.9150
buy,bid,6.00,2026-09-23T04:56:37.9365Z,2,0.037800,0723fee9-1ec1-8d34-2cf5-b6caa3e61b61,True,KXBTC15M-26SEP230100-00,0.1000,01a0cc9f-7388-7d08-a100-370e246ef725,yes,yes,0,KXBTC15M-26SEP230100-00,0723fee9-1ec1-8d34-2cf5-b6caa3e61b61,1790139397,0.9000
sell,ask,6.00,2026-09-23T04:51:38.53639Z,2,0.100800,0723fef1-6dd1-98af-1f57-8b8662639724,True,KXBTC15M-26SEP230100-00,0.6000,01a0cc9a-e390-7903-a8fd-c46bb22da8ed,no,no,0,KXBTC15M-26SEP230100-00,0723fef1-6dd1-98af-1f57-8b8662639724,1790139098,0.4000
buy,bid,6.00,2026-09-23T04:41:48.978632Z,2,0.028500,0723fed6-6961-b2e4-e3b4-a1fb56a7d372,True,KXBTC15M-26SEP230045-45,0.0730,01a0cc91-e2e0-712f-90e4-464c8060dbcd,yes,yes,0,KXBTC15M-26SEP230045-45,0723fed6-6961-b2e4-e3b4-a1fb56a7d372,1790138508,0.9270
sell,ask,6.00,2026-09-23T04:39:50.745544Z,2,0.086500,0723fed0-4231-8c50-9c55-206e9915ad93,True,KXBTC15M-26SEP230045-45,0.2900,01a0cc90-15f0-7f54-898f-b4f58e057363,no,no,0,KXBTC15M-26SEP230045-45,0723fed0-4231-8c50-9c55-206e9915ad93,1790138390,0.7100
buy,bid,6.00,2026-09-23T04:36:28.077573Z,2,0.037500,0723feb8-ff79-acba-17d9-fff2e0939423,True,KXBTC15M-26SEP230045-45,0.0990,01a0cc8d-00e0-74bd-a2f2-427b4a34fc9a,yes,yes,0,KXBTC15M-26SEP230045-45,0723feb8-ff79-acba-17d9-fff2e0939423,1790138188,0.9010
sell,ask,6.00,2026-09-23T04:35:13.672645Z,2,0.064700,0723fea4-bf91-87c1-22a3-efda46e95e22,True,KXBTC15M-26SEP230045-45,0.1900,01a0cc8b-dbe8-7d2f-a251-c79e5890cf39,no,no,0,KXBTC15M-26SEP230045-45,0723fea4-bf91-87c1-22a3-efda46e95e22,1790138113,0.8100
sell,ask,6.00,2026-09-23T04:22:52.798315Z,2,0.056500,0723fe82-b011-b3fe-44fb-a58da3c12d79,True,KXBTC15M-26SEP230030-30,0.1600,01a0cc80-8d60-71b1-b7f8-cc1412a844d0,no,no,0,KXBTC15M-26SEP230030-30,0723fe82-b011-b3fe-44fb-a58da3c12d79,1790137372,0.8400
buy,bid,6.00,2026-09-23T04:21:23.38253Z,2,0.056500,0723fd83-f759-8f4a-a624-a0fef8612e33,True,KXBTC15M-26SEP230030-30,0.1600,01a0cc7f-31b8-7f05-8e74-b17a36f8b1f4,yes,yes,0,KXBTC15M-26SEP230030-30,0723fd83-f759-8f4a-a624-a0fef8612e33,1790137283,0.8400
buy,bid,6.00,2026-09-23T04:08:38.189357Z,2,0.088200,0723fdbd-9449-9da2-c3f4-7ce031ac7e2e,True,KXBTC15M-26SEP230015-15,0.3000,01a0cc73-8570-7a13-9c3c-101e18ab35d3,yes,yes,0,KXBTC15M-26SEP230015-15,0723fdbd-9449-9da2-c3f4-7ce031ac7e2e,1790136518,0.7000
sell,ask,6.00,2026-09-23T04:05:06.534546Z,2,0.074400,0723fdb1-1cf1-8bad-f89e-29cc2b73c7ca,True,KXBTC15M-26SEP230015-15,0.7700,01a0cc70-4950-7fd6-9206-a4e789b479f8,no,no,0,KXBTC15M-26SEP230015-15,0723fdb1-1cf1-8bad-f89e-29cc2b73c7ca,1790136306,0.2300
buy,bid,6.00,2026-09-23T03:58:49.674272Z,2,0.000500,0723fdc0-7359-bdda-c90b-3fc2859765f3,True,KXBTC15M-26SEP230000-00,0.9990,01a0cc6a-88a8-717e-90e3-0e7c93858bf2,yes,yes,0,KXBTC15M-26SEP230000-00,0723fdc0-7359-bdda-c90b-3fc2859765f3,1790135929,0.0010
sell,ask,6.00,2026-09-23T03:50:27.092647Z,2,0.064700,0723fde9-a531-be56-7263-91d843d68d72,True,KXBTC15M-26SEP230000-00,0.8100,01a0cc62-dfb8-7216-ba83-37fc08c05db4,no,no,0,KXBTC15M-26SEP230000-00,0723fde9-a531-be56-7263-91d843d68d72,1790135427,0.1900
buy,bid,0.01,2026-09-23T03:40:52.747179Z,2,0.000030,0723fd32-7f21-b711-5ca4-2324ea2c488d,True,KXBTC15M-26SEP222345-45,0.0130,01a0cc5a-19a0-73d7-b283-7630019b86a8,yes,yes,0,KXBTC15M-26SEP222345-45,0723fd32-7f21-b711-5ca4-2324ea2c488d,1790134852,0.9870
buy,bid,5.98,2026-09-23T03:40:52.747179Z,2,0.005340,0723fd32-7f21-b3b7-43e2-a4944ede2eeb,True,KXBTC15M-26SEP222345-45,0.0130,01a0cc5a-19a0-73d7-b283-7630019b86a8,yes,yes,0,KXBTC15M-26SEP222345-45,0723fd32-7f21-b3b7-43e2-a4944ede2eeb,1790134852,0.9870
buy,bid,0.01,2026-09-23T03:40:52.747179Z,2,0.000030,0723fd32-7f21-b100-7af5-5278810d14cb,True,KXBTC15M-26SEP222345-45,0.0130,01a0cc5a-19a0-73d7-b283-7630019b86a8,yes,yes,0,KXBTC15M-26SEP222345-45,0723fd32-7f21-b100-7af5-5278810d14cb,1790134852,0.9870
sell,ask,6.00,2026-09-23T03:38:40.949194Z,2,0.064700,0723fd38-4a19-a4e9-180b-9f963d1d7ea8,True,KXBTC15M-26SEP222345-45,0.1900,01a0cc58-1600-776f-ac98-bc411d1d4718,no,no,0,KXBTC15M-26SEP222345-45,0723fd38-4a19-a4e9-180b-9f963d1d7ea8,1790134720,0.8100
sell,ask,6.00,2026-09-23T03:37:31.500157Z,2,0.047600,0723fd0a-d939-92df-3788-d678a0570bf5,True,KXBTC15M-26SEP222345-45,0.1300,01a0cc57-0878-79ab-a2b6-f0b36dde12a0,no,no,0,KXBTC15M-26SEP222345-45,0723fd0a-d939-92df-3788-d678a0570bf5,1790134651,0.8700
buy,bid,6.00,2026-09-23T03:35:06.002667Z,2,0.098000,0723fd07-8201-8ae4-6f40-da3f53377ca6,True,KXBTC15M-26SEP222345-45,0.3700,01a0cc54-d210-7d2d-b65f-ac619f8e4cac,yes,yes,0,KXBTC15M-26SEP222345-45,0723fd07-8201-8ae4-6f40-da3f53377ca6,1790134506,0.6300
sell,ask,6.00,2026-09-23T03:28:46.59045Z,2,0.000900,0723fd73-1709-894f-1a21-1397f6751dd3,True,KXBTC15M-26SEP222330-30,0.0020,01a0cc4f-05b0-7d7f-a95e-d3c290776ca3,no,no,0,KXBTC15M-26SEP222330-30,0723fd73-1709-894f-1a21-1397f6751dd3,1790134126,0.9980
buy,bid,60.11,2026-09-23T03:24:44.493313Z,2,0.082500,0723fd66-01f9-a534-a9f0-be8d9020c0b6,True,KXBTC15M-26SEP222330-30,0.0200,01a0cc4b-5460-74dd-8c29-41efdc0ae137,yes,yes,0,KXBTC15M-26SEP222330-30,0723fd66-01f9-a534-a9f0-be8d9020c0b6,1790133884,0.9800
buy,bid,6.00,2026-09-23T03:21:19.210917Z,2,0.037800,0723fd68-e981-8776-7b18-922f2cf3081d,True,KXBTC15M-26SEP222330-30,0.1000,01a0cc48-3398-7e84-b21b-29e8708c57f6,yes,yes,0,KXBTC15M-26SEP222330-30,0723fd68-e981-8776-7b18-922f2cf3081d,1790133679,0.9000
buy,bid,0.01,2026-09-23T03:13:47.925174Z,2,0.000100,0723fd44-7a19-9f66-607c-72452783c48d,True,KXBTC15M-26SEP222315-15,0.9500,01a0cc41-4df8-781c-b268-2a8c1df44c8e,yes,yes,0,KXBTC15M-26SEP222315-15,0723fd44-7a19-9f66-607c-72452783c48d,1790133227,0.0500
buy,bid,0.01,2026-09-23T03:13:47.925174Z,2,0.000000,0723fd44-7a19-9bf7-73f9-066bcf669f7b,True,KXBTC15M-26SEP222315-15,0.9500,01a0cc41-4df8-781c-b268-2a8c1df44c8e,yes,yes,0,KXBTC15M-26SEP222315-15,0723fd44-7a19-9bf7-73f9-066bcf669f7b,1790133227,0.0500
buy,bid,5.08,2026-09-23T03:13:47.925174Z,2,0.016900,0723fd44-7a19-99a0-5ba6-01d6da12933b,True,KXBTC15M-26SEP222315-15,0.9500,01a0cc41-4df8-781c-b268-2a8c1df44c8e,yes,yes,0,KXBTC15M-26SEP222315-15,0723fd44-7a19-99a0-5ba6-01d6da12933b,1790133227,0.0500
buy,bid,0.90,2026-09-23T03:13:47.925174Z,2,0.003000,0723fd44-7a19-970a-5508-9ed984e59fda,True,KXBTC15M-26SEP222315-15,0.9500,01a0cc41-4df8-781c-b268-2a8c1df44c8e,yes,yes,0,KXBTC15M-26SEP222315-15,0723fd44-7a19-970a-5508-9ed984e59fda,1790133227,0.0500
sell,ask,6.00,2026-09-23T03:05:08.89876Z,2,0.062000,0723fcdc-c9e1-9431-439a-04491dc0ba05,True,KXBTC15M-26SEP222315-15,0.8200,01a0cc39-62a0-7ab1-b7e1-9628b6faa16d,no,no,0,KXBTC15M-26SEP222315-15,0723fcdc-c9e1-9431-439a-04491dc0ba05,1790132708,0.1800
sell,ask,6.00,2026-09-23T02:57:48.038435Z,2,0.064700,0723fcf8-0b91-919e-de3f-5d67b0534df4,True,KXBTC15M-26SEP222300-00,0.1900,01a0cc32-abe0-794c-9c64-49a30a7b1420,no,no,0,KXBTC15M-26SEP222300-00,0723fcf8-0b91-919e-de3f-5d67b0534df4,1790132268,0.8100
buy,bid,6.00,2026-09-23T02:54:34.255653Z,2,0.103000,0723fc91-6a69-96fd-cfa4-45353458c097,True,KXBTC15M-26SEP222300-00,0.5700,01a0cc2f-b610-7912-9b5e-49bdb6287e2e,yes,yes,0,KXBTC15M-26SEP222300-00,0723fc91-6a69-96fd-cfa4-45353458c097,1790132074,0.4300
buy,bid,6.00,2026-09-23T02:53:44.805659Z,2,0.104900,0723fc95-39c1-a0a9-6be5-9186ca82d35b,True,KXBTC15M-26SEP222300-00,0.4800,01a0cc2e-f2c0-7416-b6a0-27cfc4a88df2,yes,yes,0,KXBTC15M-26SEP222300-00,0723fc95-39c1-a0a9-6be5-9186ca82d35b,1790132024,0.5200
sell,ask,6.00,2026-09-23T02:50:36.764233Z,2,0.103000,0723fc9c-5d11-85eb-a5fd-15f7a540d448,True,KXBTC15M-26SEP222300-00,0.5700,01a0cc2c-1460-7e51-8a62-8c89b6fc067b,no,no,0,KXBTC15M-26SEP222300-00,0723fc9c-5d11-85eb-a5fd-15f7a540d448,1790131836,0.4300
buy,bid,6.00,2026-09-23T02:41:30.434498Z,2,0.041200,0723fcad-45e9-b0bd-1205-91c1a5a176ba,True,KXBTC15M-26SEP222245-45,0.8900,01a0cc23-bf90-70aa-a54a-059fd56bcf84,yes,yes,0,KXBTC15M-26SEP222245-45,0723fcad-45e9-b0bd-1205-91c1a5a176ba,1790131290,0.1100
buy,bid,6.00,2026-09-23T02:40:58.940843Z,2,0.028800,0723fcae-3081-9d96-6c44-67477cb2a307,True,KXBTC15M-26SEP222245-45,0.9260,01a0cc23-4290-7aba-b793-ee07b3e827f9,yes,yes,0,KXBTC15M-26SEP222245-45,0723fcae-3081-9d96-6c44-67477cb2a307,1790131258,0.0740
sell,ask,6.00,2026-09-23T02:35:39.198704Z,2,0.095600,0723fc67-f171-97e6-0439-824f2651e36f,True,KXBTC15M-26SEP222245-45,0.6500,01a0cc1e-6478-7a7a-a850-a9ae50616b45,no,no,0,KXBTC15M-26SEP222245-45,0723fc67-f171-97e6-0439-824f2651e36f,1790130939,0.3500
buy,bid,61.55,2026-09-23T02:17:00.585483Z,2,0.980200,0723fc38-0029-9fc2-2420-ac7163a85ccf,True,KXBTC15M-26SEP222230-30,0.3500,01a0cc0d-5160-7a94-a3f4-4908a3bfa72e,yes,yes,0,KXBTC15M-26SEP222230-30,0723fc38-0029-9fc2-2420-ac7163a85ccf,1790129820,0.6500
sell,ask,6.00,2026-09-23T02:13:49.130168Z,2,0.082800,0723fc23-fe41-9036-e6e7-adc4325beabf,True,KXBTC15M-26SEP222215-15,0.7300,01a0cc0a-6748-7b8e-9049-4e3ff04cb5dd,no,no,0,KXBTC15M-26SEP222215-15,0723fc23-fe41-9036-e6e7-adc4325beabf,1790129629,0.2700
buy,bid,6.00,2026-09-23T02:12:55.613606Z,2,0.102400,0723fc2f-c539-add0-9485-d1d9214ad0da,True,KXBTC15M-26SEP222215-15,0.4200,01a0cc09-9458-7732-82ec-d1208b4b23e6,yes,yes,0,KXBTC15M-26SEP222215-15,0723fc2f-c539-add0-9485-d1d9214ad0da,1790129575,0.5800
sell,ask,6.00,2026-09-23T02:07:09.945353Z,2,0.102400,0723fc15-1699-a198-6cb8-5a3a7c29b5ad,True,KXBTC15M-26SEP222215-15,0.5800,01a0cc04-4cc8-7682-bab4-e32153ae9d5a,no,no,0,KXBTC15M-26SEP222215-15,0723fc15-1699-a198-6cb8-5a3a7c29b5ad,1790129229,0.4200
buy,bid,6.00,2026-09-23T02:06:12.305434Z,2,0.100800,0723fc0e-ded1-86f8-d2b1-7e2dc212ae39,True,KXBTC15M-26SEP222215-15,0.4000,01a0cc03-6e20-7d79-947a-f5b0b0e38e17,yes,yes,0,KXBTC15M-26SEP222215-15,0723fc0e-ded1-86f8-d2b1-7e2dc212ae39,1790129172,0.6000
buy,bid,6.00,2026-09-23T01:58:06.054693Z,2,0.096800,0723e40b-f109-901c-384b-62b5b05964cc,True,KXBTC15M-26SEP222200-00,0.6400,01a0cbfc-03b0-7858-a2e6-d5f52c4a192a,yes,yes,0,KXBTC15M-26SEP222200-00,0723e40b-f109-901c-384b-62b5b05964cc,1790128686,0.3600
sell,ask,6.00,2026-09-23T01:52:45.514381Z,2,0.064700,0723e42b-7d61-8db6-78de-6fbbd6fe35fc,True,KXBTC15M-26SEP222200-00,0.8100,01a0cbf7-1dc8-7e4f-b6fc-52db82fcb10e,no,no,0,KXBTC15M-26SEP222200-00,0723e42b-7d61-8db6-78de-6fbbd6fe35fc,1790128365,0.1900
buy,bid,6.00,2026-09-23T01:28:58.022918Z,2,0.001300,0723e464-0de9-a107-5f4e-a42768f79ac7,True,KXBTC15M-26SEP222130-30,0.9970,01a0cbe1-5790-7452-b8c1-f5fd9b831c39,yes,yes,0,KXBTC15M-26SEP222130-30,0723e464-0de9-a107-5f4e-a42768f79ac7,1790126938,0.0030
sell,ask,6.00,2026-09-23T01:25:26.798177Z,2,0.062000,0723e4a6-6611-b4e3-b725-46950cd43301,True,KXBTC15M-26SEP222130-30,0.8200,01a0cbde-1b70-71e6-8831-58919602b845,no,no,0,KXBTC15M-26SEP222130-30,0723e4a6-6611-b4e3-b725-46950cd43301,1790126726,0.1800
buy,bid,6.00,2026-09-23T01:24:38.126792Z,2,0.056500,0723e4a8-23c9-a5b8-a381-9a402d2982eb,True,KXBTC15M-26SEP222130-30,0.8400,01a0cbdd-5ff0-75c2-8d48-8e982b0f2f62,yes,yes,0,KXBTC15M-26SEP222130-30,0723e4a8-23c9-a5b8-a381-9a402d2982eb,1790126678,0.1600
sell,ask,6.00,2026-09-23T01:20:43.148761Z,2,0.100800,0723e4be-99a1-bcfc-3712-b091962f2d82,True,KXBTC15M-26SEP222130-30,0.6000,01a0cbd9-c9f8-7213-ad69-41a641c29bef,no,no,0,KXBTC15M-26SEP222130-30,0723e4be-99a1-bcfc-3712-b091962f2d82,1790126443,0.4000
sell,ask,6.00,2026-09-23T01:14:00.76726Z,2,0.000500,0723e49d-b961-838c-ae17-fbcb9b55b1e7,True,KXBTC15M-26SEP222115-15,0.0010,01a0cbd3-a3c0-7ee1-8f78-f0d8cfc45629,no,no,0,KXBTC15M-26SEP222115-15,0723e49d-b961-838c-ae17-fbcb9b55b1e7,1790126040,0.9990
buy,bid,6.00,2026-09-23T01:05:19.957422Z,2,0.056500,0723e4e5-6299-95f1-b1a4-5ef80eb4a271,True,KXBTC15M-26SEP222115-15,0.1600,01a0cbcb-b098-78a5-8324-f847e69c7dc4,yes,yes,0,KXBTC15M-26SEP222115-15,0723e4e5-6299-95f1-b1a4-5ef80eb4a271,1790125519,0.8400
buy,bid,6.00,2026-09-23T00:59:03.151011Z,2,0.056500,0723e4d2-3cb9-94da-c589-e7d79a2a30fa,True,KXBTC15M-26SEP222100-00,0.8400,01a0cbc5-f3d8-7bbe-9116-23064c60467a,yes,yes,0,KXBTC15M-26SEP222100-00,0723e4d2-3cb9-94da-c589-e7d79a2a30fa,1790125143,0.1600
sell,ask,6.00,2026-09-23T00:57:47.959812Z,2,0.096800,0723e4d7-e119-a3b9-9021-5a4929fb944f,True,KXBTC15M-26SEP222100-00,0.3600,01a0cbc4-caf8-7459-8c3b-af29930b34fb,no,no,0,KXBTC15M-26SEP222100-00,0723e4d7-e119-a3b9-9021-5a4929fb944f,1790125067,0.6400
sell,ask,6.00,2026-09-23T00:56:51.357148Z,2,0.076700,0723e4cc-2079-87a6-e43a-f8e371e78c89,True,KXBTC15M-26SEP222100-00,0.2400,01a0cbc3-f038-7c76-9cfd-9dcdc59b0bd6,no,no,0,KXBTC15M-26SEP222100-00,0723e4cc-2079-87a6-e43a-f8e371e78c89,1790125011,0.7600
buy,bid,4.99,2026-09-23T00:52:16.346109Z,2,0.070400,0723e541-c519-9855-6dae-fabf47d356e2,True,KXBTC15M-26SEP222100-00,0.2800,01a0cbbf-be00-7afc-bc2b-803b5c11df74,yes,yes,0,KXBTC15M-26SEP222100-00,0723e541-c519-9855-6dae-fabf47d356e2,1790124736,0.7200
buy,bid,1.00,2026-09-23T00:52:16.346109Z,2,0.014400,0723e541-4601-94cb-7e88-0e3573e88496,True,KXBTC15M-26SEP222100-00,0.2900,01a0cbbf-be00-7afc-bc2b-803b5c11df74,yes,yes,0,KXBTC15M-26SEP222100-00,0723e541-4601-94cb-7e88-0e3573e88496,1790124736,0.7100
buy,bid,0.01,2026-09-23T00:52:16.346109Z,2,0.000200,0723e541-4601-907e-649d-2877ce7f4015,True,KXBTC15M-26SEP222100-00,0.2900,01a0cbbf-be00-7afc-bc2b-803b5c11df74,yes,yes,0,KXBTC15M-26SEP222100-00,0723e541-4601-907e-649d-2877ce7f4015,1790124736,0.7100
sell,ask,6.00,2026-09-23T00:40:15.737341Z,2,0.074400,0723e566-4fd1-b6f9-65dc-4b7af8e2f7e4,True,KXBTC15M-26SEP222045-45,0.2300,01a0cbb4-bd98-731f-b707-f775a280d2d4,no,no,0,KXBTC15M-26SEP222045-45,0723e566-4fd1-b6f9-65dc-4b7af8e2f7e4,1790124015,0.7700
buy,bid,6.00,2026-09-23T00:35:08.656523Z,2,0.078800,0723e570-3f11-aa64-18b6-226aeb1f6f1b,True,KXBTC15M-26SEP222045-45,0.2500,01a0cbb0-0e60-7793-a38d-d4952a127eb1,yes,yes,0,KXBTC15M-26SEP222045-45,0723e570-3f11-aa64-18b6-226aeb1f6f1b,1790123708,0.7500
buy,bid,6.00,2026-09-23T00:25:11.008868Z,2,0.019200,0723e53d-2fc1-85df-951d-6e1fda6a1b79,True,KXBTC15M-26SEP222030-30,0.0480,01a0cba6-f258-7d2e-89a7-93038e9d7a83,yes,yes,0,KXBTC15M-26SEP222030-30,0723e53d-2fc1-85df-951d-6e1fda6a1b79,1790123111,0.9520
sell,ask,6.00,2026-09-23T00:21:28.14154Z,2,0.064700,0723e52d-aa59-81fe-a7d0-52addc37a460,True,KXBTC15M-26SEP222030-30,0.1900,01a0cba3-8b40-7ee7-830f-0d801fa12917,no,no,0,KXBTC15M-26SEP222030-30,0723e52d-aa59-81fe-a7d0-52addc37a460,1790122888,0.8100
buy,bid,40.12,2026-09-23T00:12:13.496198Z,2,0.081800,0723e5f7-4241-920b-825e-6c031974bb1d,True,KXBTC15M-26SEP222015-15,0.0300,01a0cb9b-1348-7a3e-8f6f-91566078c971,yes,yes,0,KXBTC15M-26SEP222015-15,0723e5f7-4241-920b-825e-6c031974bb1d,1790122333,0.9700
buy,bid,6.00,2026-09-23T00:11:43.549301Z,2,0.041200,0723e5f3-8e41-a1d5-7aa5-d4e645c49fdc,True,KXBTC15M-26SEP222015-15,0.1100,01a0cb9a-9e18-7532-bdc4-4e797a0b1734,yes,yes,0,KXBTC15M-26SEP222015-15,0723e5f3-8e41-a1d5-7aa5-d4e645c49fdc,1790122303,0.8900
sell,ask,6.00,2026-09-23T00:07:13.561921Z,2,0.103000,0723e5cf-8621-a927-f213-5915e73cbc04,True,KXBTC15M-26SEP222015-15,0.4300,01a0cb96-7f68-74b1-90cd-f712d1bb15c8,no,no,0,KXBTC15M-26SEP222015-15,0723e5cf-8621-a927-f213-5915e73cbc04,1790122033,0.5700
buy,bid,5.99,2026-09-23T00:06:44.136465Z,2,0.092700,0723e5ce-36a1-bfc7-88ce-2fda35392f4f,True,KXBTC15M-26SEP222015-15,0.3300,01a0cb96-0e20-72c3-8870-c447edff5646,yes,yes,0,KXBTC15M-26SEP222015-15,0723e5ce-36a1-bfc7-88ce-2fda35392f4f,1790122004,0.6700
buy,bid,0.01,2026-09-23T00:06:44.136465Z,2,0.000200,0723e5ce-36a1-b9b6-a5e4-8ba5b739a7ff,True,KXBTC15M-26SEP222015-15,0.3300,01a0cb96-0e20-72c3-8870-c447edff5646,yes,yes,0,KXBTC15M-26SEP222015-15,0723e5ce-36a1-b9b6-a5e4-8ba5b739a7ff,1790122004,0.6700
sell,ask,1.00,2026-09-23T00:05:28.348083Z,2,0.016500,0723e5c7-7041-a4b6-1007-05de512b9eb0,True,KXBTC15M-26SEP222015-15,0.6200,01a0cb94-e540-768d-a1ea-4c67bc2816f3,no,no,0,KXBTC15M-26SEP222015-15,0723e5c7-7041-a4b6-1007-05de512b9eb0,1790121928,0.3800
sell,ask,0.01,2026-09-23T00:05:28.348083Z,2,0.000200,0723e5c7-7041-a0f4-1067-b5edc445be6d,True,KXBTC15M-26SEP222015-15,0.6200,01a0cb94-e540-768d-a1ea-4c67bc2816f3,no,no,0,KXBTC15M-26SEP222015-15,0723e5c7-7041-a0f4-1067-b5edc445be6d,1790121928,0.3800
sell,ask,4.99,2026-09-23T00:05:28.348083Z,2,0.082300,0723e5c7-4871-a2ef-10ed-5b00d1dc27e1,True,KXBTC15M-26SEP222015-15,0.6200,01a0cb94-e540-768d-a1ea-4c67bc2816f3,no,no,0,KXBTC15M-26SEP222015-15,0723e5c7-4871-a2ef-10ed-5b00d1dc27e1,1790121928,0.3800
buy,bid,6.00,2026-09-22T23:57:59.605264Z,2,0.023400,0723e5b5-d2c1-bea0-1511-3bb59e756367,True,KXBTC15M-26SEP222000-00,0.0590,01a0cb8e-0b58-71c2-a097-01871adac34f,yes,yes,0,KXBTC15M-26SEP222000-00,0723e5b5-d2c1-bea0-1511-3bb59e756367,1790121479,0.9410
sell,ask,6.00,2026-09-22T23:52:57.335553Z,2,0.092900,0723e5ac-dd51-9a61-41b2-0bb3dbbaa106,True,KXBTC15M-26SEP222000-00,0.3300,01a0cb89-6fa8-78d3-b91f-f0ccbe0581f3,no,no,0,KXBTC15M-26SEP222000-00,0723e5ac-dd51-9a61-41b2-0bb3dbbaa106,1790121177,0.6700
buy,bid,5.99,2026-09-22T23:43:46.074289Z,2,0.011480,0723e585-1a11-83d3-b72a-96b362240719,True,KXBTC15M-26SEP221945-45,0.9720,01a0cb81-0750-7f7c-8d53-777bb00e10db,yes,yes,0,KXBTC15M-26SEP221945-45,0723e585-1a11-83d3-b72a-96b362240719,1790120626,0.0280
buy,bid,0.01,2026-09-22T23:43:46.074289Z,2,0.000030,0723e585-1a11-8112-b2ce-851a6413aa7a,True,KXBTC15M-26SEP221945-45,0.9730,01a0cb81-0750-7f7c-8d53-777bb00e10db,yes,yes,0,KXBTC15M-26SEP221945-45,0723e585-1a11-8112-b2ce-851a6413aa7a,1790120626,0.0270
sell,ask,6.00,2026-09-22T23:38:56.545382Z,2,0.062000,0723e68e-f081-9269-6b18-20834eb06d84,True,KXBTC15M-26SEP221945-45,0.8200,01a0cb7c-9a80-7a62-bfb7-0030afdc4a3b,no,no,0,KXBTC15M-26SEP221945-45,0723e68e-f081-9269-6b18-20834eb06d84,1790120336,0.1800
buy,bid,6.00,2026-09-22T23:38:15.522852Z,2,0.076700,0723e694-1be9-a283-efd1-1a4b344cf341,True,KXBTC15M-26SEP221945-45,0.7600,01a0cb7b-fa58-75fb-9d72-3d8c14990634,yes,yes,0,KXBTC15M-26SEP221945-45,0723e694-1be9-a283-efd1-1a4b344cf341,1790120295,0.2400
sell,ask,6.00,2026-09-22T23:35:41.208477Z,2,0.103500,0723e69f-23e9-ba27-90c1-b6f99d95337f,True,KXBTC15M-26SEP221945-45,0.5600,01a0cb79-a0c8-73e9-83f4-709d88cf7e61,no,no,0,KXBTC15M-26SEP221945-45,0723e69f-23e9-ba27-90c1-b6f99d95337f,1790120141,0.4400
sell,ask,5.98,2026-09-22T23:24:45.749878Z,2,0.066900,0723e6d1-e769-aed3-91ec-6d7081681145,True,KXBTC15M-26SEP221930-30,0.8000,01a0cb6f-9e48-771c-8d54-d680d8b6dc50,no,no,0,KXBTC15M-26SEP221930-30,0723e6d1-e769-aed3-91ec-6d7081681145,1790119485,0.2000
sell,ask,0.01,2026-09-22T23:24:45.749878Z,2,0.000100,0723e6d1-e341-ad48-a66f-e9454dfeaa27,True,KXBTC15M-26SEP221930-30,0.8000,01a0cb6f-9e48-771c-8d54-d680d8b6dc50,no,no,0,KXBTC15M-26SEP221930-30,0723e6d1-e341-ad48-a66f-e9454dfeaa27,1790119485,0.2000
sell,ask,0.01,2026-09-22T23:24:45.749878Z,2,0.000200,0723e6d1-e341-a306-b7cb-b7b90c02bffc,True,KXBTC15M-26SEP221930-30,0.8000,01a0cb6f-9e48-771c-8d54-d680d8b6dc50,no,no,0,KXBTC15M-26SEP221930-30,0723e6d1-e341-a306-b7cb-b7b90c02bffc,1790119485,0.2000
buy,bid,0.01,2026-09-22T23:24:29.53816Z,2,0.000100,0723e6d2-20e9-8e2a-f908-3e037eec1af6,True,KXBTC15M-26SEP221930-30,0.7600,01a0cb6f-5fc8-7ed4-9aa0-3db13a065268,yes,yes,0,KXBTC15M-26SEP221930-30,0723e6d2-20e9-8e2a-f908-3e037eec1af6,1790119469,0.2400
buy,bid,0.01,2026-09-22T23:24:29.53816Z,2,0.000200,0723e6d2-20e9-8d82-d100-50bce0d49a65,True,KXBTC15M-26SEP221930-30,0.7600,01a0cb6f-5fc8-7ed4-9aa0-3db13a065268,yes,yes,0,KXBTC15M-26SEP221930-30,0723e6d2-20e9-8d82-d100-50bce0d49a65,1790119469,0.2400
buy,bid,2.98,2026-09-22T23:24:29.53816Z,2,0.038100,0723e6d2-20e9-89e6-d14b-788e87758392,True,KXBTC15M-26SEP221930-30,0.7600,01a0cb6f-5fc8-7ed4-9aa0-3db13a065268,yes,yes,0,KXBTC15M-26SEP221930-30,0723e6d2-20e9-89e6-d14b-788e87758392,1790119469,0.2400
buy,bid,3.00,2026-09-22T23:24:29.53816Z,2,0.038300,0723e6d2-20e9-829b-e2a3-314c1d649470,True,KXBTC15M-26SEP221930-30,0.7600,01a0cb6f-5fc8-7ed4-9aa0-3db13a065268,yes,yes,0,KXBTC15M-26SEP221930-30,0723e6d2-20e9-829b-e2a3-314c1d649470,1790119469,0.2400
sell,ask,6.00,2026-09-22T23:20:09.871205Z,2,0.104000,0723e6c6-c889-b16d-37b2-1ffaff95af02,True,KXBTC15M-26SEP221930-30,0.5500,01a0cb6b-6828-7174-a298-6dd5da240c51,no,no,0,KXBTC15M-26SEP221930-30,0723e6c6-c889-b16d-37b2-1ffaff95af02,1790119209,0.4500
buy,bid,6.00,2026-09-22T22:58:46.821566Z,2,0.002100,0723e608-8149-b047-fb7d-47966aacb030,True,KXBTC15M-26SEP221900-00,0.9950,01a0cb57-d470-73d4-98c4-dcf9c24a4abc,yes,yes,0,KXBTC15M-26SEP221900-00,0723e608-8149-b047-fb7d-47966aacb030,1790117926,0.0050
sell,ask,6.00,2026-09-22T22:57:19.476922Z,2,0.069700,0723e60c-7aa9-ae7e-5424-79d6c2dddcdb,True,KXBTC15M-26SEP221900-00,0.7900,01a0cb56-8098-74cf-ba6b-428bb5f8370e,no,no,0,KXBTC15M-26SEP221900-00,0723e60c-7aa9-ae7e-5424-79d6c2dddcdb,1790117839,0.2100
buy,bid,6.00,2026-09-22T22:56:29.402856Z,2,0.067200,0723e603-6319-b42f-3d59-f22c5ba0ddcb,True,KXBTC15M-26SEP221900-00,0.8000,01a0cb55-bd48-709c-aa4d-85220e9a8ab8,yes,yes,0,KXBTC15M-26SEP221900-00,0723e603-6319-b42f-3d59-f22c5ba0ddcb,1790117789,0.2000
sell,ask,6.00,2026-09-22T22:52:48.486419Z,2,0.102400,0723e61b-2601-9c23-e914-b60bb15aa70b,True,KXBTC15M-26SEP221900-00,0.5800,01a0cb52-5e00-7b93-996c-bd8b68f8c217,no,no,0,KXBTC15M-26SEP221900-00,0723e61b-2601-9c23-e914-b60bb15aa70b,1790117568,0.4200
sell,ask,6.00,2026-09-22T22:41:14.399826Z,2,0.029200,0723e658-db51-b093-57b0-1902b87cc7a2,True,KXBTC15M-26SEP221845-45,0.0750,01a0cb47-c710-7027-b608-ba579ca02781,no,no,0,KXBTC15M-26SEP221845-45,0723e658-db51-b093-57b0-1902b87cc7a2,1790116874,0.9250
buy,bid,6.00,2026-09-22T22:35:01.686007Z,2,0.086500,0723e64a-5271-95c2-e9fb-a01ded9e65d8,True,KXBTC15M-26SEP221845-45,0.2900,01a0cb42-1608-7b3d-9d7c-f3ed24feaaac,yes,yes,0,KXBTC15M-26SEP221845-45,0723e64a-5271-95c2-e9fb-a01ded9e65d8,1790116501,0.7100
sell,ask,0.01,2026-09-22T22:28:48.349634Z,2,0.000070,0723e7cd-f519-8ec7-47ee-61ae4258d1cc,True,KXBTC15M-26SEP221830-30,0.0030,01a0cb3c-6500-7f80-b70b-053f5199d497,no,no,0,KXBTC15M-26SEP221830-30,0723e7cd-f519-8ec7-47ee-61ae4258d1cc,1790116128,0.9970
sell,ask,0.01,2026-09-22T22:28:48.349634Z,2,0.000070,0723e7cd-f519-8e22-5521-64c5914fba4e,True,KXBTC15M-26SEP221830-30,0.0030,01a0cb3c-6500-7f80-b70b-053f5199d497,no,no,0,KXBTC15M-26SEP221830-30,0723e7cd-f519-8e22-5521-64c5914fba4e,1790116128,0.9970
sell,ask,5.88,2026-09-22T22:28:48.349634Z,2,0.001160,0723e7cd-f101-8e01-5817-0609db3995c0,True,KXBTC15M-26SEP221830-30,0.0030,01a0cb3c-6500-7f80-b70b-053f5199d497,no,no,0,KXBTC15M-26SEP221830-30,0723e7cd-f101-8e01-5817-0609db3995c0,1790116128,0.9970
sell,ask,0.10,2026-09-22T22:28:48.349634Z,2,0.000000,0723e7cd-f101-826c-4a50-c0cc6f41a1a1,True,KXBTC15M-26SEP221830-30,0.0030,01a0cb3c-6500-7f80-b70b-053f5199d497,no,no,0,KXBTC15M-26SEP221830-30,0723e7cd-f101-826c-4a50-c0cc6f41a1a1,1790116128,0.9970
buy,bid,6.00,2026-09-22T22:20:01.873439Z,2,0.037800,0723e7e5-2f41-ab79-479f-2832c4a605bc,True,KXBTC15M-26SEP221830-30,0.1000,01a0cb34-5a68-76da-bd8a-8af798a87d3e,yes,yes,0,KXBTC15M-26SEP221830-30,0723e7e5-2f41-ab79-479f-2832c4a605bc,1790115601,0.9000
buy,bid,6.00,2026-09-22T22:10:59.317069Z,2,0.044400,0723e79c-5d61-b43a-7a00-d2b75a4b0730,True,KXBTC15M-26SEP221815-15,0.8800,01a0cb2c-1538-7197-bf06-63408f618757,yes,yes,0,KXBTC15M-26SEP221815-15,0723e79c-5d61-b43a-7a00-d2b75a4b0730,1790115059,0.1200
sell,ask,6.00,2026-09-22T22:07:29.408263Z,2,0.091400,0723e78b-5ea1-bde3-0fc2-8d451538ddb3,True,KXBTC15M-26SEP221815-15,0.6800,01a0cb28-e0e8-71db-ad43-c145208d8aad,no,no,0,KXBTC15M-26SEP221815-15,0723e78b-5ea1-bde3-0fc2-8d451538ddb3,1790114849,0.3200
sell,ask,6.00,2026-09-22T22:06:32.302342Z,2,0.104700,0723e787-fba1-b0e4-b1b2-d57319cd000a,True,KXBTC15M-26SEP221815-15,0.5300,01a0cb28-0240-72b0-8884-cc3a3585b5cd,no,no,0,KXBTC15M-26SEP221815-15,0723e787-fba1-b0e4-b1b2-d57319cd000a,1790114792,0.4700
buy,bid,6.00,2026-09-22T22:05:03.02727Z,2,0.091400,0723e7bc-38d1-9cc8-5de5-baf0257204d2,True,KXBTC15M-26SEP221815-15,0.6800,01a0cb26-a698-7846-b6ab-82f8cd055ead,yes,yes,0,KXBTC15M-26SEP221815-15,0723e7bc-38d1-9cc8-5de5-baf0257204d2,1790114703,0.3200
buy,bid,6.00,2026-09-22T21:55:11.142664Z,2,0.062000,0723e76b-f2f1-a4a9-875d-6085e9e61895,True,KXBTC15M-26SEP221800-00,0.1800,01a0cb1d-9e18-7549-8f21-5b456fff8792,yes,yes,0,KXBTC15M-26SEP221800-00,0723e76b-f2f1-a4a9-875d-6085e9e61895,1790114111,0.8200
sell,ask,6.00,2026-09-22T21:53:50.045512Z,2,0.091400,0723e76d-c4b1-b1a5-6e3a-2ee07f4d1a05,True,KXBTC15M-26SEP221800-00,0.3200,01a0cb1c-61b0-730a-bcaa-d49c5873bbe1,no,no,0,KXBTC15M-26SEP221800-00,0723e76d-c4b1-b1a5-6e3a-2ee07f4d1a05,1790114030,0.6800
buy,bid,6.00,2026-09-22T21:50:02.780204Z,2,0.053600,0723e77b-2c21-bf56-f9f1-3b812e69acec,True,KXBTC15M-26SEP221800-00,0.1500,01a0cb18-e710-714e-9b85-af00f9883faa,yes,yes,0,KXBTC15M-26SEP221800-00,0723e77b-2c21-bf56-f9f1-3b812e69acec,1790113802,0.8500
buy,bid,6.00,2026-09-22T21:43:43.596552Z,2,0.004600,0723e75f-64f9-a571-bf25-610f1f383268,True,KXBTC15M-26SEP221745-45,0.9890,01a0cb13-1e98-75b9-8036-1fdc5189693b,yes,yes,0,KXBTC15M-26SEP221745-45,0723e75f-64f9-a571-bf25-610f1f383268,1790113423,0.0110
sell,ask,6.00,2026-09-22T21:41:02.759851Z,2,0.074400,0723e752-0f71-b1ab-a301-008eba402625,True,KXBTC15M-26SEP221745-45,0.7700,01a0cb10-a9b0-72d9-8a39-65168c779693,no,no,0,KXBTC15M-26SEP221745-45,0723e752-0f71-b1ab-a301-008eba402625,1790113262,0.2300
buy,bid,6.00,2026-09-22T21:40:46.444132Z,2,0.078800,0723e751-f3b9-8339-8f12-25e38dd0bf45,True,KXBTC15M-26SEP221745-45,0.7500,01a0cb10-6b30-7cb3-8824-e3fd76fd85a5,yes,yes,0,KXBTC15M-26SEP221745-45,0723e751-f3b9-8339-8f12-25e38dd0bf45,1790113246,0.2500
sell,ask,6.00,2026-09-22T21:39:15.675072Z,2,0.104900,0723e733-1d31-8e63-8aff-5ee5b618bb04,True,KXBTC15M-26SEP221745-45,0.5200,01a0cb0f-07b8-7dc8-8493-21caa46c2dae,no,no,0,KXBTC15M-26SEP221745-45,0723e733-1d31-8e63-8aff-5ee5b618bb04,1790113155,0.4800
sell,ask,6.00,2026-09-22T21:36:58.792491Z,2,0.096800,0723e73f-32d1-8c83-bf5c-ec277aa17777,True,KXBTC15M-26SEP221745-45,0.3600,01a0cb0c-f090-7dae-8935-1612c0ac85fa,no,no,0,KXBTC15M-26SEP221745-45,0723e73f-32d1-8c83-bf5c-ec277aa17777,1790113018,0.6400
buy,bid,6.00,2026-09-22T21:35:47.137847Z,2,0.095600,0723e724-a779-bb22-416a-a138000b13a9,True,KXBTC15M-26SEP221745-45,0.3500,01a0cb0b-db38-7115-bcc9-056ccd347530,yes,yes,0,KXBTC15M-26SEP221745-45,0723e724-a779-bb22-416a-a138000b13a9,1790112947,0.6500
buy,bid,6.00,2026-09-22T21:28:48.456001Z,2,0.103000,0723e710-a899-9621-23e5-fd6330c132a8,True,KXBTC15M-26SEP221730-30,0.4300,01a0cb05-7680-785f-a5cd-cf10b27a91cc,yes,yes,0,KXBTC15M-26SEP221730-30,0723e710-a899-9621-23e5-fd6330c132a8,1790112528,0.5700
sell,ask,6.00,2026-09-22T21:20:04.290322Z,2,0.099000,0723e108-b681-97f6-1841-5d1c9a8874d5,True,KXBTC15M-26SEP221730-30,0.6200,01a0cafd-77a0-7bf1-aa95-ecf1c3c207cf,no,no,0,KXBTC15M-26SEP221730-30,0723e108-b681-97f6-1841-5d1c9a8874d5,1790112004,0.3800
buy,bid,6.00,2026-09-22T21:12:43.993332Z,2,0.062000,0723e12c-46c9-b94e-de99-686a599d994b,True,KXBTC15M-26SEP221715-15,0.1800,01a0caf6-bcf8-7033-9b55-c01dcbd243f6,yes,yes,0,KXBTC15M-26SEP221715-15,0723e12c-46c9-b94e-de99-686a599d994b,1790111563,0.8200
sell,ask,6.00,2026-09-22T21:10:45.488082Z,2,0.095600,0723e127-2c01-bd69-51f2-afcadd6fde10,True,KXBTC15M-26SEP221715-15,0.3500,01a0caf4-f008-7129-b69f-951f2467de13,no,no,0,KXBTC15M-26SEP221715-15,0723e127-2c01-bd69-51f2-afcadd6fde10,1790111445,0.6500
sell,ask,6.00,2026-09-22T21:09:50.560121Z,2,0.100800,0723e124-7189-b650-6bca-9290de752c0d,True,KXBTC15M-26SEP221715-15,0.4000,01a0caf4-1930-71b6-b12c-e9bfc961fbd2,no,no,0,KXBTC15M-26SEP221715-15,0723e124-7189-b650-6bca-9290de752c0d,1790111390,0.6000
buy,bid,6.00,2026-09-22T21:05:27.021305Z,2,0.078800,0723e130-5d41-90f0-906c-1aa5c55c7cc5,True,KXBTC15M-26SEP221715-15,0.2500,01a0caf0-15d8-79c6-8435-b77486cba221,yes,yes,0,KXBTC15M-26SEP221715-15,0723e130-5d41-90f0-906c-1aa5c55c7cc5,1790111127,0.7500
buy,bid,6.00,2026-09-22T20:54:14.316252Z,2,0.033400,0723e172-8ec9-8aa6-48eb-bf76f92a21ae,True,KXBTC15M-26SEP221700-00,0.9130,01a0cae5-d0f0-7d6a-ba0f-5ca494d5ecb5,yes,yes,0,KXBTC15M-26SEP221700-00,0723e172-8ec9-8aa6-48eb-bf76f92a21ae,1790110454,0.0870
sell,ask,1.00,2026-09-22T20:50:02.220561Z,2,0.015000,0723e166-1281-adb4-3efd-b427f315da23,True,KXBTC15M-26SEP221700-00,0.6900,01a0cae1-f890-773e-ae19-eb1d3d348abd,no,no,0,KXBTC15M-26SEP221700-00,0723e166-1281-adb4-3efd-b427f315da23,1790110202,0.3100
sell,ask,5.00,2026-09-22T20:50:02.220561Z,2,0.074900,0723e166-1281-ac54-3fd0-df22f93f6598,True,KXBTC15M-26SEP221700-00,0.6900,01a0cae1-f890-773e-ae19-eb1d3d348abd,no,no,0,KXBTC15M-26SEP221700-00,0723e166-1281-ac54-3fd0-df22f93f6598,1790110202,0.3100
buy,bid,6.00,2026-09-22T20:43:19.443331Z,2,0.104900,0723e1b4-8711-aca3-0996-1d95911fa377,True,KXBTC15M-26SEP221645-45,0.4800,01a0cadb-d258-7406-a64c-f9184af15e50,yes,yes,0,KXBTC15M-26SEP221645-45,0723e1b4-8711-aca3-0996-1d95911fa377,1790109799,0.5200
sell,ask,6.00,2026-09-22T20:40:11.902323Z,2,0.104000,0723e1bb-3ff1-9040-1b22-70cd871140ef,True,KXBTC15M-26SEP221645-45,0.5500,01a0cad8-f3f8-7b8e-a831-aeb54a428426,no,no,0,KXBTC15M-26SEP221645-45,0723e1bb-3ff1-9040-1b22-70cd871140ef,1790109611,0.4500
sell,ask,6.00,2026-09-22T20:39:55.455949Z,2,0.104400,0723e1ba-7c21-8b20-d579-070af2b2ea9a,True,KXBTC15M-26SEP221645-45,0.5400,01a0cad8-b578-7d78-9f79-d48b92a57b8d,no,no,0,KXBTC15M-26SEP221645-45,0723e1ba-7c21-8b20-d579-070af2b2ea9a,1790109595,0.4600
buy,bid,6.00,2026-09-22T20:35:10.103161Z,2,0.100800,0723e185-24a1-8739-17cb-d6e7d71db06f,True,KXBTC15M-26SEP221645-45,0.6000,01a0cad4-5c30-7c52-ae76-e163b9aaf532,yes,yes,0,KXBTC15M-26SEP221645-45,0723e185-24a1-8739-17cb-d6e7d71db06f,1790109310,0.4000
sell,ask,6.00,2026-09-22T20:28:47.42014Z,2,0.001700,0723e1f4-6801-9312-b006-99f4c0db48f8,True,KXBTC15M-26SEP221630-30,0.0040,01a0cace-8418-7a17-8e78-34a0b12535a4,no,no,0,KXBTC15M-26SEP221630-30,0723e1f4-6801-9312-b006-99f4c0db48f8,1790108927,0.9960
buy,bid,6.00,2026-09-22T20:23:08.640332Z,2,0.067200,0723e1ec-13a9-ac58-a7b5-06f40d44c7ed,True,KXBTC15M-26SEP221630-30,0.2000,01a0cac9-57e0-75ef-8f24-96e6ae9a02cb,yes,yes,0,KXBTC15M-26SEP221630-30,0723e1ec-13a9-ac58-a7b5-06f40d44c7ed,1790108588,0.8000
sell,ask,6.00,2026-09-22T20:22:15.243559Z,2,0.076700,0723e1ea-a791-b507-dc6c-712badcd5703,True,KXBTC15M-26SEP221630-30,0.2400,01a0cac8-88d8-72bb-9636-7073bcfc84ef,no,no,0,KXBTC15M-26SEP221630-30,0723e1ea-a791-b507-dc6c-712badcd5703,1790108535,0.7600
buy,bid,2.34,2026-09-22T20:20:15.139893Z,2,0.040200,0723e1dc-7c29-9d89-1481-b8b9c309056e,True,KXBTC15M-26SEP221630-30,0.4300,01a0cac6-b418-7bd9-a312-9325522aed49,yes,yes,0,KXBTC15M-26SEP221630-30,0723e1dc-7c29-9d89-1481-b8b9c309056e,1790108415,0.5700
buy,bid,1.00,2026-09-22T20:20:15.139893Z,2,0.017100,0723e1dc-7c29-90ec-0ae3-25466d1ff07a,True,KXBTC15M-26SEP221630-30,0.4300,01a0cac6-b418-7bd9-a312-9325522aed49,yes,yes,0,KXBTC15M-26SEP221630-30,0723e1dc-7c29-90ec-0ae3-25466d1ff07a,1790108415,0.5700
buy,bid,2.66,2026-09-22T20:20:15.139893Z,2,0.045700,0723e1dc-7c29-909e-2653-c8a121ced56b,True,KXBTC15M-26SEP221630-30,0.4300,01a0cac6-b418-7bd9-a312-9325522aed49,yes,yes,0,KXBTC15M-26SEP221630-30,0723e1dc-7c29-909e-2653-c8a121ced56b,1790108415,0.5700
buy,bid,6.00,2026-09-22T19:54:14.984289Z,2,0.030300,0723e015-6bb1-aff6-8848-fee6e72fff91,True,KXBTC15M-26SEP221600-00,0.9220,01a0caae-e270-7568-87f5-e87463c19df6,yes,yes,0,KXBTC15M-26SEP221600-00,0723e015-6bb1-aff6-8848-fee6e72fff91,1790106854,0.0780
sell,ask,6.00,2026-09-22T19:50:18.883401Z,2,0.094300,0723e006-66e9-8628-5656-771b3317e597,True,KXBTC15M-26SEP221600-00,0.6600,01a0caab-4890-7f2a-b951-edbd5ec1b213,no,no,0,KXBTC15M-26SEP221600-00,0723e006-66e9-8628-5656-771b3317e597,1790106618,0.3400
sell,ask,6.00,2026-09-22T19:36:38.162249Z,2,0.072100,0723e0e5-d449-940c-e753-015c0ab8c8e8,True,KXBTC15M-26SEP221545-45,0.7800,01a0ca9e-c570-7af2-9354-b296b4d9917b,no,no,0,KXBTC15M-26SEP221545-45,0723e0e5-d449-940c-e753-015c0ab8c8e8,1790105798,0.2200
buy,bid,0.01,2026-09-22T19:35:43.869665Z,2,0.000200,0723e0ea-54f9-956b-74ce-55dde1b448de,True,KXBTC15M-26SEP221545-45,0.5900,01a0ca9d-ee98-7ad3-b03d-ada52123554a,yes,yes,0,KXBTC15M-26SEP221545-45,0723e0ea-54f9-956b-74ce-55dde1b448de,1790105743,0.4100
buy,bid,5.98,2026-09-22T19:35:43.869665Z,2,0.102000,0723e0ea-54f9-938b-59b8-8c077a35667c,True,KXBTC15M-26SEP221545-45,0.5800,01a0ca9d-ee98-7ad3-b03d-ada52123554a,yes,yes,0,KXBTC15M-26SEP221545-45,0723e0ea-54f9-938b-59b8-8c077a35667c,1790105743,0.4200
buy,bid,0.01,2026-09-22T19:35:43.869665Z,2,0.000200,0723e0ea-54f9-912a-5afd-9525c67be68f,True,KXBTC15M-26SEP221545-45,0.5900,01a0ca9d-ee98-7ad3-b03d-ada52123554a,yes,yes,0,KXBTC15M-26SEP221545-45,0723e0ea-54f9-912a-5afd-9525c67be68f,1790105743,0.4100
buy,bid,4.00,2026-09-22T19:28:06.673537Z,2,0.006300,0723e0cd-0fd9-a06e-1404-e7678e98790d,True,KXBTC15M-26SEP221530-30,0.0230,01a0ca96-f570-752d-a7af-13280e782aa5,yes,yes,0,KXBTC15M-26SEP221530-30,0723e0cd-0fd9-a06e-1404-e7678e98790d,1790105286,0.9770
sell,ask,4.00,2026-09-22T19:26:57.781453Z,2,0.049600,0723e0c2-7849-8f05-cd2f-998d62f12cd2,True,KXBTC15M-26SEP221530-30,0.2300,01a0ca95-e7e8-7c0c-93f3-8b50efd2c736,no,no,0,KXBTC15M-26SEP221530-30,0723e0c2-7849-8f05-cd2f-998d62f12cd2,1790105217,0.7700
buy,bid,4.00,2026-09-22T18:56:54.792553Z,2,0.006300,0723e393-f2c9-901e-bd19-e95b6f17733a,True,KXBTC15M-26SEP221500-00,0.0230,01a0ca7a-64f0-7b8c-8e12-6e0583e3c6c3,yes,yes,0,KXBTC15M-26SEP221500-00,0723e393-f2c9-901e-bd19-e95b6f17733a,1790103414,0.9770
sell,ask,4.00,2026-09-22T18:56:44.749369Z,2,0.011100,0723e392-ca61-8656-9dbd-27156c7e8b95,True,KXBTC15M-26SEP221500-00,0.0410,01a0ca7a-3de0-7d1c-84ec-6f9cc7d166ef,no,no,0,KXBTC15M-26SEP221500-00,0723e392-ca61-8656-9dbd-27156c7e8b95,1790103404,0.9590
buy,bid,4.00,2026-09-22T18:56:25.206307Z,2,0.016800,0723e39e-2579-946e-f18e-ed94ed0b4407,True,KXBTC15M-26SEP221500-00,0.0640,01a0ca79-f3a8-7818-9667-f041d8dc5950,yes,yes,0,KXBTC15M-26SEP221500-00,0723e39e-2579-946e-f18e-ed94ed0b4407,1790103385,0.9360
sell,ask,4.00,2026-09-22T18:56:15.595872Z,2,0.023700,0723e39e-fef9-b4f7-884c-ad3901213143,True,KXBTC15M-26SEP221500-00,0.0930,01a0ca79-cc98-73a1-8d12-e12ea324a5b8,no,no,0,KXBTC15M-26SEP221500-00,0723e39e-fef9-b4f7-884c-ad3901213143,1790103375,0.9070
buy,bid,4.00,2026-09-22T18:54:16.717671Z,2,0.025200,0723e3a8-14c1-aa4b-21ef-fed61eb06ffd,True,KXBTC15M-26SEP221500-00,0.1000,01a0ca77-fbc0-7545-aff4-420664111786,yes,yes,0,KXBTC15M-26SEP221500-00,0723e3a8-14c1-aa4b-21ef-fed61eb06ffd,1790103256,0.9000
sell,ask,4.00,2026-09-22T18:54:06.70017Z,2,0.035700,0723e3a8-8209-96de-df35-f58b00a9f23e,True,KXBTC15M-26SEP221500-00,0.1500,01a0ca77-d4b0-79e6-9cce-3588e5c5e0f0,no,no,0,KXBTC15M-26SEP221500-00,0723e3a8-8209-96de-df35-f58b00a9f23e,1790103246,0.8500
sell,ask,4.00,2026-09-22T18:42:34.392274Z,2,0.004700,0723e3d8-53d1-b99c-cf14-ee2e83b702d8,True,KXBTC15M-26SEP221445-45,0.0170,01a0ca6d-4590-732b-9012-dbc5fc2f4d5a,no,no,0,KXBTC15M-26SEP221445-45,0723e3d8-53d1-b99c-cf14-ee2e83b702d8,1790102554,0.9830
buy,bid,4.00,2026-09-22T18:39:22.29576Z,2,0.044800,0723e3cc-e9b9-baf1-b8d9-3eb3f82d852f,True,KXBTC15M-26SEP221445-45,0.2000,01a0ca6a-5790-704d-877b-2a2d3f682d43,yes,yes,0,KXBTC15M-26SEP221445-45,0723e3cc-e9b9-baf1-b8d9-3eb3f82d852f,1790102362,0.8000
sell,ask,4.00,2026-09-22T18:37:44.977784Z,2,0.067200,0723e3cb-bbc1-991d-491e-348645a48b96,True,KXBTC15M-26SEP221445-45,0.4000,01a0ca68-d8c0-795e-b173-aa0885ab7434,no,no,0,KXBTC15M-26SEP221445-45,0723e3cb-bbc1-991d-491e-348645a48b96,1790102264,0.6000
buy,bid,4.00,2026-09-22T18:36:43.672387Z,2,0.059900,0723e3f8-4b49-9c3e-f051-ce69e99ac28f,True,KXBTC15M-26SEP221445-45,0.3100,01a0ca67-ea78-7acc-962a-7caf8fdc7f35,yes,yes,0,KXBTC15M-26SEP221445-45,0723e3f8-4b49-9c3e-f051-ce69e99ac28f,1790102203,0.6900
buy,bid,4.00,2026-09-22T18:25:16.986614Z,2,0.021100,0723e328-dc91-a1a5-bf1a-438790342850,True,KXBTC15M-26SEP221430-30,0.9180,01a0ca5d-6ee0-7672-8e78-547fe7da75b3,yes,yes,0,KXBTC15M-26SEP221430-30,0723e328-dc91-a1a5-bf1a-438790342850,1790101516,0.0820
sell,ask,4.00,2026-09-22T18:23:50.681089Z,2,0.057700,0723e32c-6ce1-a900-91e5-e266897fb49c,True,KXBTC15M-26SEP221430-30,0.7100,01a0ca5c-1ef0-7510-822c-6daac837389a,no,no,0,KXBTC15M-26SEP221430-30,0723e32c-6ce1-a900-91e5-e266897fb49c,1790101430,0.2900
sell,ask,4.00,2026-09-22T18:13:28.091047Z,2,0.027500,0723e318-1859-a742-9350-e51fdcabca58,True,KXBTC15M-26SEP221415-15,0.8900,01a0ca52-a140-75aa-8643-6769d3a26525,no,no,0,KXBTC15M-26SEP221415-15,0723e318-1859-a742-9350-e51fdcabca58,1790100808,0.1100
buy,bid,4.00,2026-09-22T18:12:57.460414Z,2,0.027500,0723e31a-84e1-8ee5-4fe7-c2a1bed09018,True,KXBTC15M-26SEP221415-15,0.8900,01a0ca52-2828-7f3c-b733-57c6e55f51cd,yes,yes,0,KXBTC15M-26SEP221415-15,0723e31a-84e1-8ee5-4fe7-c2a1bed09018,1790100777,0.1100
sell,ask,4.00,2026-09-22T18:12:22.217849Z,2,0.022100,0723e317-e2b1-924f-ef0c-4699e3cb5f70,True,KXBTC15M-26SEP221415-15,0.9140,01a0ca51-9f70-79eb-9da8-16e1b8150369,no,no,0,KXBTC15M-26SEP221415-15,0723e317-e2b1-924f-ef0c-4699e3cb5f70,1790100742,0.0860
buy,bid,4.00,2026-09-22T18:12:06.559334Z,2,0.018300,0723e314-e331-bbae-1fdb-5832f6f61a68,True,KXBTC15M-26SEP221415-15,0.9300,01a0ca51-60f0-73ad-a30d-44175bc2bf6d,yes,yes,0,KXBTC15M-26SEP221415-15,0723e314-e331-bbae-1fdb-5832f6f61a68,1790100726,0.0700
sell,ask,4.00,2026-09-22T17:38:30.307896Z,2,0.052500,0723e2f8-e1e1-ad8d-bb76-dd45d854eaa1,True,KXBTC15M-26SEP221345-45,0.7500,01a0ca32-9df0-7481-8707-bf2aa9e5b565,no,no,0,KXBTC15M-26SEP221345-45,0723e2f8-e1e1-ad8d-bb76-dd45d854eaa1,1790098710,0.2500
buy,bid,38.42,2026-09-22T17:28:17.270976Z,2,0.013400,0723e28c-3639-a804-9ad3-41dbe387522c,True,KXBTC15M-26SEP221330-30,0.0050,01a0ca29-4368-742f-8f22-7cf30eeb7415,yes,yes,0,KXBTC15M-26SEP221330-30,0723e28c-3639-a804-9ad3-41dbe387522c,1790098097,0.9950
sell,ask,4.00,2026-09-22T17:27:20.469328Z,2,0.010500,0723e289-f7c1-a7e8-f959-ad45742bbd7c,True,KXBTC15M-26SEP221330-30,0.0390,01a0ca28-64c0-7405-95c9-1f748c183fca,no,no,0,KXBTC15M-26SEP221330-30,0723e289-f7c1-a7e8-f959-ad45742bbd7c,1790098040,0.9610
buy,bid,4.00,2026-09-22T17:25:00.954768Z,2,0.046500,0723e2bf-3d91-9c60-e7d3-4578b0be9512,True,KXBTC15M-26SEP221330-30,0.2100,01a0ca26-41e0-7b6a-9512-dc366f63b5dd,yes,yes,0,KXBTC15M-26SEP221330-30,0723e2bf-3d91-9c60-e7d3-4578b0be9512,1790097900,0.7900
sell,ask,4.00,2026-09-22T17:24:32.916976Z,2,0.053900,0723e2b2-8299-8103-adf6-4417b392f4a5,True,KXBTC15M-26SEP221330-30,0.2600,01a0ca25-d480-7f87-8e34-371bbfb43117,no,no,0,KXBTC15M-26SEP221330-30,0723e2b2-8299-8103-adf6-4417b392f4a5,1790097872,0.7400
buy,bid,4.00,2026-09-22T17:23:03.797734Z,2,0.067800,0723e2b5-9bb9-90d5-a4a3-c687690e60c2,True,KXBTC15M-26SEP221330-30,0.4100,01a0ca24-78d8-7842-8265-f0dfac51c2bc,yes,yes,0,KXBTC15M-26SEP221330-30,0723e2b5-9bb9-90d5-a4a3-c687690e60c2,1790097783,0.5900
sell,ask,4.00,2026-09-22T17:13:01.905294Z,2,0.049600,0723e276-6c69-bb44-fdce-00855303a2e3,True,KXBTC15M-26SEP221315-15,0.7700,01a0ca1b-4948-734e-9a9c-9ed6e7e5ec00,no,no,0,KXBTC15M-26SEP221315-15,0723e276-6c69-bb44-fdce-00855303a2e3,1790097181,0.2300
buy,bid,4.00,2026-09-22T17:12:10.826851Z,2,0.049600,0723e270-7669-a87e-45af-a3326e5a5eae,True,KXBTC15M-26SEP221315-15,0.2300,01a0ca1a-8210-76df-b454-cf3dc4ff2604,yes,yes,0,KXBTC15M-26SEP221315-15,0723e270-7669-a87e-45af-a3326e5a5eae,1790097130,0.7700
sell,ask,4.00,2026-09-22T17:11:16.860576Z,2,0.043100,0723e27f-13a1-a8b9-f296-c5f146cd6ead,True,KXBTC15M-26SEP221315-15,0.1900,01a0ca19-af20-762f-97d7-a54a08253dfa,no,no,0,KXBTC15M-26SEP221315-15,0723e27f-13a1-a8b9-f296-c5f146cd6ead,1790097076,0.8100
buy,bid,4.00,2026-09-22T17:10:00.171473Z,2,0.069900,0723e27a-9b59-85cd-75e3-aa0d666a2a8e,True,KXBTC15M-26SEP221315-15,0.5200,01a0ca18-8640-7d9e-bc76-74932ed9b47d,yes,yes,0,KXBTC15M-26SEP221315-15,0723e27a-9b59-85cd-75e3-aa0d666a2a8e,1790097000,0.4800
buy,bid,3.98,2026-09-22T16:53:04.240034Z,2,0.008940,0723e22d-1381-aa94-ce24-752a6d53a9b1,True,KXBTC15M-26SEP221300-00,0.0330,01a0ca09-0580-758a-9b07-96c6137190e6,yes,yes,0,KXBTC15M-26SEP221300-00,0723e22d-1381-aa94-ce24-752a6d53a9b1,1790095984,0.9670
buy,bid,0.01,2026-09-22T16:53:04.240034Z,2,0.000030,0723e22d-1381-a7ef-fde3-92fbdbcca8fc,True,KXBTC15M-26SEP221300-00,0.0330,01a0ca09-0580-758a-9b07-96c6137190e6,yes,yes,0,KXBTC15M-26SEP221300-00,0723e22d-1381-a7ef-fde3-92fbdbcca8fc,1790095984,0.9670
buy,bid,0.01,2026-09-22T16:53:04.240034Z,2,0.000030,0723e22d-1381-a00c-e73d-ae8f65dd1065,True,KXBTC15M-26SEP221300-00,0.0330,01a0ca09-0580-758a-9b07-96c6137190e6,yes,yes,0,KXBTC15M-26SEP221300-00,0723e22d-1381-a00c-e73d-ae8f65dd1065,1790095984,0.9670
sell,ask,4.00,2026-09-22T16:52:48.47328Z,2,0.012300,0723e22b-df19-8917-d02f-3b4a522d48f8,True,KXBTC15M-26SEP221300-00,0.0460,01a0ca08-c700-7cbc-9900-65f45e59d720,no,no,0,KXBTC15M-26SEP221300-00,0723e22b-df19-8917-d02f-3b4a522d48f8,1790095968,0.9540
sell,ask,4.00,2026-09-22T16:41:16.433958Z,2,0.007700,0723ee06-e861-94b6-f65d-278597d0196c,True,KXBTC15M-26SEP221245-45,0.0280,01a0c9fe-37e0-78e1-92cf-62d44b83b4eb,no,no,0,KXBTC15M-26SEP221245-45,0723ee06-e861-94b6-f65d-278597d0196c,1790095276,0.9720
buy,bid,1.81,2026-09-22T16:39:29.248928Z,2,0.019500,0723ee0e-d9b9-b826-6a87-14cfe355801a,True,KXBTC15M-26SEP221245-45,0.1900,01a0c9fc-95e8-7383-b926-a700ea7e9299,yes,yes,0,KXBTC15M-26SEP221245-45,0723ee0e-d9b9-b826-6a87-14cfe355801a,1790095169,0.8100
buy,bid,0.01,2026-09-22T16:39:29.248928Z,2,0.000100,0723ee0e-c249-bde0-7746-609ca1b6b8e0,True,KXBTC15M-26SEP221245-45,0.1900,01a0c9fc-95e8-7383-b926-a700ea7e9299,yes,yes,0,KXBTC15M-26SEP221245-45,0723ee0e-c249-bde0-7746-609ca1b6b8e0,1790095169,0.8100
buy,bid,0.01,2026-09-22T16:39:29.248928Z,2,0.000100,0723ee0e-c249-badb-64bc-45aafcf5d132,True,KXBTC15M-26SEP221245-45,0.1900,01a0c9fc-95e8-7383-b926-a700ea7e9299,yes,yes,0,KXBTC15M-26SEP221245-45,0723ee0e-c249-badb-64bc-45aafcf5d132,1790095169,0.8100
buy,bid,2.17,2026-09-22T16:39:29.248928Z,2,0.023400,0723ee0e-c249-b82e-62ea-cae697cc50fb,True,KXBTC15M-26SEP221245-45,0.1900,01a0c9fc-95e8-7383-b926-a700ea7e9299,yes,yes,0,KXBTC15M-26SEP221245-45,0723ee0e-c249-b82e-62ea-cae697cc50fb,1790095169,0.8100
sell,ask,4.00,2026-09-22T16:37:30.099842Z,2,0.057700,0723ee11-a901-ac4a-fe14-03cf645bd142,True,KXBTC15M-26SEP221245-45,0.2900,01a0c9fa-c510-760a-95e1-26514d80254d,no,no,0,KXBTC15M-26SEP221245-45,0723ee11-a901-ac4a-fe14-03cf645bd142,1790095050,0.7100
buy,bid,4.00,2026-09-22T16:35:05.058143Z,2,0.069000,0723ee1a-b061-8c80-ad21-4d62ece3c8e8,True,KXBTC15M-26SEP221245-45,0.4400,01a0c9f8-8ea8-7f87-818e-c4a6d8850314,yes,yes,0,KXBTC15M-26SEP221245-45,0723ee1a-b061-8c80-ad21-4d62ece3c8e8,1790094905,0.5600
buy,bid,4.00,2026-09-22T16:28:46.035565Z,2,0.007900,0723ee39-def1-80f1-93c9-1ee90f39655e,True,KXBTC15M-26SEP221230-30,0.9710,01a0c9f2-c630-7c30-836f-896a77dd27cd,yes,yes,0,KXBTC15M-26SEP221230-30,0723ee39-def1-80f1-93c9-1ee90f39655e,1790094526,0.0290
sell,ask,4.00,2026-09-22T16:27:32.60668Z,2,0.046500,0723ee37-31a1-949e-cfc2-29b153dde985,True,KXBTC15M-26SEP221230-30,0.7900,01a0c9f1-a520-7b70-97a1-0ed1241b4242,no,no,0,KXBTC15M-26SEP221230-30,0723ee37-31a1-949e-cfc2-29b153dde985,1790094452,0.2100
buy,bid,1.00,2026-09-22T16:26:12.866475Z,2,0.017500,0723ee31-de21-9d3a-8eac-b58e0204d816,True,KXBTC15M-26SEP221230-30,0.4700,01a0c9f0-6ca0-78da-81d5-291040d33a85,yes,yes,0,KXBTC15M-26SEP221230-30,0723ee31-de21-9d3a-8eac-b58e0204d816,1790094372,0.5300
buy,bid,3.00,2026-09-22T16:26:12.866475Z,2,0.052300,0723ee31-de21-94a5-a4be-0e90ac820607,True,KXBTC15M-26SEP221230-30,0.4700,01a0c9f0-6ca0-78da-81d5-291040d33a85,yes,yes,0,KXBTC15M-26SEP221230-30,0723ee31-de21-94a5-a4be-0e90ac820607,1790094372,0.5300
sell,ask,4.00,2026-09-22T16:25:57.607786Z,2,0.048100,0723ee30-e219-a6d0-53fe-8b60dd98778c,True,KXBTC15M-26SEP221230-30,0.2200,01a0c9f0-3208-747f-b559-6ab0370a15c7,no,no,0,KXBTC15M-26SEP221230-30,0723ee30-e219-a6d0-53fe-8b60dd98778c,1790094357,0.7800
buy,bid,4.00,2026-09-22T16:22:07.242842Z,2,0.068700,0723ee5e-15d1-beaa-5409-cd9bf5fa9fe0,True,KXBTC15M-26SEP221230-30,0.4300,01a0c9ec-af98-707d-bd78-2f82d231277c,yes,yes,0,KXBTC15M-26SEP221230-30,0723ee5e-15d1-beaa-5409-cd9bf5fa9fe0,1790094127,0.5700
sell,ask,4.00,2026-09-22T16:20:18.594329Z,2,0.058800,0723ee46-bf51-9526-ba05-64aecd433698,True,KXBTC15M-26SEP221230-30,0.7000,01a0c9eb-05d0-7884-805f-1c62c54d3d73,no,no,0,KXBTC15M-26SEP221230-30,0723ee46-bf51-9526-ba05-64aecd433698,1790094018,0.3000
sell,ask,4.00,2026-09-22T16:10:04.546473Z,2,0.027500,0723ee67-3ae1-b0e5-0bea-f6c513c2dbff,True,KXBTC15M-26SEP221215-15,0.8900,01a0c9e1-a760-708a-a03c-2a101caea5b3,no,no,0,KXBTC15M-26SEP221215-15,0723ee67-3ae1-b0e5-0bea-f6c513c2dbff,1790093404,0.1100
buy,bid,0.01,2026-09-22T16:09:27.191028Z,2,0.000200,0723ee65-4991-acf8-ab88-892396d51be0,True,KXBTC15M-26SEP221215-15,0.7800,01a0c9e1-16d8-7453-8e1d-d48b58016c6c,yes,yes,0,KXBTC15M-26SEP221215-15,0723ee65-4991-acf8-ab88-892396d51be0,1790093367,0.2200
buy,bid,3.98,2026-09-22T16:09:27.191028Z,2,0.047800,0723ee65-4991-a0cc-9d25-c1ac1256b0e5,True,KXBTC15M-26SEP221215-15,0.7800,01a0c9e1-16d8-7453-8e1d-d48b58016c6c,yes,yes,0,KXBTC15M-26SEP221215-15,0723ee65-4991-a0cc-9d25-c1ac1256b0e5,1790093367,0.2200
buy,bid,0.01,2026-09-22T16:09:27.191028Z,2,0.000100,0723ee65-4991-a094-ac1f-2870d559f316,True,KXBTC15M-26SEP221215-15,0.7800,01a0c9e1-16d8-7453-8e1d-d48b58016c6c,yes,yes,0,KXBTC15M-26SEP221215-15,0723ee65-4991-a094-ac1f-2870d559f316,1790093367,0.2200
buy,bid,0.01,2026-09-22T15:58:50.876241Z,2,0.000070,0723ee8a-24d1-9edb-5d1a-dbab26a29bf0,True,KXBTC15M-26SEP221200-00,0.9870,01a0c9d7-5e90-78be-b3a8-6fb324445f1e,yes,yes,0,KXBTC15M-26SEP221200-00,0723ee8a-24d1-9edb-5d1a-dbab26a29bf0,1790092730,0.0130
buy,bid,0.01,2026-09-22T15:58:50.876241Z,2,0.000070,0723ee8a-24d1-996b-6301-f90f90e5eb4c,True,KXBTC15M-26SEP221200-00,0.9870,01a0c9d7-5e90-78be-b3a8-6fb324445f1e,yes,yes,0,KXBTC15M-26SEP221200-00,0723ee8a-24d1-996b-6301-f90f90e5eb4c,1790092730,0.0130
buy,bid,3.98,2026-09-22T15:58:50.876241Z,2,0.003460,0723ee8a-24d1-91b5-4143-f8c6f7513f2b,True,KXBTC15M-26SEP221200-00,0.9870,01a0c9d7-5e90-78be-b3a8-6fb324445f1e,yes,yes,0,KXBTC15M-26SEP221200-00,0723ee8a-24d1-91b5-4143-f8c6f7513f2b,1790092730,0.0130
sell,ask,0.01,2026-09-22T15:51:32.752977Z,2,0.000100,0723ee92-1121-9d0b-032d-6d4b9818d32b,True,KXBTC15M-26SEP221200-00,0.7700,01a0c9d0-afa0-7844-a0cc-151ef67505c4,no,no,0,KXBTC15M-26SEP221200-00,0723ee92-1121-9d0b-032d-6d4b9818d32b,1790092292,0.2300
sell,ask,3.98,2026-09-22T15:51:32.752977Z,2,0.049300,0723ee92-1121-96f3-0b34-31328353476b,True,KXBTC15M-26SEP221200-00,0.7700,01a0c9d0-afa0-7844-a0cc-151ef67505c4,no,no,0,KXBTC15M-26SEP221200-00,0723ee92-1121-96f3-0b34-31328353476b,1790092292,0.2300
sell,ask,0.01,2026-09-22T15:51:32.752977Z,2,0.000200,0723ee92-1121-9655-22af-c6c5470067f5,True,KXBTC15M-26SEP221200-00,0.7700,01a0c9d0-afa0-7844-a0cc-151ef67505c4,no,no,0,KXBTC15M-26SEP221200-00,0723ee92-1121-9655-22af-c6c5470067f5,1790092292,0.2300
sell,ask,4.00,2026-09-22T15:42:16.509327Z,2,0.008200,0723eee8-eb21-acf5-973d-7c87909efae1,True,KXBTC15M-26SEP221145-45,0.0300,01a0c9c8-33c0-7501-8868-045a53ee5f97,no,no,0,KXBTC15M-26SEP221145-45,0723eee8-eb21-acf5-973d-7c87909efae1,1790091736,0.9700
buy,bid,4.00,2026-09-22T15:40:59.04889Z,2,0.046500,0723eedb-18f1-80a7-8335-c54e19757845,True,KXBTC15M-26SEP221145-45,0.2100,01a0c9c7-06f8-7e14-81c5-672e5e2108be,yes,yes,0,KXBTC15M-26SEP221145-45,0723eedb-18f1-80a7-8335-c54e19757845,1790091659,0.7900
sell,ask,4.00,2026-09-22T15:21:51.106142Z,2,0.058800,0723ef63-74d1-bbca-2e2b-6b4328f3c9bf,True,KXBTC15M-26SEP221130-30,0.7000,01a0c9b5-8298-73d9-a190-8efdca0d6261,no,no,0,KXBTC15M-26SEP221130-30,0723ef63-74d1-bbca-2e2b-6b4328f3c9bf,1790090511,0.3000
buy,bid,4.00,2026-09-22T15:21:32.85564Z,2,0.049600,0723ef61-d9e1-b987-f82b-fafd9bf076ca,True,KXBTC15M-26SEP221130-30,0.7700,01a0c9b5-3860-7203-93fd-78f66dc81b8b,yes,yes,0,KXBTC15M-26SEP221130-30,0723ef61-d9e1-b987-f82b-fafd9bf076ca,1790090492,0.2300
sell,ask,4.00,2026-09-22T15:21:12.07248Z,2,0.044800,0723ef67-73a1-8613-aa99-893a808ae078,True,KXBTC15M-26SEP221130-30,0.8000,01a0c9b4-ea40-7d38-8463-bb88cfff97b4,no,no,0,KXBTC15M-26SEP221130-30,0723ef67-73a1-8613-aa99-893a808ae078,1790090472,0.2000
buy,bid,4.00,2026-09-22T15:20:53.039782Z,2,0.044800,0723ef66-1c01-a7d1-e609-47684d5450a7,True,KXBTC15M-26SEP221130-30,0.8000,01a0c9b4-a008-75d3-97fb-ad18fb5e002b,yes,yes,0,KXBTC15M-26SEP221130-30,0723ef66-1c01-a7d1-e609-47684d5450a7,1790090453,0.2000
buy,bid,4.00,2026-09-22T15:13:32.253109Z,2,0.046500,0723ef1a-70e1-9852-b0ad-cf7db7f0acde,True,KXBTC15M-26SEP221115-15,0.2100,01a0c9ad-e560-7ba2-8e7b-7f1ef8725dd7,yes,yes,0,KXBTC15M-26SEP221115-15,0723ef1a-70e1-9852-b0ad-cf7db7f0acde,1790090012,0.7900
sell,ask,3.45,2026-09-22T15:10:24.126848Z,2,0.059800,0723ef06-e749-a713-5d0e-6edd596f5864,True,KXBTC15M-26SEP221115-15,0.5500,01a0c9ab-0700-761f-b1ce-7e5a0129dfd1,no,no,0,KXBTC15M-26SEP221115-15,0723ef06-e749-a713-5d0e-6edd596f5864,1790089824,0.4500
sell,ask,0.55,2026-09-22T15:10:24.126848Z,2,0.009600,0723ef06-e331-abd9-64b7-993824d3dac5,True,KXBTC15M-26SEP221115-15,0.5500,01a0c9ab-0700-761f-b1ce-7e5a0129dfd1,no,no,0,KXBTC15M-26SEP221115-15,0723ef06-e331-abd9-64b7-993824d3dac5,1790089824,0.4500
buy,bid,4.00,2026-09-22T15:07:47.131282Z,2,0.057700,0723ef0a-2759-afab-70f6-63068b4ead7d,True,KXBTC15M-26SEP221115-15,0.2900,01a0c9a8-a1b8-7545-b542-3a96083b46e4,yes,yes,0,KXBTC15M-26SEP221115-15,0723ef0a-2759-afab-70f6-63068b4ead7d,1790089667,0.7100
sell,ask,4.00,2026-09-22T15:07:23.435559Z,2,0.062900,0723ef09-33c9-a4ac-f51a-dbd7aca2c143,True,KXBTC15M-26SEP221115-15,0.3400,01a0c9a8-43f8-77a3-93f1-cb5ac4c476ec,no,no,0,KXBTC15M-26SEP221115-15,0723ef09-33c9-a4ac-f51a-dbd7aca2c143,1790089643,0.6600
sell,ask,4.00,2026-09-22T15:06:49.754792Z,2,0.062000,0723ef39-4389-be40-2083-d5bbcc7af1b7,True,KXBTC15M-26SEP221115-15,0.3300,01a0c9a7-bf28-728b-a7ec-e42da1b169e8,no,no,0,KXBTC15M-26SEP221115-15,0723ef39-4389-be40-2083-d5bbcc7af1b7,1790089609,0.6700
buy,bid,3.99,2026-09-22T15:05:09.243113Z,2,0.069800,0723ef3e-d299-aee9-3440-68b5b06ee58c,True,KXBTC15M-26SEP221115-15,0.4900,01a0c9a6-3888-747e-a688-2334d727386f,yes,yes,0,KXBTC15M-26SEP221115-15,0723ef3e-d299-aee9-3440-68b5b06ee58c,1790089509,0.5100
buy,bid,0.01,2026-09-22T15:05:09.243113Z,2,0.000200,0723ef3e-d299-a686-3937-9663767ab5e4,True,KXBTC15M-26SEP221115-15,0.4900,01a0c9a6-3888-747e-a688-2334d727386f,yes,yes,0,KXBTC15M-26SEP221115-15,0723ef3e-d299-a686-3937-9663767ab5e4,1790089509,0.5100
sell,ask,4.00,2026-09-22T14:56:06.10849Z,2,0.002800,0723efea-5649-b2cd-6e47-347711930f52,True,KXBTC15M-26SEP221100-00,0.0100,01a0c99d-ef70-71e0-b3c8-0df4fd59ad6c,no,no,0,KXBTC15M-26SEP221100-00,0723efea-5649-b2cd-6e47-347711930f52,1790088966,0.9900
buy,bid,4.00,2026-09-22T14:50:07.645737Z,2,0.039600,0723eff5-cbd9-b8be-d65e-367c570e81ee,True,KXBTC15M-26SEP221100-00,0.1700,01a0c998-7518-71c4-93e8-344cf720ea08,yes,yes,0,KXBTC15M-26SEP221100-00,0723eff5-cbd9-b8be-d65e-367c570e81ee,1790088607,0.8300
sell,ask,4.00,2026-09-22T14:41:37.587577Z,2,0.062000,0723efd2-16b9-b46a-14f0-4ea2f2299eed,True,KXBTC15M-26SEP221045-45,0.6700,01a0c990-ace8-71ad-ab28-495a58acc3a0,no,no,0,KXBTC15M-26SEP221045-45,0723efd2-16b9-b46a-14f0-4ea2f2299eed,1790088097,0.3300
buy,bid,3.98,2026-09-22T14:41:08.962628Z,2,0.064900,0723efd0-d521-8fd7-397d-f79d9b6b255c,True,KXBTC15M-26SEP221045-45,0.6300,01a0c990-3ba0-7f69-a892-8dbb645bb42e,yes,yes,0,KXBTC15M-26SEP221045-45,0723efd0-d521-8fd7-397d-f79d9b6b255c,1790088068,0.3700
buy,bid,0.01,2026-09-22T14:41:08.962628Z,2,0.000200,0723efd0-d521-8ed2-18d2-7f72492258ec,True,KXBTC15M-26SEP221045-45,0.6300,01a0c990-3ba0-7f69-a892-8dbb645bb42e,yes,yes,0,KXBTC15M-26SEP221045-45,0723efd0-d521-8ed2-18d2-7f72492258ec,1790088068,0.3700
buy,bid,0.01,2026-09-22T14:41:08.962628Z,2,0.000200,0723efd0-d521-823e-28c1-b494306173f4,True,KXBTC15M-26SEP221045-45,0.6300,01a0c990-3ba0-7f69-a892-8dbb645bb42e,yes,yes,0,KXBTC15M-26SEP221045-45,0723efd0-d521-823e-28c1-b494306173f4,1790088068,0.3700
sell,ask,4.00,2026-09-22T14:40:02.155725Z,2,0.049600,0723efb3-de91-ade8-94dd-8b4a930cb5f2,True,KXBTC15M-26SEP221045-45,0.7700,01a0c98f-39d0-76fb-8862-0c013a429b50,no,no,0,KXBTC15M-26SEP221045-45,0723efb3-de91-ade8-94dd-8b4a930cb5f2,1790088002,0.2300
buy,bid,4.00,2026-09-22T14:39:43.502463Z,2,0.043100,0723efb5-51f9-b4f8-efba-b6ad7d7736e1,True,KXBTC15M-26SEP221045-45,0.8100,01a0c98e-ef98-70b6-9ed5-eaf36ccb3fcc,yes,yes,0,KXBTC15M-26SEP221045-45,0723efb5-51f9-b4f8-efba-b6ad7d7736e1,1790087983,0.1900
sell,ask,3.98,2026-09-22T14:39:15.375865Z,2,0.042900,0723efb4-8ad9-9c18-5bbd-dc24247daffd,True,KXBTC15M-26SEP221045-45,0.8100,01a0c98e-8238-7aae-b458-3e510029b3af,no,no,0,KXBTC15M-26SEP221045-45,0723efb4-8ad9-9c18-5bbd-dc24247daffd,1790087955,0.1900
sell,ask,0.01,2026-09-22T14:39:15.375865Z,2,0.000100,0723efb4-8ad9-9472-4a42-45be5c2d5e07,True,KXBTC15M-26SEP221045-45,0.8000,01a0c98e-8238-7aae-b458-3e510029b3af,no,no,0,KXBTC15M-26SEP221045-45,0723efb4-8ad9-9472-4a42-45be5c2d5e07,1790087955,0.2000
sell,ask,0.01,2026-09-22T14:39:15.375865Z,2,0.000200,0723efb4-8ad9-9387-414c-f9ca34f4c3ba,True,KXBTC15M-26SEP221045-45,0.8000,01a0c98e-8238-7aae-b458-3e510029b3af,no,no,0,KXBTC15M-26SEP221045-45,0723efb4-8ad9-9387-414c-f9ca34f4c3ba,1790087955,0.2000
buy,bid,0.01,2026-09-22T14:38:56.647997Z,2,0.000100,0723efb6-d801-ad30-ca6f-5d976f997afb,True,KXBTC15M-26SEP221045-45,0.9000,01a0c98e-3800-7492-9380-62d9c5a31c41,yes,yes,0,KXBTC15M-26SEP221045-45,0723efb6-d801-ad30-ca6f-5d976f997afb,1790087936,0.1000
buy,bid,0.01,2026-09-22T14:38:56.647997Z,2,0.000100,0723efb6-d801-a38b-faf8-48cf350577cb,True,KXBTC15M-26SEP221045-45,0.9000,01a0c98e-3800-7492-9380-62d9c5a31c41,yes,yes,0,KXBTC15M-26SEP221045-45,0723efb6-d801-a38b-faf8-48cf350577cb,1790087936,0.1000
buy,bid,3.98,2026-09-22T14:38:56.647997Z,2,0.025000,0723efb6-d801-a2a1-ce94-2365b496f0de,True,KXBTC15M-26SEP221045-45,0.9000,01a0c98e-3800-7492-9380-62d9c5a31c41,yes,yes,0,KXBTC15M-26SEP221045-45,0723efb6-d801-a2a1-ce94-2365b496f0de,1790087936,0.1000
sell,ask,4.00,2026-09-22T14:38:09.489314Z,2,0.021600,0723efbb-81c9-84c6-f47a-9a67ce3db4d1,True,KXBTC15M-26SEP221045-45,0.9160,01a0c98d-8068-7c3f-9344-44387e91026c,no,no,0,KXBTC15M-26SEP221045-45,0723efbb-81c9-84c6-f47a-9a67ce3db4d1,1790087889,0.0840
buy,bid,4.00,2026-09-22T14:37:49.993132Z,2,0.023000,0723efb8-fd41-93de-e327-c8e1eec790fc,True,KXBTC15M-26SEP221045-45,0.9100,01a0c98d-3248-7bdc-9a37-348947e8170f,yes,yes,0,KXBTC15M-26SEP221045-45,0723efb8-fd41-93de-e327-c8e1eec790fc,1790087869,0.0900
sell,ask,4.00,2026-09-22T14:37:29.614883Z,2,0.020200,0723efbf-7489-a7a8-47f0-47192f92eed8,True,KXBTC15M-26SEP221045-45,0.9220,01a0c98c-e428-76d1-bb34-314bbace13b2,no,no,0,KXBTC15M-26SEP221045-45,0723efbf-7489-a7a8-47f0-47192f92eed8,1790087849,0.0780
buy,bid,4.00,2026-09-22T14:37:10.257853Z,2,0.015800,0723efbe-f5e1-8a39-16f1-e5c8e4962133,True,KXBTC15M-26SEP221045-45,0.9400,01a0c98c-99f0-7f92-a17c-5799bca86299,yes,yes,0,KXBTC15M-26SEP221045-45,0723efbe-f5e1-8a39-16f1-e5c8e4962133,1790087830,0.0600
sell,ask,4.00,2026-09-22T14:24:17.518581Z,2,0.016600,0723ef83-f321-bfe9-afa0-a1acda76f4e7,True,KXBTC15M-26SEP221030-30,0.9370,01a0c980-ce68-733a-8c55-630f73a8b1d9,no,no,0,KXBTC15M-26SEP221030-30,0723ef83-f321-bfe9-afa0-a1acda76f4e7,1790087057,0.0630
buy,bid,4.00,2026-09-22T14:23:59.690047Z,2,0.019000,0723ef82-a879-8dfe-a6e7-41e50dc555c8,True,KXBTC15M-26SEP221030-30,0.9270,01a0c980-8818-7cd5-8c9e-02a76a2e40b4,yes,yes,0,KXBTC15M-26SEP221030-30,0723ef82-a879-8dfe-a6e7-41e50dc555c8,1790087039,0.0730
buy,bid,4.00,2026-09-22T14:23:32.078146Z,2,0.022500,0723ef80-6421-b893-ab37-f08d261ffd9c,True,KXBTC15M-26SEP221030-30,0.9120,01a0c980-1ea0-719c-8ade-5f7dcc78d6d3,yes,yes,0,KXBTC15M-26SEP221030-30,0723ef80-6421-b893-ab37-f08d261ffd9c,1790087012,0.0880
sell,ask,4.00,2026-09-22T14:21:20.647925Z,2,0.025200,0723ec86-7701-9dda-9431-76f6ebafe103,True,KXBTC15M-26SEP221030-30,0.9000,01a0c97e-1b00-78c4-8794-1a454de55db7,no,no,0,KXBTC15M-26SEP221030-30,0723ec86-7701-9dda-9431-76f6ebafe103,1790086880,0.1000
sell,ask,4.00,2026-09-22T14:13:55.929459Z,2,0.062000,0723ecaa-1259-84ac-a70b-53183551ac7d,True,KXBTC15M-26SEP221015-15,0.3300,01a0c977-50b8-7e4e-827e-3256e4e05830,no,no,0,KXBTC15M-26SEP221015-15,0723ecaa-1259-84ac-a70b-53183551ac7d,1790086435,0.6700
buy,bid,4.00,2026-09-22T14:12:46.710032Z,2,0.070000,0723ecaf-4ff1-85cf-7c54-c5ec54c776b2,True,KXBTC15M-26SEP221015-15,0.4900,01a0c976-4330-7f60-b231-963bf2b5a3e0,yes,yes,0,KXBTC15M-26SEP221015-15,0723ecaf-4ff1-85cf-7c54-c5ec54c776b2,1790086366,0.5100
sell,ask,4.00,2026-09-22T14:11:14.808014Z,2,0.056500,0723eca7-bf59-b904-9686-89e6a5fa1a9a,True,KXBTC15M-26SEP221015-15,0.7200,01a0c974-dbd0-70eb-8253-ffb2303535f0,no,no,0,KXBTC15M-26SEP221015-15,0723eca7-bf59-b904-9686-89e6a5fa1a9a,1790086274,0.2800
buy,bid,4.00,2026-09-22T14:10:56.304907Z,2,0.037700,0723eca6-dfc9-b6a4-a46e-d6a9ed9c668a,True,KXBTC15M-26SEP221015-15,0.8400,01a0c974-9580-71e4-80fb-1ed74144858f,yes,yes,0,KXBTC15M-26SEP221015-15,0723eca6-dfc9-b6a4-a46e-d6a9ed9c668a,1790086256,0.1600
buy,bid,4.00,2026-09-22T14:08:30.818982Z,2,0.044800,0723ecbb-37f1-8473-c1e2-0f29a3507c09,True,KXBTC15M-26SEP221015-15,0.8000,01a0c972-5b30-7dcb-9968-66c911df9ff9,yes,yes,0,KXBTC15M-26SEP221015-15,0723ecbb-37f1-8473-c1e2-0f29a3507c09,1790086110,0.2000
sell,ask,4.00,2026-09-22T14:06:21.124759Z,2,0.027500,0723ecb1-d241-a10e-642d-861e657f4540,True,KXBTC15M-26SEP221015-15,0.8900,01a0c970-6348-7500-b9b6-db26927cd010,no,no,0,KXBTC15M-26SEP221015-15,0723ecb1-d241-a10e-642d-861e657f4540,1790085981,0.1100
buy,bid,0.01,2026-09-22T13:56:10.041775Z,2,0.000100,0723ecfb-4ee9-ae36-e09f-8ed25eab1275,True,KXBTC15M-26SEP221000-00,0.0100,01a0c967-1090-7602-9105-96e69093ad9d,yes,yes,0,KXBTC15M-26SEP221000-00,0723ecfb-4ee9-ae36-e09f-8ed25eab1275,1790085370,0.9900
buy,bid,35.61,2026-09-22T13:56:10.041775Z,2,0.022190,0723ecfb-4ee9-ae31-e9e9-59f78afcfd80,True,KXBTC15M-26SEP221000-00,0.0090,01a0c967-1090-7602-9105-96e69093ad9d,yes,yes,0,KXBTC15M-26SEP221000-00,0723ecfb-4ee9-ae31-e9e9-59f78afcfd80,1790085370,0.9910
buy,bid,0.01,2026-09-22T13:56:10.041775Z,2,0.000000,0723ecfb-4ee9-aa59-ebd0-c391009c1d22,True,KXBTC15M-26SEP221000-00,0.0100,01a0c967-1090-7602-9105-96e69093ad9d,yes,yes,0,KXBTC15M-26SEP221000-00,0723ecfb-4ee9-aa59-ebd0-c391009c1d22,1790085370,0.9900
buy,bid,1.00,2026-09-22T13:56:10.041775Z,2,0.000700,0723ecfb-4ee9-a90c-e085-29f80db71122,True,KXBTC15M-26SEP221000-00,0.0100,01a0c967-1090-7602-9105-96e69093ad9d,yes,yes,0,KXBTC15M-26SEP221000-00,0723ecfb-4ee9-a90c-e085-29f80db71122,1790085370,0.9900
buy,bid,0.01,2026-09-22T13:39:03.701974Z,2,0.000100,0723ec0a-f391-99a9-0782-a3fb10931f23,True,KXBTC15M-26SEP220945-45,0.1600,01a0c957-64d8-7b4d-aa9c-86eff12ee269,yes,yes,0,KXBTC15M-26SEP220945-45,0723ec0a-f391-99a9-0782-a3fb10931f23,1790084343,0.8400
buy,bid,3.98,2026-09-22T13:39:03.701974Z,2,0.037500,0723ec0a-f391-9643-3e19-654fc4a05a0d,True,KXBTC15M-26SEP220945-45,0.1600,01a0c957-64d8-7b4d-aa9c-86eff12ee269,yes,yes,0,KXBTC15M-26SEP220945-45,0723ec0a-f391-9643-3e19-654fc4a05a0d,1790084343,0.8400
buy,bid,0.01,2026-09-22T13:39:03.701974Z,2,0.000100,0723ec0a-f391-95dc-2458-0cdd3a98fa84,True,KXBTC15M-26SEP220945-45,0.1600,01a0c957-64d8-7b4d-aa9c-86eff12ee269,yes,yes,0,KXBTC15M-26SEP220945-45,0723ec0a-f391-95dc-2458-0cdd3a98fa84,1790084343,0.8400
sell,ask,4.00,2026-09-22T13:37:32.227747Z,2,0.059900,0723ec0e-04e1-8185-f4de-fdaffed496ef,True,KXBTC15M-26SEP220945-45,0.3100,01a0c956-0160-7d3b-9ae2-eba70656346c,no,no,0,KXBTC15M-26SEP220945-45,0723ec0e-04e1-8185-f4de-fdaffed496ef,1790084252,0.6900
buy,bid,4.00,2026-09-22T13:28:48.35269Z,2,0.000600,0723ec75-e941-aa03-1852-8323f5b173b7,True,KXBTC15M-26SEP220930-30,0.9980,01a0c94e-0280-77c3-a6d5-b2a88e52a0a6,yes,yes,0,KXBTC15M-26SEP220930-30,0723ec75-e941-aa03-1852-8323f5b173b7,1790083728,0.0020
sell,ask,4.00,2026-09-22T13:22:08.458014Z,2,0.029600,0723ec58-4031-b07e-ac55-660f44f8ced5,True,KXBTC15M-26SEP220930-30,0.8800,01a0c947-e800-71c7-8acc-d427cec61f14,no,no,0,KXBTC15M-26SEP220930-30,0723ec58-4031-b07e-ac55-660f44f8ced5,1790083328,0.1200
buy,bid,4.00,2026-09-22T13:07:17.808347Z,2,0.018300,0723edd3-1241-bc10-6dce-e86e6cb5a676,True,KXBTC15M-26SEP220915-15,0.0700,01a0c93a-4f88-7188-b49c-55a4a9fc00c5,yes,yes,0,KXBTC15M-26SEP220915-15,0723edd3-1241-bc10-6dce-e86e6cb5a676,1790082437,0.9300
sell,ask,4.00,2026-09-22T13:07:07.590529Z,2,0.021100,0723edd2-8999-9567-04b5-05c3e76efede,True,KXBTC15M-26SEP220915-15,0.0820,01a0c93a-2878-7aec-aef8-bb7a1b06b3c8,no,no,0,KXBTC15M-26SEP220915-15,0723edd2-8999-9567-04b5-05c3e76efede,1790082427,0.9180
buy,bid,4.00,2026-09-22T13:06:17.013146Z,2,0.037700,0723eddc-c501-8bfa-45da-f8d09f23b353,True,KXBTC15M-26SEP220915-15,0.1600,01a0c939-6528-7f97-b39b-8c6885bf60c5,yes,yes,0,KXBTC15M-26SEP220915-15,0723eddc-c501-8bfa-45da-f8d09f23b353,1790082377,0.8400
sell,ask,4.00,2026-09-22T13:06:06.591639Z,2,0.039600,0723eddc-04d1-a0e8-0e49-d9b08bee857a,True,KXBTC15M-26SEP220915-15,0.1700,01a0c939-3a30-772a-ac86-bf99a4634850,no,no,0,KXBTC15M-26SEP220915-15,0723eddc-04d1-a0e8-0e49-d9b08bee857a,1790082366,0.8300
buy,bid,4.00,2026-09-22T13:05:13.797388Z,2,0.039600,0723edd6-1f31-b495-0eb1-2aec0d8a9dcc,True,KXBTC15M-26SEP220915-15,0.1700,01a0c938-6b28-707b-a436-8a5380ef4aed,yes,yes,0,KXBTC15M-26SEP220915-15,0723edd6-1f31-b495-0eb1-2aec0d8a9dcc,1790082313,0.8300
sell,ask,4.00,2026-09-22T13:05:04.249261Z,2,0.049600,0723edd9-6801-a3e9-5b31-c9cea3709644,True,KXBTC15M-26SEP220915-15,0.2300,01a0c938-4800-76cb-bbdd-410e10a685d1,no,no,0,KXBTC15M-26SEP220915-15,0723edd9-6801-a3e9-5b31-c9cea3709644,1790082304,0.7700
sell,ask,4.00,2026-09-22T12:57:20.600261Z,2,0.069800,0723edf5-fd81-a366-cb6f-3a8c47436442,True,KXBTC15M-26SEP220900-00,0.4700,01a0c931-3380-7663-96a4-e105ae5c45b2,no,no,0,KXBTC15M-26SEP220900-00,0723edf5-fd81-a366-cb6f-3a8c47436442,1790081840,0.5300
buy,bid,1.00,2026-09-22T12:56:16.512129Z,2,0.017400,0723edf0-df81-9d4b-70f1-44d4eb47248b,True,KXBTC15M-26SEP220900-00,0.5500,01a0c930-3980-7b4c-b92c-5a19c5cc1013,yes,yes,0,KXBTC15M-26SEP220900-00,0723edf0-df81-9d4b-70f1-44d4eb47248b,1790081776,0.4500
buy,bid,0.01,2026-09-22T12:56:16.512129Z,2,0.000200,0723edf0-df81-9b22-654d-1b3862ed91d5,True,KXBTC15M-26SEP220900-00,0.5500,01a0c930-3980-7b4c-b92c-5a19c5cc1013,yes,yes,0,KXBTC15M-26SEP220900-00,0723edf0-df81-9b22-654d-1b3862ed91d5,1790081776,0.4500
buy,bid,0.01,2026-09-22T12:56:16.512129Z,2,0.000100,0723edf0-df81-9a05-546e-b4c9b918dfda,True,KXBTC15M-26SEP220900-00,0.5500,01a0c930-3980-7b4c-b92c-5a19c5cc1013,yes,yes,0,KXBTC15M-26SEP220900-00,0723edf0-df81-9a05-546e-b4c9b918dfda,1790081776,0.4500
buy,bid,2.98,2026-09-22T12:56:16.512129Z,2,0.051700,0723edf0-df81-93c4-5023-41a4ab0c8f8f,True,KXBTC15M-26SEP220900-00,0.5500,01a0c930-3980-7b4c-b92c-5a19c5cc1013,yes,yes,0,KXBTC15M-26SEP220900-00,0723edf0-df81-93c4-5023-41a4ab0c8f8f,1790081776,0.4500
buy,bid,4.00,2026-09-22T12:55:53.527775Z,2,0.066700,0723ed90-f301-a72e-2c9a-12c7e64f22e2,True,KXBTC15M-26SEP220900-00,0.6100,01a0c92f-dfa8-7750-a2f4-a4baa60c3c10,yes,yes,0,KXBTC15M-26SEP220900-00,0723ed90-f301-a72e-2c9a-12c7e64f22e2,1790081753,0.3900
sell,ask,4.00,2026-09-22T12:54:37.995942Z,2,0.052500,0723ed94-75d9-bc27-3a57-c0ba20aaed5d,True,KXBTC15M-26SEP220900-00,0.7500,01a0c92e-b6c8-73d9-a7bf-a387e29cff34,no,no,0,KXBTC15M-26SEP220900-00,0723ed94-75d9-bc27-3a57-c0ba20aaed5d,1790081677,0.2500
sell,ask,4.00,2026-09-22T12:54:00.441839Z,2,0.065300,0723ed96-bb59-8b21-e519-8792239b4db0,True,KXBTC15M-26SEP220900-00,0.6300,01a0c92e-2640-7fcb-96ec-2f65746250ff,no,no,0,KXBTC15M-26SEP220900-00,0723ed96-bb59-8b21-e519-8792239b4db0,1790081640,0.3700
buy,bid,4.00,2026-09-22T12:53:51.067103Z,2,0.063700,0723ed95-f351-a92b-6fa5-c9a3d7da8d20,True,KXBTC15M-26SEP220900-00,0.6500,01a0c92e-0318-74f8-b17a-4c3ff2371806,yes,yes,0,KXBTC15M-26SEP220900-00,0723ed95-f351-a92b-6fa5-c9a3d7da8d20,1790081631,0.3500
buy,bid,0.01,2026-09-22T12:42:15.369228Z,2,0.000130,0723edae-f539-bbe9-c661-7ab96cfd8701,True,KXBTC15M-26SEP220845-45,0.9130,01a0c923-6458-738e-98d8-65da89f39691,yes,yes,0,KXBTC15M-26SEP220845-45,0723edae-f539-bbe9-c661-7ab96cfd8701,1790080935,0.0870
buy,bid,0.01,2026-09-22T12:42:15.369228Z,2,0.000030,0723edae-f539-b6aa-e6fc-6497b9ef6e48,True,KXBTC15M-26SEP220845-45,0.9130,01a0c923-6458-738e-98d8-65da89f39691,yes,yes,0,KXBTC15M-26SEP220845-45,0723edae-f539-b6aa-e6fc-6497b9ef6e48,1790080935,0.0870
buy,bid,3.98,2026-09-22T12:42:15.369228Z,2,0.023460,0723edae-f539-b252-dfa9-59ea34424594,True,KXBTC15M-26SEP220845-45,0.9070,01a0c923-6458-738e-98d8-65da89f39691,yes,yes,0,KXBTC15M-26SEP220845-45,0723edae-f539-b252-dfa9-59ea34424594,1790080935,0.0930
sell,ask,4.00,2026-09-22T12:37:32.272628Z,2,0.062900,0723ed63-4579-9bf5-698a-cc9c38324671,True,KXBTC15M-26SEP220845-45,0.6600,01a0c91f-12e0-7abe-bb89-396246532ae4,no,no,0,KXBTC15M-26SEP220845-45,0723ed63-4579-9bf5-698a-cc9c38324671,1790080652,0.3400
sell,ask,4.00,2026-09-22T12:21:38.161617Z,2,0.059900,0723ed4d-f951-8415-f80d-490fffeb3777,True,KXBTC15M-26SEP220830-30,0.6900,01a0c910-8450-7e20-9639-a494afb23cd4,no,no,0,KXBTC15M-26SEP220830-30,0723ed4d-f951-8415-f80d-490fffeb3777,1790079698,0.3100
buy,bid,4.00,2026-09-22T12:21:28.581547Z,2,0.063700,0723ed51-2841-8f02-e9eb-00810c50bb75,True,KXBTC15M-26SEP220830-30,0.6500,01a0c910-5d40-7d93-97d6-0db974105c8d,yes,yes,0,KXBTC15M-26SEP220830-30,0723ed51-2841-8f02-e9eb-00810c50bb75,1790079688,0.3500
sell,ask,4.00,2026-09-22T12:20:47.911061Z,2,0.055200,0723ed31-4129-b0d7-a385-43ad09321a41,True,KXBTC15M-26SEP220830-30,0.7300,01a0c90f-bd18-73e4-8466-05d0d28d93c3,no,no,0,KXBTC15M-26SEP220830-30,0723ed31-4129-b0d7-a385-43ad09321a41,1790079647,0.2700
buy,bid,4.00,2026-09-22T12:20:38.342193Z,2,0.059900,0723ed31-fe31-b5a7-1e1c-f0479331176d,True,KXBTC15M-26SEP220830-30,0.6900,01a0c90f-99f0-7173-a3b6-77a5b1cef3d8,yes,yes,0,KXBTC15M-26SEP220830-30,0723ed31-fe31-b5a7-1e1c-f0479331176d,1790079638,0.3100
sell,ask,4.00,2026-09-22T12:13:13.462326Z,2,0.056500,0723ed2b-f109-af15-4fdc-18abb2ad279c,True,KXBTC15M-26SEP220815-15,0.2800,01a0c908-cfa8-757c-bf47-b4dfcf51b130,no,no,0,KXBTC15M-26SEP220815-15,0723ed2b-f109-af15-4fdc-18abb2ad279c,1790079193,0.7200
buy,bid,4.00,2026-09-22T12:10:39.208126Z,2,0.070000,0723ed1f-ae79-8140-c0f5-cb51518a67ad,True,KXBTC15M-26SEP220815-15,0.4900,01a0c906-7618-7eb1-9e9d-61b1013e64b4,yes,yes,0,KXBTC15M-26SEP220815-15,0723ed1f-ae79-8140-c0f5-cb51518a67ad,1790079039,0.5100
buy,bid,4.00,2026-09-22T11:28:06.767566Z,2,0.041400,0723eba1-7079-8ca6-4e17-fb0effaabfad,True,KXBTC15M-26SEP220730-30,0.1800,01a0c8df-8170-7fbe-b4a6-34fbc039f918,yes,yes,0,KXBTC15M-26SEP220730-30,0723eba1-7079-8ca6-4e17-fb0effaabfad,1790076486,0.8200
sell,ask,4.00,2026-09-22T11:27:38.750453Z,2,0.041400,0723eba3-4069-b38b-215b-a2dd9eafb6e4,True,KXBTC15M-26SEP220730-30,0.1800,01a0c8df-1410-71b3-aa0c-cd0dd466a43e,no,no,0,KXBTC15M-26SEP220730-30,0723eba3-4069-b38b-215b-a2dd9eafb6e4,1790076458,0.8200
buy,bid,4.00,2026-09-22T11:27:10.060375Z,2,0.024300,0723eba4-3809-82ba-4d13-d3b238a49251,True,KXBTC15M-26SEP220730-30,0.0960,01a0c8de-a6b0-7d3b-b755-b129c79ae532,yes,yes,0,KXBTC15M-26SEP220730-30,0723eba4-3809-82ba-4d13-d3b238a49251,1790076430,0.9040
sell,ask,4.00,2026-09-22T11:27:00.577993Z,2,0.033800,0723eba7-8539-b1a9-f1ef-edd12e46cf2d,True,KXBTC15M-26SEP220730-30,0.1400,01a0c8de-7fa0-705d-9e08-2e40c8dfafde,no,no,0,KXBTC15M-26SEP220730-30,0723eba7-8539-b1a9-f1ef-edd12e46cf2d,1790076420,0.8600
sell,ask,4.00,2026-09-22T11:26:16.014256Z,2,0.011600,0723ebaa-80d9-800c-d2e7-9cd62c58ef0b,True,KXBTC15M-26SEP220730-30,0.0430,01a0c8dd-d3c0-7e60-97b1-65a97fecdc99,no,no,0,KXBTC15M-26SEP220730-30,0723ebaa-80d9-800c-d2e7-9cd62c58ef0b,1790076376,0.9570
buy,bid,4.00,2026-09-22T11:20:01.944568Z,2,0.049600,0723ebb8-6491-aa9a-eeb3-aad7cfce012d,True,KXBTC15M-26SEP220730-30,0.2300,01a0c8d8-1ae8-7432-9d9a-fa5838a3ac19,yes,yes,0,KXBTC15M-26SEP220730-30,0723ebb8-6491-aa9a-eeb3-aad7cfce012d,1790076001,0.7700
sell,ask,4.00,2026-09-22T11:10:46.830303Z,2,0.061000,0723ebf1-1cf9-b04e-add0-c3005a172870,True,KXBTC15M-26SEP220715-15,0.6800,01a0c8cf-a2f0-72c1-8a24-0516f850d85b,no,no,0,KXBTC15M-26SEP220715-15,0723ebf1-1cf9-b04e-add0-c3005a172870,1790075446,0.3200
buy,bid,4.00,2026-09-22T11:10:37.135526Z,2,0.043100,0723ebf2-84c1-8136-03b2-1065352d98aa,True,KXBTC15M-26SEP220715-15,0.8100,01a0c8cf-7fc8-7c19-a9f4-64858e48aff8,yes,yes,0,KXBTC15M-26SEP220715-15,0723ebf2-84c1-8136-03b2-1065352d98aa,1790075437,0.1900
sell,ask,4.00,2026-09-22T11:10:21.009405Z,2,0.044800,0723ebf3-de99-bd9d-8e75-ce55d6371d89,True,KXBTC15M-26SEP220715-15,0.8000,01a0c8cf-4148-7227-87c6-22b82a246d7e,no,no,0,KXBTC15M-26SEP220715-15,0723ebf3-de99-bd9d-8e75-ce55d6371d89,1790075421,0.2000
buy,bid,4.00,2026-09-22T11:09:26.287838Z,2,0.067200,0723ebf7-c3b1-8ea2-fce4-e45027f765e7,True,KXBTC15M-26SEP220715-15,0.6000,01a0c8ce-6a70-7c81-9ea4-8c0cb82f4556,yes,yes,0,KXBTC15M-26SEP220715-15,0723ebf7-c3b1-8ea2-fce4-e45027f765e7,1790075366,0.4000
sell,ask,4.00,2026-09-22T11:06:22.543198Z,2,0.066000,0723ebe5-e139-b541-298c-d521cc3c600a,True,KXBTC15M-26SEP220715-15,0.3800,01a0c8cb-9bb0-72ac-a61f-b656b2d240db,no,no,0,KXBTC15M-26SEP220715-15,0723ebe5-e139-b541-298c-d521cc3c600a,1790075182,0.6200
buy,bid,4.00,2026-09-22T11:05:31.845219Z,2,0.053900,0723ebe1-8171-afd9-c283-64b09fae8011,True,KXBTC15M-26SEP220715-15,0.2600,01a0c8ca-d478-75d9-9e84-ad7ffb0c9499,yes,yes,0,KXBTC15M-26SEP220715-15,0723ebe1-8171-afd9-c283-64b09fae8011,1790075131,0.7400
buy,bid,4.00,2026-09-22T10:54:04.532375Z,2,0.041400,0723ebc1-3291-9b19-66b4-1ffb8702220c,True,KXBTC15M-26SEP220700-00,0.1800,01a0c8c0-58e0-7bef-b6d0-a85b5a15a647,yes,yes,0,KXBTC15M-26SEP220700-00,0723ebc1-3291-9b19-66b4-1ffb8702220c,1790074444,0.8200
sell,ask,4.00,2026-09-22T10:53:54.902117Z,2,0.041400,0723ebc0-f691-8449-e615-5053ccc5d67c,True,KXBTC15M-26SEP220700-00,0.1800,01a0c8c0-31d0-7f14-9f02-e611db964920,no,no,0,KXBTC15M-26SEP220700-00,0723ebc0-f691-8449-e615-5053ccc5d67c,1790074434,0.8200
sell,ask,4.00,2026-09-22T10:43:57.060029Z,2,0.055200,0723ea6b-46c1-9b3b-d112-b076366f06b7,True,KXBTC15M-26SEP220645-45,0.2700,01a0c8b7-15c8-795a-9adf-d1de78984b13,no,no,0,KXBTC15M-26SEP220645-45,0723ea6b-46c1-9b3b-d112-b076366f06b7,1790073837,0.7300
buy,bid,4.00,2026-09-22T10:40:45.472989Z,2,0.043100,0723ea64-b8e9-a057-309c-e8051786a449,True,KXBTC15M-26SEP220645-45,0.1900,01a0c8b4-27c8-75e5-ad08-69c3d40bdbea,yes,yes,0,KXBTC15M-26SEP220645-45,0723ea64-b8e9-a057-309c-e8051786a449,1790073645,0.8100
sell,ask,4.00,2026-09-22T10:35:13.649001Z,2,0.057700,0723ea13-4d49-a777-3e2e-f0604062474e,True,KXBTC15M-26SEP220645-45,0.7100,01a0c8af-16e8-754f-a173-45951ee5a5d9,no,no,0,KXBTC15M-26SEP220645-45,0723ea13-4d49-a777-3e2e-f0604062474e,1790073313,0.2900
buy,bid,4.00,2026-09-22T10:35:04.101192Z,2,0.051100,0723ea15-1351-9c4f-ba55-22df086f7fe5,True,KXBTC15M-26SEP220645-45,0.7600,01a0c8ae-f3c0-7a1a-8409-01f72d9ada84,yes,yes,0,KXBTC15M-26SEP220645-45,0723ea15-1351-9c4f-ba55-22df086f7fe5,1790073304,0.2400
buy,bid,4.00,2026-09-22T10:23:59.494543Z,2,0.044800,0723ea37-f251-903f-63b1-bcff6203d510,True,KXBTC15M-26SEP220630-30,0.8000,01a0c8a4-ce18-78a0-b066-ca9bfacb96df,yes,yes,0,KXBTC15M-26SEP220630-30,0723ea37-f251-903f-63b1-bcff6203d510,1790072639,0.2000
sell,ask,4.00,2026-09-22T10:21:41.976566Z,2,0.068700,0723ea28-7f29-9420-8045-510e5c2eddd6,True,KXBTC15M-26SEP220630-30,0.5700,01a0c8a2-b308-7b60-8998-f8abb2725594,no,no,0,KXBTC15M-26SEP220630-30,0723ea28-7f29-9420-8045-510e5c2eddd6,1790072501,0.4300
buy,bid,0.01,2026-09-22T10:10:28.705073Z,2,0.000080,0723eaf9-d6a1-aa55-cb95-66b272b28196,True,KXBTC15M-26SEP220615-15,0.9780,01a0c898-6e20-7407-9f22-2f32608a7f85,yes,yes,0,KXBTC15M-26SEP220615-15,0723eaf9-d6a1-aa55-cb95-66b272b28196,1790071828,0.0220
buy,bid,1.00,2026-09-22T10:10:28.705073Z,2,0.001400,0723eaf9-d6a1-a574-c51c-d8a19eab3715,True,KXBTC15M-26SEP220615-15,0.9780,01a0c898-6e20-7407-9f22-2f32608a7f85,yes,yes,0,KXBTC15M-26SEP220615-15,0723eaf9-d6a1-a574-c51c-d8a19eab3715,1790071828,0.0220
buy,bid,0.01,2026-09-22T10:10:28.705073Z,2,0.000080,0723eaf9-d6a1-a13f-fa60-0d4d99143832,True,KXBTC15M-26SEP220615-15,0.9780,01a0c898-6e20-7407-9f22-2f32608a7f85,yes,yes,0,KXBTC15M-26SEP220615-15,0723eaf9-d6a1-a13f-fa60-0d4d99143832,1790071828,0.0220
buy,bid,2.98,2026-09-22T10:10:28.705073Z,2,0.004540,0723eaf9-d2b9-a901-fd09-4bc7c1745019,True,KXBTC15M-26SEP220615-15,0.9780,01a0c898-6e20-7407-9f22-2f32608a7f85,yes,yes,0,KXBTC15M-26SEP220615-15,0723eaf9-d2b9-a901-fd09-4bc7c1745019,1790071828,0.0220
sell,ask,4.00,2026-09-22T10:05:33.87616Z,2,0.044800,0723eadc-5ec1-a3ce-e3a5-b258da22a3b3,True,KXBTC15M-26SEP220615-15,0.8000,01a0c893-edc8-7559-9d93-dbf33c888273,no,no,0,KXBTC15M-26SEP220615-15,0723eadc-5ec1-a3ce-e3a5-b258da22a3b3,1790071533,0.2000
buy,bid,4.00,2026-09-22T09:55:56.807522Z,2,0.027500,0723eaa7-6479-8461-28ee-e74b9f3fbd6a,True,KXBTC15M-26SEP220600-00,0.1100,01a0c88b-1fe0-7d90-a476-113d3b7007b7,yes,yes,0,KXBTC15M-26SEP220600-00,0723eaa7-6479-8461-28ee-e74b9f3fbd6a,1790070956,0.8900
sell,ask,4.00,2026-09-22T09:55:46.995595Z,2,0.027500,0723eaa1-17a9-9f0f-f56c-c3f797f9ff87,True,KXBTC15M-26SEP220600-00,0.1100,01a0c88a-f8d0-7996-90d4-7b77084cab0e,no,no,0,KXBTC15M-26SEP220600-00,0723eaa1-17a9-9f0f-f56c-c3f797f9ff87,1790070946,0.8900
buy,bid,4.00,2026-09-22T09:55:30.857722Z,2,0.022100,0723eaa0-5311-a842-95ca-c76ab61e6f59,True,KXBTC15M-26SEP220600-00,0.0860,01a0c88a-ba50-77d9-8bf2-d02dceefbe6e,yes,yes,0,KXBTC15M-26SEP220600-00,0723eaa0-5311-a842-95ca-c76ab61e6f59,1790070930,0.9140
sell,ask,4.00,2026-09-22T09:55:21.210223Z,2,0.027500,0723eaa0-d7d1-a013-182a-c5a5b0af44b0,True,KXBTC15M-26SEP220600-00,0.1100,01a0c88a-9728-7756-a467-882411a78937,no,no,0,KXBTC15M-26SEP220600-00,0723eaa0-d7d1-a013-182a-c5a5b0af44b0,1790070921,0.8900
buy,bid,4.00,2026-09-22T09:55:04.955124Z,2,0.037700,0723eaa3-07c1-ba69-b7a7-ff92478aa23a,True,KXBTC15M-26SEP220600-00,0.1600,01a0c88a-54c0-730a-8e06-fc7869d7d6d4,yes,yes,0,KXBTC15M-26SEP220600-00,0723eaa3-07c1-ba69-b7a7-ff92478aa23a,1790070904,0.8400
sell,ask,4.00,2026-09-22T09:54:55.171599Z,2,0.031700,0723eaa2-efa9-ae8e-974c-9e41cbbdc8d9,True,KXBTC15M-26SEP220600-00,0.1300,01a0c88a-3198-7535-80d4-ffaea4a6de6e,no,no,0,KXBTC15M-26SEP220600-00,0723eaa2-efa9-ae8e-974c-9e41cbbdc8d9,1790070895,0.8700
buy,bid,4.00,2026-09-22T09:54:17.971669Z,2,0.025200,0723eaaf-ede1-945e-2146-41b001bf97c3,True,KXBTC15M-26SEP220600-00,0.1000,01a0c889-9d28-78c6-a646-c3c56e438a9f,yes,yes,0,KXBTC15M-26SEP220600-00,0723eaaf-ede1-945e-2146-41b001bf97c3,1790070857,0.9000
sell,ask,1.00,2026-09-22T09:54:08.297838Z,2,0.005000,0723eaac-9201-a33e-d230-f90d9be1be4e,True,KXBTC15M-26SEP220600-00,0.0780,01a0c889-7a00-7726-9c04-51e1a0340f06,no,no,0,KXBTC15M-26SEP220600-00,0723eaac-9201-a33e-d230-f90d9be1be4e,1790070848,0.9220
sell,ask,3.00,2026-09-22T09:54:08.297838Z,2,0.015200,0723eaac-9201-a044-c2ae-558a49fee75c,True,KXBTC15M-26SEP220600-00,0.0780,01a0c889-7a00-7726-9c04-51e1a0340f06,no,no,0,KXBTC15M-26SEP220600-00,0723eaac-9201-a044-c2ae-558a49fee75c,1790070848,0.9220
buy,bid,4.00,2026-09-22T09:53:00.595149Z,2,0.066700,0723eaa9-adf9-b518-1bf4-51cb6f1ebc1d,True,KXBTC15M-26SEP220600-00,0.3900,01a0c888-7060-7302-af62-042d22d01696,yes,yes,0,KXBTC15M-26SEP220600-00,0723eaa9-adf9-b518-1bf4-51cb6f1ebc1d,1790070780,0.6100
sell,ask,4.00,2026-09-22T09:50:48.014565Z,2,0.068300,0723ea9c-e081-adb4-adbb-5f2a12898959,True,KXBTC15M-26SEP220600-00,0.5800,01a0c886-6cc0-760d-8838-7dd9806b3b6c,no,no,0,KXBTC15M-26SEP220600-00,0723ea9c-e081-adb4-adbb-5f2a12898959,1790070648,0.4200
buy,bid,4.00,2026-09-22T09:38:50.060145Z,2,0.052500,0723e996-9469-bd65-9b23-5374411c16b6,True,KXBTC15M-26SEP220545-45,0.2500,01a0c87b-7810-739c-8f82-6c43097d57d8,yes,yes,0,KXBTC15M-26SEP220545-45,0723e996-9469-bd65-9b23-5374411c16b6,1790069930,0.7500
sell,ask,4.00,2026-09-22T09:38:40.147679Z,2,0.048100,0723e996-4eb1-9f29-d5d8-ca863e032815,True,KXBTC15M-26SEP220545-45,0.2200,01a0c87b-5100-792e-962a-ac934755fb73,no,no,0,KXBTC15M-26SEP220545-45,0723e996-4eb1-9f29-d5d8-ca863e032815,1790069920,0.7800
buy,bid,4.00,2026-09-22T09:28:47.632714Z,2,0.002300,0723e9b8-e419-af5f-930c-99f1f8fd0885,True,KXBTC15M-26SEP220530-30,0.9920,01a0c872-4498-76bb-876e-ab849431a740,yes,yes,0,KXBTC15M-26SEP220530-30,0723e9b8-e419-af5f-930c-99f1f8fd0885,1790069327,0.0080
sell,ask,4.00,2026-09-22T09:26:09.405931Z,2,0.025200,0723e9da-cb81-a326-0b27-2d3b3df1a301,True,KXBTC15M-26SEP220530-30,0.9000,01a0c86f-db68-7697-ac91-8a52fb232f80,no,no,0,KXBTC15M-26SEP220530-30,0723e9da-cb81-a326-0b27-2d3b3df1a301,1790069169,0.1000
sell,ask,4.00,2026-09-22T08:26:29.688428Z,2,0.065300,0723e8dd-df19-9546-561e-a58de135b303,True,KXBTC15M-26SEP220430-30,0.6300,01a0c839-3b08-7a01-b3d1-2866e1114185,no,no,0,KXBTC15M-26SEP220430-30,0723e8dd-df19-9546-561e-a58de135b303,1790065589,0.3700
buy,bid,4.00,2026-09-22T08:21:23.523877Z,2,0.066000,0723e8e6-b531-aaca-0379-8cbd46f6eb10,True,KXBTC15M-26SEP220430-30,0.3800,01a0c834-8fb8-7710-a415-64545c9d4142,yes,yes,0,KXBTC15M-26SEP220430-30,0723e8e6-b531-aaca-0379-8cbd46f6eb10,1790065283,0.6200
sell,ask,4.00,2026-09-22T07:56:56.691173Z,2,0.007400,0723e866-9841-910e-108c-e498f5785a88,True,KXBTC15M-26SEP220400-00,0.0270,01a0c81e-2d40-7a6c-ac26-94a5dc4ce91b,no,no,0,KXBTC15M-26SEP220400-00,0723e866-9841-910e-108c-e498f5785a88,1790063816,0.9730
buy,bid,4.00,2026-09-22T07:51:14.162315Z,2,0.046500,0723e87b-0cb9-9862-1678-8b6229ea358f,True,KXBTC15M-26SEP220400-00,0.2100,01a0c818-f550-79cf-af6a-d40e6ff1c4e3,yes,yes,0,KXBTC15M-26SEP220400-00,0723e87b-0cb9-9862-1678-8b6229ea358f,1790063474,0.7900
buy,bid,4.00,2026-09-22T07:43:26.701746Z,2,0.012600,0723e856-f969-bc91-0ed6-2d8cb67fc278,True,KXBTC15M-26SEP220345-45,0.9530,01a0c811-d130-71cc-a02a-90e19e396863,yes,yes,0,KXBTC15M-26SEP220345-45,0723e856-f969-bc91-0ed6-2d8cb67fc278,1790063006,0.0470
sell,ask,4.00,2026-09-22T07:41:13.348893Z,2,0.046500,0723e830-e361-85f3-e38a-7a73878bd5fc,True,KXBTC15M-26SEP220345-45,0.7900,01a0c80f-c9a8-7d28-9820-0cffd210326a,no,no,0,KXBTC15M-26SEP220345-45,0723e830-e361-85f3-e38a-7a73878bd5fc,1790062873,0.2100
buy,bid,4.00,2026-09-22T07:40:43.389972Z,2,0.065300,0723e832-0171-99b5-51a7-7ae38dd4d878,True,KXBTC15M-26SEP220345-45,0.6300,01a0c80f-5478-7b7e-b378-714c8c765dfa,yes,yes,0,KXBTC15M-26SEP220345-45,0723e832-0171-99b5-51a7-7ae38dd4d878,1790062843,0.3700
sell,ask,4.00,2026-09-22T07:35:01.511986Z,2,0.039600,0723e82d-fa89-aa39-873e-332c7d395755,True,KXBTC15M-26SEP220345-45,0.8300,01a0c80a-1c88-76e3-886d-5edcff8259cf,no,no,0,KXBTC15M-26SEP220345-45,0723e82d-fa89-aa39-873e-332c7d395755,1790062501,0.1700
buy,bid,4.00,2026-09-22T07:25:58.850109Z,2,0.006300,0723e806-9eb1-9c35-7f1e-6f27a004e538,True,KXBTC15M-26SEP220330-30,0.9770,01a0c801-d370-781a-bd58-c96968701967,yes,yes,0,KXBTC15M-26SEP220330-30,0723e806-9eb1-9c35-7f1e-6f27a004e538,1790061958,0.0230
sell,ask,4.00,2026-09-22T07:20:25.694614Z,2,0.041400,0723d80e-4c79-ae1f-89a8-9ab1cbaf8118,True,KXBTC15M-26SEP220330-30,0.8200,01a0c7fc-bea8-7428-8863-5998f7b57ba4,no,no,0,KXBTC15M-26SEP220330-30,0723d80e-4c79-ae1f-89a8-9ab1cbaf8118,1790061625,0.1800
buy,bid,3.99,2026-09-22T07:11:52.986067Z,2,0.017910,0723d827-41c1-9bb1-e7f9-46e1d038d384,True,KXBTC15M-26SEP220315-15,0.0690,01a0c7f4-eac0-78ca-96f2-41d86e8ce56d,yes,yes,0,KXBTC15M-26SEP220315-15,0723d827-41c1-9bb1-e7f9-46e1d038d384,1790061112,0.9310
buy,bid,0.01,2026-09-22T07:11:52.986067Z,2,0.000090,0723d827-41c1-98d8-cd1c-b45f5f6c065d,True,KXBTC15M-26SEP220315-15,0.0690,01a0c7f4-eac0-78ca-96f2-41d86e8ce56d,yes,yes,0,KXBTC15M-26SEP220315-15,0723d827-41c1-98d8-cd1c-b45f5f6c065d,1790061112,0.9310
sell,ask,4.00,2026-09-22T07:11:43.330727Z,2,0.017800,0723d827-d9f9-b831-7a7b-6a18c0dab77c,True,KXBTC15M-26SEP220315-15,0.0680,01a0c7f4-c798-726b-b6f6-6d8bfc78552c,no,no,0,KXBTC15M-26SEP220315-15,0723d827-d9f9-b831-7a7b-6a18c0dab77c,1790061103,0.9320
buy,bid,4.00,2026-09-22T07:10:43.392197Z,2,0.027500,0723d83c-adb1-82ac-f625-96e773e168bd,True,KXBTC15M-26SEP220315-15,0.1100,01a0c7f3-dd38-7f4f-91b1-a4d2743262aa,yes,yes,0,KXBTC15M-26SEP220315-15,0723d83c-adb1-82ac-f625-96e773e168bd,1790061043,0.8900
sell,ask,4.00,2026-09-22T07:10:12.101454Z,2,0.056500,0723d83e-f4a1-936e-d294-a11adb2366df,True,KXBTC15M-26SEP220315-15,0.2800,01a0c7f3-6420-79a2-9918-4afd152b531f,no,no,0,KXBTC15M-26SEP220315-15,0723d83e-f4a1-936e-d294-a11adb2366df,1790061012,0.7200
buy,bid,4.00,2026-09-22T06:58:46.690554Z,2,0.000900,0723d84b-0401-99ba-4d45-c69e05e3b510,True,KXBTC15M-26SEP220300-00,0.9970,01a0c7e8-ec70-7b44-b844-6bf77f7393eb,yes,yes,0,KXBTC15M-26SEP220300-00,0723d84b-0401-99ba-4d45-c69e05e3b510,1790060326,0.0030
sell,ask,4.00,2026-09-22T06:55:29.556575Z,2,0.027500,0723d84b-fa41-8f89-817c-2a3446b5bd2d,True,KXBTC15M-26SEP220300-00,0.8900,01a0c7e5-eae8-7c91-891e-0550ca8ebbd2,no,no,0,KXBTC15M-26SEP220300-00,0723d84b-fa41-8f89-817c-2a3446b5bd2d,1790060129,0.1100
sell,ask,4.00,2026-09-22T06:43:48.316723Z,2,0.001700,0723d8b7-e371-a8c7-e17d-7201732f245b,True,KXBTC15M-26SEP220245-45,0.0060,01a0c7db-38a0-76ff-93c9-9d5c275f8cba,no,no,0,KXBTC15M-26SEP220245-45,0723d8b7-e371-a8c7-e17d-7201732f245b,1790059428,0.9940
buy,bid,4.00,2026-09-22T06:35:25.441428Z,2,0.027500,0723d89c-c481-9795-9540-7598aa2f3a10,True,KXBTC15M-26SEP220245-45,0.1100,01a0c7d3-8bc8-7946-89cf-7a8d9cd7b847,yes,yes,0,KXBTC15M-26SEP220245-45,0723d89c-c481-9795-9540-7598aa2f3a10,1790058925,0.8900
buy,bid,8.00,2026-09-22T06:26:43.465812Z,2,0.134400,0723d8e5-c231-af83-f7fd-13270203b531,True,KXBTC15M-26SEP220230-30,0.6000,01a0c7cb-94b8-74e9-95a1-68c6cbd828bf,yes,yes,0,KXBTC15M-26SEP220230-30,0723d8e5-c231-af83-f7fd-13270203b531,1790058403,0.4000
sell,ask,8.00,2026-09-22T06:20:03.479738Z,2,0.099200,0723d8d0-9eb1-9fd1-3a47-0eec497fcc0a,True,KXBTC15M-26SEP220230-30,0.7700,01a0c7c5-7a38-782b-ab82-a8b898f9be9e,no,no,0,KXBTC15M-26SEP220230-30,0723d8d0-9eb1-9fd1-3a47-0eec497fcc0a,1790058003,0.2300
buy,bid,8.00,2026-09-22T06:09:42.500132Z,2,0.099200,0723d94b-f111-8395-3e69-ab010af766de,True,KXBTC15M-26SEP220215-15,0.7700,01a0c7bc-0070-7dfa-a864-bdb6c0e722dd,yes,yes,0,KXBTC15M-26SEP220215-15,0723d94b-f111-8395-3e69-ab010af766de,1790057382,0.2300
sell,ask,8.00,2026-09-22T06:08:14.372076Z,2,0.086200,0723d950-0609-9c18-8fb0-43667621589f,True,KXBTC15M-26SEP220215-15,0.8100,01a0c7ba-a8b0-794d-8fae-1a313d397ccc,no,no,0,KXBTC15M-26SEP220215-15,0723d950-0609-9c18-8fb0-43667621589f,1790057294,0.1900
buy,bid,8.00,2026-09-22T06:07:58.041357Z,2,0.075300,0723d953-caa1-a256-2310-a1da21730b9f,True,KXBTC15M-26SEP220215-15,0.8400,01a0c7ba-6a30-74e9-afda-5aa82837ef4b,yes,yes,0,KXBTC15M-26SEP220215-15,0723d953-caa1-a256-2310-a1da21730b9f,1790057278,0.1600
sell,ask,8.00,2026-09-22T06:05:24.820985Z,2,0.123900,0723d958-5221-b507-adef-372ae7ed1b4b,True,KXBTC15M-26SEP220215-15,0.6700,01a0c7b8-10a0-715a-8c29-9a10105a0a86,no,no,0,KXBTC15M-26SEP220215-15,0723d958-5221-b507-adef-372ae7ed1b4b,1790057124,0.3300
sell,ask,7.98,2026-09-22T05:58:13.177891Z,2,0.005500,0723d974-8929-a985-dee0-bbedb64c9257,True,KXBTC15M-26SEP220200-00,0.0100,01a0c7b1-7d08-7432-9a2d-9ce4c6f608df,no,no,0,KXBTC15M-26SEP220200-00,0723d974-8929-a985-dee0-bbedb64c9257,1790056693,0.9900
sell,ask,0.01,2026-09-22T05:58:13.177891Z,2,0.000100,0723d974-8929-a423-d857-5c8763e78fbe,True,KXBTC15M-26SEP220200-00,0.0100,01a0c7b1-7d08-7432-9a2d-9ce4c6f608df,no,no,0,KXBTC15M-26SEP220200-00,0723d974-8929-a423-d857-5c8763e78fbe,1790056693,0.9900
sell,ask,0.01,2026-09-22T05:58:13.177891Z,2,0.000000,0723d974-8929-a329-f794-228842378c5f,True,KXBTC15M-26SEP220200-00,0.0100,01a0c7b1-7d08-7432-9a2d-9ce4c6f608df,no,no,0,KXBTC15M-26SEP220200-00,0723d974-8929-a329-f794-228842378c5f,1790056693,0.9900
buy,bid,8.00,2026-09-22T05:50:03.889891Z,2,0.079100,0723d901-f4f1-9f03-dd2a-226e81d24b36,True,KXBTC15M-26SEP220200-00,0.1700,01a0c7aa-02f8-7939-982e-968a20838712,yes,yes,0,KXBTC15M-26SEP220200-00,0723d901-f4f1-9f03-dd2a-226e81d24b36,1790056203,0.8300
sell,ask,1.02,2026-09-22T05:40:29.012253Z,2,0.002720,0723d924-3631-9ce8-e6b0-391aa06c5469,True,KXBTC15M-26SEP220145-45,0.0390,01a0c7a1-40c8-7afc-9779-9a9b2f2cdc4b,no,no,0,KXBTC15M-26SEP220145-45,0723d924-3631-9ce8-e6b0-391aa06c5469,1790055629,0.9610
buy,bid,0.01,2026-09-22T05:38:07.141893Z,2,0.000200,0723d9e3-5629-a9e1-2a2a-a8a183f3aad7,True,KXBTC15M-26SEP220145-45,0.2200,01a0c79f-1618-743d-a2ec-1a2f2fdaca24,yes,yes,0,KXBTC15M-26SEP220145-45,0723d9e3-5629-a9e1-2a2a-a8a183f3aad7,1790055487,0.7800
buy,bid,1.00,2026-09-22T05:38:07.141893Z,2,0.012000,0723d9e3-4e79-a39b-2cbb-29cb332c555b,True,KXBTC15M-26SEP220145-45,0.2200,01a0c79f-1618-743d-a2ec-1a2f2fdaca24,yes,yes,0,KXBTC15M-26SEP220145-45,0723d9e3-4e79-a39b-2cbb-29cb332c555b,1790055487,0.7800
buy,bid,0.01,2026-09-22T05:38:07.141893Z,2,0.000100,0723d9e3-4e79-a1ab-0187-9832ab336196,True,KXBTC15M-26SEP220145-45,0.2200,01a0c79f-1618-743d-a2ec-1a2f2fdaca24,yes,yes,0,KXBTC15M-26SEP220145-45,0723d9e3-4e79-a1ab-0187-9832ab336196,1790055487,0.7800
buy,bid,8.00,2026-09-22T05:26:13.541726Z,2,0.010500,0723d9c4-f529-a234-3613-6551cb7dab17,True,KXBTC15M-26SEP220130-30,0.9810,01a0c794-3108-7730-adff-24a8566d1b3a,yes,yes,0,KXBTC15M-26SEP220130-30,0723d9c4-f529-a234-3613-6551cb7dab17,1790054773,0.0190
sell,ask,8.00,2026-09-22T05:23:19.620513Z,2,0.082700,0723d9d6-9b59-8f47-6ba5-c5c419a27d77,True,KXBTC15M-26SEP220130-30,0.8200,01a0c791-8958-7f95-b763-6ff908c9e66c,no,no,0,KXBTC15M-26SEP220130-30,0723d9d6-9b59-8f47-6ba5-c5c419a27d77,1790054599,0.1800
buy,bid,8.00,2026-09-22T05:13:47.273596Z,2,0.017400,0723d9ab-f519-8c7d-72c9-4977f3dadb18,True,KXBTC15M-26SEP220115-15,0.9680,01a0c788-cef8-7fd4-b66c-7eaca319db00,yes,yes,0,KXBTC15M-26SEP220115-15,0723d9ab-f519-8c7d-72c9-4977f3dadb18,1790054027,0.0320
sell,ask,8.00,2026-09-22T05:12:41.769511Z,2,0.099200,0723d998-f989-9ab6-702b-339a65d0b58c,True,KXBTC15M-26SEP220115-15,0.7700,01a0c787-cd28-7a37-b448-ec22500ca614,no,no,0,KXBTC15M-26SEP220115-15,0723d998-f989-9ab6-702b-339a65d0b58c,1790053961,0.2300
sell,ask,0.01,2026-09-22T05:12:12.484714Z,2,0.000200,0723d99a-3461-af3a-e50f-6f0a2044ab07,True,KXBTC15M-26SEP220115-15,0.6000,01a0c787-5be0-77ec-971f-cf9bf1122fba,no,no,0,KXBTC15M-26SEP220115-15,0723d99a-3461-af3a-e50f-6f0a2044ab07,1790053932,0.4000
sell,ask,0.01,2026-09-22T05:12:12.484714Z,2,0.000200,0723d99a-3461-a918-f5cd-7805d9311e14,True,KXBTC15M-26SEP220115-15,0.6000,01a0c787-5be0-77ec-971f-cf9bf1122fba,no,no,0,KXBTC15M-26SEP220115-15,0723d99a-3461-a918-f5cd-7805d9311e14,1790053932,0.4000
sell,ask,1.00,2026-09-22T05:12:12.484714Z,2,0.016800,0723d99a-3461-a87e-f7f7-e7bcbfd28c90,True,KXBTC15M-26SEP220115-15,0.6000,01a0c787-5be0-77ec-971f-cf9bf1122fba,no,no,0,KXBTC15M-26SEP220115-15,0723d99a-3461-a87e-f7f7-e7bcbfd28c90,1790053932,0.4000
sell,ask,6.98,2026-09-22T05:12:12.484714Z,2,0.117200,0723d99a-3461-a33c-c009-a8e589e39756,True,KXBTC15M-26SEP220115-15,0.6000,01a0c787-5be0-77ec-971f-cf9bf1122fba,no,no,0,KXBTC15M-26SEP220115-15,0723d99a-3461-a33c-c009-a8e589e39756,1790053932,0.4000
buy,bid,8.00,2026-09-22T05:07:39.368686Z,2,0.123900,0723d98f-e871-aa25-263c-35230c9c2278,True,KXBTC15M-26SEP220115-15,0.3300,01a0c783-3178-75e3-a908-6b79120c8719,yes,yes,0,KXBTC15M-26SEP220115-15,0723d98f-e871-aa25-263c-35230c9c2278,1790053659,0.6700
sell,ask,7.99,2026-09-22T04:57:12.83853Z,2,0.016200,0723da9f-2141-8b6c-f8aa-b76c1906c09c,True,KXBTC15M-26SEP220100-00,0.9700,01a0c779-a040-7c7f-9bbd-38675ed84f0a,no,no,0,KXBTC15M-26SEP220100-00,0723da9f-2141-8b6c-f8aa-b76c1906c09c,1790053032,0.0300
sell,ask,0.01,2026-09-22T04:57:12.83853Z,2,0.000110,0723da9f-2141-8325-ce9d-19025ec4fb49,True,KXBTC15M-26SEP220100-00,0.9690,01a0c779-a040-7c7f-9bbd-38675ed84f0a,no,no,0,KXBTC15M-26SEP220100-00,0723da9f-2141-8325-ce9d-19025ec4fb49,1790053032,0.0310
buy,bid,8.00,2026-09-22T04:57:02.846106Z,2,0.023100,0723da9c-9df1-b53c-3647-801c19294d04,True,KXBTC15M-26SEP220100-00,0.9570,01a0c779-7930-70c3-a209-ce58cf97dd38,yes,yes,0,KXBTC15M-26SEP220100-00,0723da9c-9df1-b53c-3647-801c19294d04,1790053022,0.0430
sell,ask,8.00,2026-09-22T04:56:46.915271Z,2,0.039800,0723da9d-d071-99b4-22d0-6dbd3dccf2db,True,KXBTC15M-26SEP220100-00,0.9230,01a0c779-3ab0-7b72-a29f-c5b81e526de2,no,no,0,KXBTC15M-26SEP220100-00,0723da9d-d071-99b4-22d0-6dbd3dccf2db,1790053006,0.0770
buy,bid,0.01,2026-09-22T04:56:43.521334Z,2,0.000010,0723da9d-9519-ae9c-bc8b-be28f8695454,True,KXBTC15M-26SEP220100-00,0.9310,01a0c779-2ef8-7557-89d1-fcfe28622f5f,yes,yes,0,KXBTC15M-26SEP220100-00,0723da9d-9519-ae9c-bc8b-be28f8695454,1790053003,0.0690
buy,bid,0.01,2026-09-22T04:56:43.521334Z,2,0.000110,0723da9d-9519-ad7b-b459-1452575762cd,True,KXBTC15M-26SEP220100-00,0.9310,01a0c779-2ef8-7557-89d1-fcfe28622f5f,yes,yes,0,KXBTC15M-26SEP220100-00,0723da9d-9519-ad7b-b459-1452575762cd,1790053003,0.0690
buy,bid,7.98,2026-09-22T04:56:43.521334Z,2,0.035880,0723da9d-9519-a86a-b650-066e3fcaff34,True,KXBTC15M-26SEP220100-00,0.9310,01a0c779-2ef8-7557-89d1-fcfe28622f5f,yes,yes,0,KXBTC15M-26SEP220100-00,0723da9d-9519-a86a-b650-066e3fcaff34,1790053003,0.0690
buy,bid,8.00,2026-09-22T04:56:12.424286Z,2,0.059200,0723da9a-7991-9e55-af05-5143fa5db28b,True,KXBTC15M-26SEP220100-00,0.8800,01a0c778-b5e0-7962-8d34-747c9a0709a3,yes,yes,0,KXBTC15M-26SEP220100-00,0723da9a-7991-9e55-af05-5143fa5db28b,1790052972,0.1200
sell,ask,8.00,2026-09-22T04:50:06.334398Z,2,0.132000,0723dabf-a0f1-b26b-a9ef-320017d8577a,True,KXBTC15M-26SEP220100-00,0.6200,01a0c773-2030-7096-888e-0a406912b0be,no,no,0,KXBTC15M-26SEP220100-00,0723dabf-a0f1-b26b-a9ef-320017d8577a,1790052606,0.3800
sell,ask,8.00,2026-09-22T04:42:28.719539Z,2,0.129100,0723dadc-93b9-bdbf-7b9c-6065dfe898be,True,KXBTC15M-26SEP220045-45,0.3600,01a0c76c-2320-73b1-ba1b-8c0b58b11aae,no,no,0,KXBTC15M-26SEP220045-45,0723dadc-93b9-bdbf-7b9c-6065dfe898be,1790052148,0.6400
buy,bid,8.00,2026-09-22T04:41:58.009208Z,2,0.110400,0723dac5-1dc9-86e0-de1c-94c4ad25d785,True,KXBTC15M-26SEP220045-45,0.2700,01a0c76b-adf0-7fce-97d3-960fdc8135e4,yes,yes,0,KXBTC15M-26SEP220045-45,0723dac5-1dc9-86e0-de1c-94c4ad25d785,1790052118,0.7300
buy,bid,0.61,2026-09-22T04:41:38.559829Z,2,0.010600,0723dac6-2741-9c8a-597e-a4b8461ff44c,True,KXBTC15M-26SEP220045-45,0.4700,01a0c76b-5fd0-7af8-bd5b-c19f0b4886b3,yes,yes,0,KXBTC15M-26SEP220045-45,0723dac6-2741-9c8a-597e-a4b8461ff44c,1790052098,0.5300
buy,bid,7.39,2026-09-22T04:41:38.559829Z,2,0.128900,0723dac6-2741-973c-7637-27f925c971a2,True,KXBTC15M-26SEP220045-45,0.4700,01a0c76b-5fd0-7af8-bd5b-c19f0b4886b3,yes,yes,0,KXBTC15M-26SEP220045-45,0723dac6-2741-973c-7637-27f925c971a2,1790052098,0.5300
sell,ask,8.00,2026-09-22T04:41:09.082862Z,2,0.119800,0723dac1-5081-8148-cde3-e4ec8b01691c,True,KXBTC15M-26SEP220045-45,0.6900,01a0c76a-ee88-7f37-925f-09742a62d2ec,no,no,0,KXBTC15M-26SEP220045-45,0723dac1-5081-8148-cde3-e4ec8b01691c,1790052069,0.3100
sell,ask,8.00,2026-09-22T04:40:45.229728Z,2,0.119800,0723dac0-d3e9-87d5-5e6f-877296f2fa5b,True,KXBTC15M-26SEP220045-45,0.6900,01a0c76a-90c8-7f06-b389-11f26b30b3cb,no,no,0,KXBTC15M-26SEP220045-45,0723dac0-d3e9-87d5-5e6f-877296f2fa5b,1790052045,0.3100
buy,bid,8.00,2026-09-22T04:40:41.245768Z,2,0.135500,0723dac3-f8f9-9b88-f04e-1c07ce67466f,True,KXBTC15M-26SEP220045-45,0.5900,01a0c76a-8128-7b83-9a86-4907eccaa576,yes,yes,0,KXBTC15M-26SEP220045-45,0723dac3-f8f9-9b88-f04e-1c07ce67466f,1790052041,0.4100
sell,ask,8.00,2026-09-22T04:39:17.773981Z,2,0.136500,0723dacd-dd29-8698-3a89-0a79aa519e03,True,KXBTC15M-26SEP220045-45,0.4200,01a0c769-3908-7f5a-a52c-e0f8e5c50018,no,no,0,KXBTC15M-26SEP220045-45,0723dacd-dd29-8698-3a89-0a79aa519e03,1790051957,0.5800
buy,bid,8.00,2026-09-22T04:39:13.598646Z,2,0.138000,0723dacd-8021-ad99-6ee5-a0d6b7d656d9,True,KXBTC15M-26SEP220045-45,0.4400,01a0c769-2968-75b6-be01-d83111d71fcb,yes,yes,0,KXBTC15M-26SEP220045-45,0723dacd-8021-ad99-6ee5-a0d6b7d656d9,1790051953,0.5600
buy,bid,8.00,2026-09-22T04:38:29.167414Z,2,0.140000,0723dac9-8f81-a01d-7f2b-1094c0a2757b,True,KXBTC15M-26SEP220045-45,0.5000,01a0c768-7d88-748f-b34e-6211913efe13,yes,yes,0,KXBTC15M-26SEP220045-45,0723dac9-8f81-a01d-7f2b-1094c0a2757b,1790051909,0.5000
sell,ask,8.00,2026-09-22T04:35:04.46061Z,2,0.105000,0723daf0-27f1-9919-53fa-609eb840f070,True,KXBTC15M-26SEP220045-45,0.7500,01a0c765-5cc0-7ab7-bcb2-97a741e02d02,no,no,0,KXBTC15M-26SEP220045-45,0723daf0-27f1-9919-53fa-609eb840f070,1790051704,0.2500
buy,bid,8.00,2026-09-22T04:28:42.951094Z,2,0.138000,0723da21-aad1-8d7e-ecb0-da7ba52a725b,True,KXBTC15M-26SEP220030-30,0.5600,01a0c75f-8890-7c40-92e0-04f553d1dc17,yes,yes,0,KXBTC15M-26SEP220030-30,0723da21-aad1-8d7e-ecb0-da7ba52a725b,1790051322,0.4400
sell,ask,8.00,2026-09-22T04:20:01.464035Z,2,0.099200,0723da08-3d01-8e2d-9825-6f0f95efce3c,True,KXBTC15M-26SEP220030-30,0.7700,01a0c757-9568-7e12-8b1e-b727a30da877,no,no,0,KXBTC15M-26SEP220030-30,0723da08-3d01-8e2d-9825-6f0f95efce3c,1790050801,0.2300
buy,bid,43.30,2026-09-22T03:56:22.078922Z,2,0.163000,0723da46-5349-bd71-cae4-42bc10392e04,True,KXBTC15M-26SEP220000-00,0.0570,01a0c741-ee70-724e-9f09-efc2f76e9f01,yes,yes,0,KXBTC15M-26SEP220000-00,0723da46-5349-bd71-cae4-42bc10392e04,1790049382,0.9430
sell,ask,8.00,2026-09-22T03:51:28.587014Z,2,0.127400,0723dbc8-ba01-8f5f-b8f2-5bea0ecea99d,True,KXBTC15M-26SEP220000-00,0.3500,01a0c73d-7200-7e6e-8a62-c1b9d6fe827d,no,no,0,KXBTC15M-26SEP220000-00,0723dbc8-ba01-8f5f-b8f2-5bea0ecea99d,1790049088,0.6500
buy,bid,8.00,2026-09-22T03:50:07.721593Z,2,0.115400,0723dbcc-fba9-af47-2e72-cbbcc33b78fe,True,KXBTC15M-26SEP220000-00,0.2900,01a0c73c-3598-7587-a10f-b6705b36af5b,yes,yes,0,KXBTC15M-26SEP220000-00,0723dbcc-fba9-af47-2e72-cbbcc33b78fe,1790049007,0.7100
buy,bid,8.00,2026-09-22T03:43:43.556544Z,2,0.000600,0723dbef-6901-9781-7cce-d0a2e865c7c2,True,KXBTC15M-26SEP212345-45,0.9990,01a0c736-5998-7abb-bf9a-57cc26a5b922,yes,yes,0,KXBTC15M-26SEP212345-45,0723dbef-6901-9781-7cce-d0a2e865c7c2,1790048623,0.0010
sell,ask,8.00,2026-09-22T03:39:23.129255Z,2,0.075300,0723dbfb-d1a1-ab47-6bf6-a61f4c069f69,True,KXBTC15M-26SEP212345-45,0.8400,01a0c732-61f8-74e2-b472-49db17b610ba,no,no,0,KXBTC15M-26SEP212345-45,0723dbfb-d1a1-ab47-6bf6-a61f4c069f69,1790048363,0.1600
buy,bid,1.00,2026-09-22T03:38:43.465052Z,2,0.009900,0723dbf6-d359-8efa-498c-ec2e4b68c84d,True,KXBTC15M-26SEP212345-45,0.8300,01a0c731-c5b8-7c9f-bc75-338cc9e8394e,yes,yes,0,KXBTC15M-26SEP212345-45,0723dbf6-d359-8efa-498c-ec2e4b68c84d,1790048323,0.1700
buy,bid,6.98,2026-09-22T03:38:43.465052Z,2,0.069000,0723dbf6-d359-8bc2-51b7-c038a776ec0d,True,KXBTC15M-26SEP212345-45,0.8300,01a0c731-c5b8-7c9f-bc75-338cc9e8394e,yes,yes,0,KXBTC15M-26SEP212345-45,0723dbf6-d359-8bc2-51b7-c038a776ec0d,1790048323,0.1700
buy,bid,0.01,2026-09-22T03:38:43.465052Z,2,0.000100,0723dbf6-d359-878d-6b36-eb20b1504d9b,True,KXBTC15M-26SEP212345-45,0.8300,01a0c731-c5b8-7c9f-bc75-338cc9e8394e,yes,yes,0,KXBTC15M-26SEP212345-45,0723dbf6-d359-878d-6b36-eb20b1504d9b,1790048323,0.1700
buy,bid,0.01,2026-09-22T03:38:43.465052Z,2,0.000100,0723dbf6-d359-81fc-532e-78f6a052a793,True,KXBTC15M-26SEP212345-45,0.8300,01a0c731-c5b8-7c9f-bc75-338cc9e8394e,yes,yes,0,KXBTC15M-26SEP212345-45,0723dbf6-d359-81fc-532e-78f6a052a793,1790048323,0.1700
sell,ask,8.00,2026-09-22T03:35:02.049494Z,2,0.129100,0723db97-d6c1-ad1d-cc03-ada89db558a8,True,KXBTC15M-26SEP212345-45,0.6400,01a0c72e-6670-7539-998a-8a7073d9354c,no,no,0,KXBTC15M-26SEP212345-45,0723db97-d6c1-ad1d-cc03-ada89db558a8,1790048102,0.3600
sell,ask,8.00,2026-09-22T03:27:58.399692Z,2,0.039800,0723dbb8-56f1-8eba-f731-65063f45a812,True,KXBTC15M-26SEP212330-30,0.0770,01a0c727-ee30-7c57-99bb-6f088e7e5c38,no,no,0,KXBTC15M-26SEP212330-30,0723dbb8-56f1-8eba-f731-65063f45a812,1790047678,0.9230
buy,bid,8.00,2026-09-22T03:27:29.841384Z,2,0.121900,0723dbba-8f49-889f-709d-5b8f805cc2b9,True,KXBTC15M-26SEP212330-30,0.3200,01a0c727-7ce8-7ff9-b3b5-fa8cea199b5b,yes,yes,0,KXBTC15M-26SEP212330-30,0723dbba-8f49-889f-709d-5b8f805cc2b9,1790047649,0.6800
sell,ask,8.00,2026-09-22T03:23:41.957879Z,2,0.063400,0723dbb4-0b69-b541-50c2-e5369e4b1368,True,KXBTC15M-26SEP212330-30,0.8700,01a0c724-0248-715f-b0b3-d96e24bbbf81,no,no,0,KXBTC15M-26SEP212330-30,0723dbb4-0b69-b541-50c2-e5369e4b1368,1790047421,0.1300
buy,bid,8.00,2026-09-22T03:23:38.571339Z,2,0.071400,0723dbac-2cd1-b4e0-08d3-b095d2faf822,True,KXBTC15M-26SEP212330-30,0.8500,01a0c723-f690-73bd-ad3c-409cc99f619d,yes,yes,0,KXBTC15M-26SEP212330-30,0723dbac-2cd1-b4e0-08d3-b095d2faf822,1790047418,0.1500
buy,ask,37.51,2026-09-22T03:11:18.480197Z,2,0.076500,0723db7a-3391-ac07-d5da-dbdabcae912a,True,KXBTC15M-26SEP212315-15,0.9700,01a0c718-abf0-75d1-9b62-4619c5597c1f,no,no,0,KXBTC15M-26SEP212315-15,0723db7a-3391-ac07-d5da-dbdabcae912a,1790046678,0.0300
sell,ask,12.00,2026-09-22T02:41:31.410088Z,2,0.198000,0723dd08-fa99-8e33-6a88-2c2153d79dca,True,KXBTC15M-26SEP212245-45,0.3800,01a0c6fd-6778-7f46-b18c-1b4c2fa8a1c2,no,no,0,KXBTC15M-26SEP212245-45,0723dd08-fa99-8e33-6a88-2c2153d79dca,1790044891,0.6200
buy,bid,12.00,2026-09-22T02:40:07.057671Z,2,0.198000,0723dd0c-6239-8ab4-d757-785c5898b9a4,True,KXBTC15M-26SEP212245-45,0.3800,01a0c6fc-1f58-7df5-9255-98df722b656c,yes,yes,0,KXBTC15M-26SEP212245-45,0723dd0c-6239-8ab4-d757-785c5898b9a4,1790044807,0.6200
buy,bid,12.00,2026-09-22T02:37:38.36724Z,2,0.193600,0723dd1e-b4c1-9784-a875-b9c091190fdd,True,KXBTC15M-26SEP212245-45,0.3600,01a0c6f9-d950-7afa-879b-2b8408333d1a,yes,yes,0,KXBTC15M-26SEP212245-45,0723dd1e-b4c1-9784-a875-b9c091190fdd,1790044658,0.6400
sell,ask,12.00,2026-09-22T02:36:39.396519Z,2,0.207900,0723dd1b-2591-b0d9-9ddb-062ecf5a504b,True,KXBTC15M-26SEP212245-45,0.5500,01a0c6f8-f2d8-71a6-8fc2-e01978480934,no,no,0,KXBTC15M-26SEP212245-45,0723dd1b-2591-b0d9-9ddb-062ecf5a504b,1790044599,0.4500
buy,ask,39.72,2026-09-22T02:12:08.143914Z,2,0.250300,0723dd68-83c1-b4fe-04cb-139f36786302,True,KXBTC15M-26SEP212215-15,0.9000,01a0c6e2-80c0-71c5-ae75-132b7dcc12f0,no,no,0,KXBTC15M-26SEP212215-15,0723dd68-83c1-b4fe-04cb-139f36786302,1790043128,0.1000
buy,bid,10.00,2026-09-22T01:56:44.323061Z,2,0.134700,0723dd85-fef9-bd0e-02fc-6a59de58dc36,True,KXBTC15M-26SEP212200-00,0.7400,01a0c6d4-6760-7364-a080-c24be8f72f4e,yes,yes,0,KXBTC15M-26SEP212200-00,0723dd85-fef9-bd0e-02fc-6a59de58dc36,1790042204,0.2600
buy,bid,2.00,2026-09-22T01:56:44.323061Z,2,0.027000,0723dd85-fef9-b3a2-1281-3518c92ab262,True,KXBTC15M-26SEP212200-00,0.7400,01a0c6d4-6760-7364-a080-c24be8f72f4e,yes,yes,0,KXBTC15M-26SEP212200-00,0723dd85-fef9-b3a2-1281-3518c92ab262,1790042204,0.2600
sell,ask,12.00,2026-09-22T01:56:25.995801Z,2,0.207900,0723dd84-6989-9f77-432f-166c6e4f4f5c,True,KXBTC15M-26SEP212200-00,0.5500,01a0c6d4-1d28-7be1-b34d-2249fdfa439f,no,no,0,KXBTC15M-26SEP212200-00,0723dd84-6989-9f77-432f-166c6e4f4f5c,1790042185,0.4500
buy,bid,12.00,2026-09-22T01:54:05.356532Z,2,0.193600,0723dd96-07b1-86e9-82bc-11c7df01af07,True,KXBTC15M-26SEP212200-00,0.6400,01a0c6d1-fa48-7efe-801d-635beae29ee8,yes,yes,0,KXBTC15M-26SEP212200-00,0723dd96-07b1-86e9-82bc-11c7df01af07,1790042045,0.3600
sell,ask,12.00,2026-09-22T01:53:02.990555Z,2,0.207900,0723dd95-14f1-b949-881e-9efc1a04c15d,True,KXBTC15M-26SEP212200-00,0.5500,01a0c6d1-0430-7171-8035-10886f4dca90,no,no,0,KXBTC15M-26SEP212200-00,0723dd95-14f1-b949-881e-9efc1a04c15d,1790041982,0.4500
buy,ask,33.94,2026-09-22T01:26:59.154662Z,2,0.162860,0723dc5d-8809-ae80-ff77-9952d31a35eb,True,KXBTC15M-26SEP212130-30,0.9260,01a0c6b9-2ab8-760c-9d69-f6b8c9f5daed,no,no,0,KXBTC15M-26SEP212130-30,0723dc5d-8809-ae80-ff77-9952d31a35eb,1790040419,0.0740
buy,bid,0.01,2026-09-22T01:26:23.247372Z,2,0.000050,0723dc5a-e679-a9d5-b4c2-aebded7eac8e,True,KXBTC15M-26SEP212130-30,0.9550,01a0c6b8-9e18-74ef-8e20-a5aee7e14568,yes,yes,0,KXBTC15M-26SEP212130-30,0723dc5a-e679-a9d5-b4c2-aebded7eac8e,1790040383,0.0450
buy,bid,0.01,2026-09-22T01:26:23.247372Z,2,0.000050,0723dc5a-e679-a266-860c-25f1e6068091,True,KXBTC15M-26SEP212130-30,0.9550,01a0c6b8-9e18-74ef-8e20-a5aee7e14568,yes,yes,0,KXBTC15M-26SEP212130-30,0723dc5a-e679-a266-860c-25f1e6068091,1790040383,0.0450
buy,bid,11.98,2026-09-22T01:26:23.247372Z,2,0.037540,0723dc5a-e251-a5db-825f-5ddae695e827,True,KXBTC15M-26SEP212130-30,0.9530,01a0c6b8-9e18-74ef-8e20-a5aee7e14568,yes,yes,0,KXBTC15M-26SEP212130-30,0723dc5a-e251-a5db-825f-5ddae695e827,1790040383,0.0470
sell,ask,12.00,2026-09-22T01:25:09.319303Z,2,0.144200,0723dc6a-8d01-95f6-c549-9791dfc5ffc4,True,KXBTC15M-26SEP212130-30,0.7800,01a0c6b7-7d08-7901-9c8b-4e3dc978b24b,no,no,0,KXBTC15M-26SEP212130-30,0723dc6a-8d01-95f6-c549-9791dfc5ffc4,1790040309,0.2200
sell,ask,12.00,2026-09-22T01:20:08.992907Z,2,0.139400,0723dc79-7041-a8bd-b7c4-9567cade548a,True,KXBTC15M-26SEP212130-30,0.7900,01a0c6b2-e540-742d-8df3-61fb69ff0df2,no,no,0,KXBTC15M-26SEP212130-30,0723dc79-7041-a8bd-b7c4-9567cade548a,1790040008,0.2100
buy,bid,12.00,2026-09-22T01:20:04.862105Z,2,0.144200,0723dc79-8321-ba3d-7900-95646867d5b2,True,KXBTC15M-26SEP212130-30,0.7800,01a0c6b2-d5a0-7168-b08d-c1d64b96680f,yes,yes,0,KXBTC15M-26SEP212130-30,0723dc79-8321-ba3d-7900-95646867d5b2,1790040004,0.2200
buy,bid,12.00,2026-09-22T01:12:58.095272Z,2,0.124000,0723dc1d-1b81-9f32-3df5-9f9188e1ab4d,True,KXBTC15M-26SEP212115-15,0.8200,01a0c6ac-5590-7997-a6c4-da7571a5c006,yes,yes,0,KXBTC15M-26SEP212115-15,0723dc1d-1b81-9f32-3df5-9f9188e1ab4d,1790039578,0.1800
sell,ask,12.00,2026-09-22T01:12:05.534485Z,2,0.161700,0723dc05-9881-97fc-cf5b-921256ff9bdc,True,KXBTC15M-26SEP212115-15,0.7400,01a0c6ab-8688-7964-96be-4be6a5e050a0,no,no,0,KXBTC15M-26SEP212115-15,0723dc05-9881-97fc-cf5b-921256ff9bdc,1790039525,0.2600
buy,ask,29.60,2026-09-22T00:54:42.94608Z,2,0.044600,0723dcf5-e1d9-8742-7980-98ef6f1040c3,True,KXBTC15M-26SEP212100-00,0.9780,01a0c69b-9c50-7cc3-b6d1-fd684ec73f83,no,no,0,KXBTC15M-26SEP212100-00,0723dcf5-e1d9-8742-7980-98ef6f1040c3,1790038482,0.0220
buy,bid,12.00,2026-09-22T00:39:15.826083Z,2,0.148800,0723dcb8-abd9-a1c0-2989-e141b178816f,True,KXBTC15M-26SEP212045-45,0.7700,01a0c68d-7738-7700-ad68-cdd0e7a8da39,yes,yes,0,KXBTC15M-26SEP212045-45,0723dcb8-abd9-a1c0-2989-e141b178816f,1790037555,0.2300
sell,ask,12.00,2026-09-22T00:37:29.813524Z,2,0.185800,0723dca4-ca91-a8fa-22bc-890260512541,True,KXBTC15M-26SEP212045-45,0.6700,01a0c68b-d928-75e8-add3-52cfa7bff747,no,no,0,KXBTC15M-26SEP212045-45,0723dca4-ca91-a8fa-22bc-890260512541,1790037449,0.3300
sell,ask,12.00,2026-09-22T00:27:54.731822Z,2,0.101200,0723dc8f-4369-9b78-8817-c7277f2da370,True,KXBTC15M-26SEP212030-30,0.8600,01a0c683-1310-7a96-8455-892ab849b400,no,no,0,KXBTC15M-26SEP212030-30,0723dc8f-4369-9b78-8817-c7277f2da370,1790036874,0.1400
buy,bid,12.00,2026-09-22T00:27:48.998458Z,2,0.095100,0723dc89-1521-a470-9d40-cae844b3d1b2,True,KXBTC15M-26SEP212030-30,0.8700,01a0c682-fba0-76f9-8d0e-38056c3ab268,yes,yes,0,KXBTC15M-26SEP212030-30,0723dc89-1521-a470-9d40-cae844b3d1b2,1790036868,0.1300
buy,bid,12.00,2026-09-22T00:27:14.597439Z,2,0.036900,0723dc8b-ad91-ae75-511a-bc2fd47c0a03,True,KXBTC15M-26SEP212030-30,0.9540,01a0c682-76d0-7748-b267-799520d7a17d,yes,yes,0,KXBTC15M-26SEP212030-30,0723dc8b-ad91-ae75-511a-bc2fd47c0a03,1790036834,0.0460
sell,ask,12.00,2026-09-22T00:24:26.130938Z,2,0.144200,0723df80-4481-a6e9-d7c9-fccf7e0bd7a5,True,KXBTC15M-26SEP212030-30,0.7800,01a0c67f-e690-74b6-9780-c974fb707aa1,no,no,0,KXBTC15M-26SEP212030-30,0723df80-4481-a6e9-d7c9-fccf7e0bd7a5,1790036666,0.2200
buy,bid,12.00,2026-09-22T00:22:44.520727Z,2,0.201600,0723df87-2ce9-a511-734d-204907a89c08,True,KXBTC15M-26SEP212030-30,0.4000,01a0c67e-5820-7607-be1d-91dd66296c8f,yes,yes,0,KXBTC15M-26SEP212030-30,0723df87-2ce9-a511-734d-204907a89c08,1790036564,0.6000
sell,ask,12.00,2026-09-22T00:21:18.32125Z,2,0.188500,0723df89-2489-8f32-78c8-73dcf5aac469,True,KXBTC15M-26SEP212030-30,0.6600,01a0c67d-0830-7f42-b3a1-cd48637591c8,no,no,0,KXBTC15M-26SEP212030-30,0723df89-2489-8f32-78c8-73dcf5aac469,1790036478,0.3400
buy,bid,12.00,2026-09-21T23:52:22.543126Z,2,0.153300,0723dfe8-54f9-ae6b-636c-b1401684ecc8,True,KXBTC15M-26SEP212000-00,0.2400,01a0c662-8af0-74dc-b18f-86cf900fde3c,yes,yes,0,KXBTC15M-26SEP212000-00,0723dfe8-54f9-ae6b-636c-b1401684ecc8,1790034742,0.7600
sell,ask,12.00,2026-09-21T23:52:17.570959Z,2,0.169400,0723dfeb-aac9-805e-6d9a-887ab1f72e83,True,KXBTC15M-26SEP212000-00,0.2800,01a0c662-7768-7dd9-b9a5-32fcf00222be,no,no,0,KXBTC15M-26SEP212000-00,0723dfeb-aac9-805e-6d9a-887ab1f72e83,1790034737,0.7200
sell,ask,12.00,2026-09-21T23:41:04.573917Z,2,0.210000,0723df38-e0b1-a9ff-d7d5-a64634f96bb0,True,KXBTC15M-26SEP211945-45,0.5000,01a0c658-3280-745c-9599-81b483416d4f,no,no,0,KXBTC15M-26SEP211945-45,0723df38-e0b1-a9ff-d7d5-a64634f96bb0,1790034064,0.5000
buy,bid,12.00,2026-09-21T23:40:53.513776Z,2,0.205900,0723df38-19a9-90e7-037d-085507b4e034,True,KXBTC15M-26SEP211945-45,0.5700,01a0c658-0788-7bc0-a94a-5836e8bc8b8c,yes,yes,0,KXBTC15M-26SEP211945-45,0723df38-19a9-90e7-037d-085507b4e034,1790034053,0.4300
sell,ask,12.00,2026-09-21T23:40:01.682871Z,2,0.129300,0723df0b-c921-8bd7-3ebd-8c7894fc3a7f,True,KXBTC15M-26SEP211945-45,0.8100,01a0c657-3c68-7fa5-a300-23814b0ba58e,no,no,0,KXBTC15M-26SEP211945-45,0723df0b-c921-8bd7-3ebd-8c7894fc3a7f,1790034001,0.1900
buy,bid,12.00,2026-09-21T23:39:56.3993Z,2,0.139400,0723df0b-bea9-b35d-f5af-26e8554b0561,True,KXBTC15M-26SEP211945-45,0.7900,01a0c657-28e0-73d9-999d-8805210ee3f1,yes,yes,0,KXBTC15M-26SEP211945-45,0723df0b-bea9-b35d-f5af-26e8554b0561,1790033996,0.2100
sell,ask,12.00,2026-09-21T23:39:37.799074Z,2,0.134400,0723df0d-a409-a8da-c3fe-4ab1d8313535,True,KXBTC15M-26SEP211945-45,0.8000,01a0c656-dea8-756e-97a7-f23f32653050,no,no,0,KXBTC15M-26SEP211945-45,0723df0d-a409-a8da-c3fe-4ab1d8313535,1790033977,0.2000
buy,bid,12.00,2026-09-21T23:39:32.524956Z,2,0.124000,0723df0d-ebb9-8257-511c-507809b2c1bf,True,KXBTC15M-26SEP211945-45,0.8200,01a0c656-cb20-7e0d-b228-9484580b6821,yes,yes,0,KXBTC15M-26SEP211945-45,0723df0d-ebb9-8257-511c-507809b2c1bf,1790033972,0.1800
sell,ask,2.73,2026-09-21T23:36:56.047136Z,2,0.024400,0723df05-fd21-a2e1-fbef-366572b7b287,True,KXBTC15M-26SEP211945-45,0.8500,01a0c654-69c0-7598-9a70-70af8639bdbe,no,no,0,KXBTC15M-26SEP211945-45,0723df05-fd21-a2e1-fbef-366572b7b287,1790033816,0.1500
sell,ask,9.27,2026-09-21T23:36:56.047136Z,2,0.082800,0723df05-f909-a45e-e571-a1f4699c0338,True,KXBTC15M-26SEP211945-45,0.8500,01a0c654-69c0-7598-9a70-70af8639bdbe,no,no,0,KXBTC15M-26SEP211945-45,0723df05-f909-a45e-e571-a1f4699c0338,1790033816,0.1500
buy,bid,12.00,2026-09-21T23:36:50.82915Z,2,0.101200,0723df05-1b11-abdf-81eb-7f01897ab76b,True,KXBTC15M-26SEP211945-45,0.8600,01a0c654-5250-7458-80f1-8941fe39c31d,yes,yes,0,KXBTC15M-26SEP211945-45,0723df05-1b11-abdf-81eb-7f01897ab76b,1790033810,0.1400
sell,ask,12.00,2026-09-21T23:36:12.745981Z,2,0.082300,0723df1d-45a9-ac81-fb04-d24fedd096be,True,KXBTC15M-26SEP211945-45,0.8900,01a0c653-bde0-74bf-9707-58c425b81b36,no,no,0,KXBTC15M-26SEP211945-45,0723df1d-45a9-ac81-fb04-d24fedd096be,1790033772,0.1100
buy,bid,12.00,2026-09-21T23:36:07.466548Z,2,0.088800,0723df1d-0f11-a4af-8cfd-ec77f3948ea6,True,KXBTC15M-26SEP211945-45,0.8800,01a0c653-aa58-7736-83c3-dbbd0107f33e,yes,yes,0,KXBTC15M-26SEP211945-45,0723df1d-0f11-a4af-8cfd-ec77f3948ea6,1790033767,0.1200
buy,bid,12.00,2026-09-21T23:26:14.022095Z,2,0.014900,0723df60-2479-a4c4-b4a6-75f36e7126cc,True,KXBTC15M-26SEP211930-30,0.9820,01a0c64a-9df0-7701-8204-3c4f174c55db,yes,yes,0,KXBTC15M-26SEP211930-30,0723df60-2479-a4c4-b4a6-75f36e7126cc,1790033174,0.0180
sell,ask,12.00,2026-09-21T23:20:46.229223Z,2,0.095100,0723df53-0379-9990-8908-eca9ec116c8b,True,KXBTC15M-26SEP211930-30,0.8700,01a0c645-9cb0-7ad8-89d1-6e59a8d373e0,no,no,0,KXBTC15M-26SEP211930-30,0723df53-0379-9990-8908-eca9ec116c8b,1790032846,0.1300
buy,bid,12.00,2026-09-21T22:56:43.493201Z,2,0.144200,0723de91-2341-b35d-59a3-b1563cb89b26,True,KXBTC15M-26SEP211900-00,0.7800,01a0c62f-97f8-7021-b7d3-9ee9b66041b9,yes,yes,0,KXBTC15M-26SEP211900-00,0723de91-2341-b35d-59a3-b1563cb89b26,1790031403,0.2200
sell,ask,11.98,2026-09-21T22:55:50.419824Z,2,0.190800,0723de95-e6c9-abb8-f602-8739b747b034,True,KXBTC15M-26SEP211900-00,0.6500,01a0c62e-c8f0-761c-916f-ab109d977ce5,no,no,0,KXBTC15M-26SEP211900-00,0723de95-e6c9-abb8-f602-8739b747b034,1790031350,0.3500
sell,ask,0.01,2026-09-21T22:55:50.419824Z,2,0.000200,0723de95-e6c9-a66b-ef59-68379b42ecfc,True,KXBTC15M-26SEP211900-00,0.6500,01a0c62e-c8f0-761c-916f-ab109d977ce5,no,no,0,KXBTC15M-26SEP211900-00,0723de95-e6c9-a66b-ef59-68379b42ecfc,1790031350,0.3500
sell,ask,0.01,2026-09-21T22:55:50.419824Z,2,0.000200,0723de95-e6c9-a0ac-c25d-1aadadf90d53,True,KXBTC15M-26SEP211900-00,0.6500,01a0c62e-c8f0-761c-916f-ab109d977ce5,no,no,0,KXBTC15M-26SEP211900-00,0723de95-e6c9-a0ac-c25d-1aadadf90d53,1790031350,0.3500
sell,ask,12.00,2026-09-21T22:53:09.10036Z,2,0.193600,0723de9d-0001-9838-4e79-50c310ed94f8,True,KXBTC15M-26SEP211900-00,0.6400,01a0c62c-5408-7892-ba64-cf693007ea50,no,no,0,KXBTC15M-26SEP211900-00,0723de9d-0001-9838-4e79-50c310ed94f8,1790031189,0.3600
buy,bid,12.00,2026-09-21T22:53:03.846654Z,2,0.193600,0723de9c-cef9-9d91-75d6-4c4d6a6421ef,True,KXBTC15M-26SEP211900-00,0.6400,01a0c62c-3c98-7989-b7cf-c5dddf9eab76,yes,yes,0,KXBTC15M-26SEP211900-00,0723de9c-cef9-9d91-75d6-4c4d6a6421ef,1790031183,0.3600
buy,bid,12.00,2026-09-21T22:43:31.282563Z,2,0.075600,0723dead-76b1-8b3c-8cae-840c25a2c0d0,True,KXBTC15M-26SEP211845-45,0.1000,01a0c623-8238-7efc-8532-90c1e76a4845,yes,yes,0,KXBTC15M-26SEP211845-45,0723dead-76b1-8b3c-8cae-840c25a2c0d0,1790030611,0.9000
sell,ask,12.00,2026-09-21T22:42:54.612504Z,2,0.095100,0723dea9-2f21-ade2-1177-0b24b0e7cdc4,True,KXBTC15M-26SEP211845-45,0.1300,01a0c622-f1b0-7647-a0b9-0dbcf1e0910a,no,no,0,KXBTC15M-26SEP211845-45,0723dea9-2f21-ade2-1177-0b24b0e7cdc4,1790030574,0.8700
buy,bid,12.00,2026-09-21T22:41:49.384439Z,2,0.067500,0723dea6-20c1-bd1e-eeaf-b6d1024c8d19,True,KXBTC15M-26SEP211845-45,0.0880,01a0c621-f3c8-718d-9c92-d1eebe7c3774,yes,yes,0,KXBTC15M-26SEP211845-45,0723dea6-20c1-bd1e-eeaf-b6d1024c8d19,1790030509,0.9120
sell,ask,0.01,2026-09-21T22:41:43.827149Z,2,0.000090,0723dea6-ad39-ad49-bcba-01a19a2e2452,True,KXBTC15M-26SEP211845-45,0.0910,01a0c621-dc58-77d6-84e3-9ede35d00907,no,no,0,KXBTC15M-26SEP211845-45,0723dea6-ad39-ad49-bcba-01a19a2e2452,1790030503,0.9090
sell,ask,0.01,2026-09-21T22:41:43.827149Z,2,0.000090,0723dea6-ad39-aca9-a6a6-cf5a45ecbe5c,True,KXBTC15M-26SEP211845-45,0.0910,01a0c621-dc58-77d6-84e3-9ede35d00907,no,no,0,KXBTC15M-26SEP211845-45,0723dea6-ad39-aca9-a6a6-cf5a45ecbe5c,1790030503,0.9090
sell,ask,0.01,2026-09-21T22:41:43.827149Z,2,0.000080,0723dea6-ad39-ab45-ae2e-ead99e8c5aed,True,KXBTC15M-26SEP211845-45,0.0920,01a0c621-dc58-77d6-84e3-9ede35d00907,no,no,0,KXBTC15M-26SEP211845-45,0723dea6-ad39-ab45-ae2e-ead99e8c5aed,1790030503,0.9080
sell,ask,0.01,2026-09-21T22:41:43.827149Z,2,0.000100,0723dea6-ad39-aafd-a2d4-c7199a6ff7bb,True,KXBTC15M-26SEP211845-45,0.0900,01a0c621-dc58-77d6-84e3-9ede35d00907,no,no,0,KXBTC15M-26SEP211845-45,0723dea6-ad39-aafd-a2d4-c7199a6ff7bb,1790030503,0.9100
sell,ask,11.94,2026-09-21T22:41:43.827149Z,2,0.072360,0723dea6-ad39-a7bd-aedd-67a321799daf,True,KXBTC15M-26SEP211845-45,0.0960,01a0c621-dc58-77d6-84e3-9ede35d00907,no,no,0,KXBTC15M-26SEP211845-45,0723dea6-ad39-a7bd-aedd-67a321799daf,1790030503,0.9040
sell,ask,0.01,2026-09-21T22:41:43.827149Z,2,0.000100,0723dea6-ad39-a3ba-b486-6ae9eee61c6b,True,KXBTC15M-26SEP211845-45,0.0900,01a0c621-dc58-77d6-84e3-9ede35d00907,no,no,0,KXBTC15M-26SEP211845-45,0723dea6-ad39-a3ba-b486-6ae9eee61c6b,1790030503,0.9100
sell,ask,0.01,2026-09-21T22:41:43.827149Z,2,0.000080,0723dea6-ad39-a0f8-bf59-e026f80e1b26,True,KXBTC15M-26SEP211845-45,0.0920,01a0c621-dc58-77d6-84e3-9ede35d00907,no,no,0,KXBTC15M-26SEP211845-45,0723dea6-ad39-a0f8-bf59-e026f80e1b26,1790030503,0.9080
sell,ask,30.67,2026-09-21T22:41:00.066213Z,2,0.000000,0723dea4-b8c1-808b-886d-ae6aab0c34e6,False,KXBTC15M-26SEP211845-45,0.0500,01a0c620-6940-7e69-800c-d746737a477e,no,no,0,KXBTC15M-26SEP211845-45,0723dea4-b8c1-808b-886d-ae6aab0c34e6,1790030460,0.9500
buy,bid,1.00,2026-09-21T22:39:50.688666Z,2,0.006300,0723dea0-a931-aa5b-1aa6-1cace529da3e,True,KXBTC15M-26SEP211845-45,0.1000,01a0c620-22f0-7742-a6ef-b81e879959d3,yes,yes,0,KXBTC15M-26SEP211845-45,0723dea0-a931-aa5b-1aa6-1cace529da3e,1790030390,0.9000
buy,bid,19.67,2026-09-21T22:39:50.688666Z,2,0.124000,0723dea0-a931-a24e-10a1-699ac3849144,True,KXBTC15M-26SEP211845-45,0.1000,01a0c620-22f0-7742-a6ef-b81e879959d3,yes,yes,0,KXBTC15M-26SEP211845-45,0723dea0-a931-a24e-10a1-699ac3849144,1790030390,0.9000
buy,bid,10.00,2026-09-21T22:39:50.688666Z,2,0.063000,0723dea0-a931-a092-3742-c41b89c63837,True,KXBTC15M-26SEP211845-45,0.1000,01a0c620-22f0-7742-a6ef-b81e879959d3,yes,yes,0,KXBTC15M-26SEP211845-45,0723dea0-a931-a092-3742-c41b89c63837,1790030390,0.9000
buy,bid,12.00,2026-09-21T22:36:13.087701Z,2,0.101200,0723de6f-3c81-9c35-0b10-e0230841a5b0,True,KXBTC15M-26SEP211845-45,0.1400,01a0c61c-d348-780c-a312-65edeb070543,yes,yes,0,KXBTC15M-26SEP211845-45,0723de6f-3c81-9c35-0b10-e0230841a5b0,1790030173,0.8600
sell,ask,12.00,2026-09-21T22:36:07.8201Z,2,0.134400,0723de6e-5f41-a700-be15-f205a8cd5288,True,KXBTC15M-26SEP211845-45,0.2000,01a0c61c-bbd8-76e5-8bd2-b27ecc0de7d7,no,no,0,KXBTC15M-26SEP211845-45,0723de6e-5f41-a700-be15-f205a8cd5288,1790030167,0.8000
buy,ask,29.08,2026-09-21T22:28:10.377084Z,2,0.006140,0723de40-be81-a4a2-52b7-955be55062c3,True,KXBTC15M-26SEP211830-30,0.9970,01a0c615-7490-750a-bc12-314fc5f60551,no,no,0,KXBTC15M-26SEP211830-30,0723de40-be81-a4a2-52b7-955be55062c3,1790029690,0.0030
sell,ask,10.00,2026-09-21T22:25:56.400008Z,2,0.079200,0723de5e-c5d1-b35b-6583-aaf9deb8b0ae,True,KXBTC15M-26SEP211830-30,0.8700,01a0c613-6920-73a1-b9d0-d9dd8b9ed6a2,no,no,0,KXBTC15M-26SEP211830-30,0723de5e-c5d1-b35b-6583-aaf9deb8b0ae,1790029556,0.1300
sell,ask,2.00,2026-09-21T22:25:56.400008Z,2,0.015900,0723de5e-c5d1-b27e-68e7-993d1d34f5de,True,KXBTC15M-26SEP211830-30,0.8700,01a0c613-6920-73a1-b9d0-d9dd8b9ed6a2,no,no,0,KXBTC15M-26SEP211830-30,0723de5e-c5d1-b27e-68e7-993d1d34f5de,1790029556,0.1300
buy,bid,12.00,2026-09-21T22:25:51.163603Z,2,0.112900,0723de5e-07d1-b65f-c4cb-ac461a134c4d,True,KXBTC15M-26SEP211830-30,0.8400,01a0c613-5598-70f5-923a-c084a14c2a81,yes,yes,0,KXBTC15M-26SEP211830-30,0723de5e-07d1-b65f-c4cb-ac461a134c4d,1790029551,0.1600
sell,ask,12.00,2026-09-21T22:12:38.770706Z,2,0.207000,0723de1b-d431-bd74-8861-2acec2698146,True,KXBTC15M-26SEP211815-15,0.5600,01a0c607-3bf0-72da-88b2-7b4930f6f820,no,no,0,KXBTC15M-26SEP211815-15,0723de1b-d431-bd74-8861-2acec2698146,1790028758,0.4400
buy,bid,12.00,2026-09-21T22:12:17.971728Z,2,0.205900,0723de1d-4e49-b634-c3c9-7d3622221f79,True,KXBTC15M-26SEP211815-15,0.5700,01a0c606-e9e8-7240-9f93-a2a5474dcaef,yes,yes,0,KXBTC15M-26SEP211815-15,0723de1d-4e49-b634-c3c9-7d3622221f79,1790028737,0.4300
sell,ask,12.00,2026-09-21T22:10:47.042595Z,2,0.165600,0723de13-af11-81d5-d3bf-d0abc2045888,True,KXBTC15M-26SEP211815-15,0.7300,01a0c605-8a58-7cc2-9f9f-6037adb387a0,no,no,0,KXBTC15M-26SEP211815-15,0723de13-af11-81d5-d3bf-d0abc2045888,1790028647,0.2700
buy,bid,12.00,2026-09-21T22:10:41.795166Z,2,0.182800,0723de10-b949-a564-942b-e86618d8c353,True,KXBTC15M-26SEP211815-15,0.6800,01a0c605-72e8-75a9-8c53-4507f69993b4,yes,yes,0,KXBTC15M-26SEP211815-15,0723de10-b949-a564-942b-e86618d8c353,1790028641,0.3200
sell,ask,0.01,2026-09-21T22:09:19.350836Z,2,0.000200,0723de14-f8f9-8c8c-cb31-c40d0cfa5a7c,True,KXBTC15M-26SEP211815-15,0.6000,01a0c604-3298-7e06-979d-4e3bdeef4b5e,no,no,0,KXBTC15M-26SEP211815-15,0723de14-f8f9-8c8c-cb31-c40d0cfa5a7c,1790028559,0.4000
sell,ask,11.98,2026-09-21T22:09:19.350836Z,2,0.199500,0723de14-f8f9-8954-ea03-c1b6855589a6,True,KXBTC15M-26SEP211815-15,0.6100,01a0c604-3298-7e06-979d-4e3bdeef4b5e,no,no,0,KXBTC15M-26SEP211815-15,0723de14-f8f9-8954-ea03-c1b6855589a6,1790028559,0.3900
sell,ask,0.01,2026-09-21T22:09:19.350836Z,2,0.000200,0723de14-f8f9-83d5-fcf2-c03345e17067,True,KXBTC15M-26SEP211815-15,0.6000,01a0c604-3298-7e06-979d-4e3bdeef4b5e,no,no,0,KXBTC15M-26SEP211815-15,0723de14-f8f9-83d5-fcf2-c03345e17067,1790028559,0.4000
buy,bid,12.00,2026-09-21T22:09:14.072829Z,2,0.195900,0723de14-6769-8c8a-68d3-a8ed272274bd,True,KXBTC15M-26SEP211815-15,0.6300,01a0c604-1f10-7caa-bbe2-fe5dc2269288,yes,yes,0,KXBTC15M-26SEP211815-15,0723de14-6769-8c8a-68d3-a8ed272274bd,1790028554,0.3700
buy,bid,30.92,2026-09-21T21:25:18.364289Z,2,0.436400,0723d2b4-7a89-b270-9b7c-b78c33b008b8,True,KXBTC15M-26SEP211730-30,0.2800,01a0c5db-e630-7237-84e0-a103d5b6b9f9,yes,yes,0,KXBTC15M-26SEP211730-30,0723d2b4-7a89-b270-9b7c-b78c33b008b8,1790025918,0.7200
sell,bid,129.14,2026-09-21T21:25:10.924387Z,2,1.391300,0723d2b4-dd31-a673-5a1b-53dedf043164,True,KXBTC15M-26SEP211730-30,0.1900,01a0c5db-c6f0-774a-b99c-4bc42130bc1b,yes,yes,0,KXBTC15M-26SEP211730-30,0723d2b4-dd31-a673-5a1b-53dedf043164,1790025910,0.8100
buy,ask,129.14,2026-09-21T21:20:40.342669Z,2,2.056600,0723d28c-3661-a5a7-8237-f26284fc50b8,True,KXBTC15M-26SEP211730-30,0.6500,01a0c5d7-a840-75f2-8d95-d5a8e76b7c79,no,no,0,KXBTC15M-26SEP211730-30,0723d28c-3661-a5a7-8237-f26284fc50b8,1790025640,0.3500
buy,bid,12.00,2026-09-21T20:57:24.635622Z,2,0.144200,0723d2cb-3bb9-a3bb-89bc-0492663f88c7,True,KXBTC15M-26SEP211700-00,0.2200,01a0c5c2-5b20-7711-81bf-e7a22a91817d,yes,yes,0,KXBTC15M-26SEP211700-00,0723d2cb-3bb9-a3bb-89bc-0492663f88c7,1790024244,0.7800
sell,ask,10.00,2026-09-21T20:57:20.080986Z,2,0.131300,0723d2cb-6999-887b-5406-dd7060847f2f,True,KXBTC15M-26SEP211700-00,0.2500,01a0c5c2-4b80-7e71-b1f6-b71287b76b6e,no,no,0,KXBTC15M-26SEP211700-00,0723d2cb-6999-887b-5406-dd7060847f2f,1790024240,0.7500
sell,ask,0.01,2026-09-21T20:57:20.080986Z,2,0.000100,0723d2cb-6999-8803-6203-9cbf618b8b90,True,KXBTC15M-26SEP211700-00,0.2500,01a0c5c2-4b80-7e71-b1f6-b71287b76b6e,no,no,0,KXBTC15M-26SEP211700-00,0723d2cb-6999-8803-6203-9cbf618b8b90,1790024240,0.7500
sell,ask,1.00,2026-09-21T20:57:20.080986Z,2,0.013100,0723d2cb-6999-86ea-781f-cb6bab8f3010,True,KXBTC15M-26SEP211700-00,0.2500,01a0c5c2-4b80-7e71-b1f6-b71287b76b6e,no,no,0,KXBTC15M-26SEP211700-00,0723d2cb-6999-86ea-781f-cb6bab8f3010,1790024240,0.7500
sell,ask,0.01,2026-09-21T20:57:20.080986Z,2,0.000200,0723d2cb-6999-8162-4abf-77b2cf47826e,True,KXBTC15M-26SEP211700-00,0.2500,01a0c5c2-4b80-7e71-b1f6-b71287b76b6e,no,no,0,KXBTC15M-26SEP211700-00,0723d2cb-6999-8162-4abf-77b2cf47826e,1790024240,0.7500
sell,ask,0.98,2026-09-21T20:57:20.080986Z,2,0.012900,0723d2cb-6581-87f9-4dda-02f891cdaed6,True,KXBTC15M-26SEP211700-00,0.2500,01a0c5c2-4b80-7e71-b1f6-b71287b76b6e,no,no,0,KXBTC15M-26SEP211700-00,0723d2cb-6581-87f9-4dda-02f891cdaed6,1790024240,0.7500
buy,bid,12.00,2026-09-21T20:53:53.720476Z,2,0.165600,0723d343-94a1-b91e-4ecc-03747b71763a,True,KXBTC15M-26SEP211700-00,0.2700,01a0c5bf-22e8-71c5-b125-ea67272c3fff,yes,yes,0,KXBTC15M-26SEP211700-00,0723d343-94a1-b91e-4ecc-03747b71763a,1790024033,0.7300
sell,ask,12.00,2026-09-21T20:53:49.161611Z,2,0.169400,0723d343-5e69-a4bd-ef66-53879f4f43ee,True,KXBTC15M-26SEP211700-00,0.2800,01a0c5bf-1348-74b5-9614-98b38a1511c2,no,no,0,KXBTC15M-26SEP211700-00,0723d343-5e69-a4bd-ef66-53879f4f43ee,1790024029,0.7200
buy,bid,12.00,2026-09-21T20:40:44.175551Z,2,0.008400,0723d37f-7b61-9452-f071-2fb2598140c5,True,KXBTC15M-26SEP211645-45,0.9900,01a0c5b3-18e0-7942-93cd-8710c60d0e9a,yes,yes,0,KXBTC15M-26SEP211645-45,0723d37f-7b61-9452-f071-2fb2598140c5,1790023244,0.0100
sell,ask,12.00,2026-09-21T20:35:48.877011Z,2,0.088800,0723d313-2971-aebb-0a98-52308f5a6c68,True,KXBTC15M-26SEP211645-45,0.8800,01a0c5ae-94a0-74d9-a3fd-d49faa1be529,no,no,0,KXBTC15M-26SEP211645-45,0723d313-2971-aebb-0a98-52308f5a6c68,1790022948,0.1200
buy,bid,12.00,2026-09-21T20:23:05.897314Z,2,0.075600,0723d329-6979-bfda-8a7f-18655b29476b,True,KXBTC15M-26SEP211630-30,0.1000,01a0c5a2-f028-71c0-8d32-187648cd1813,yes,yes,0,KXBTC15M-26SEP211630-30,0723d329-6979-bfda-8a7f-18655b29476b,1790022185,0.9000
sell,ask,12.00,2026-09-21T20:23:01.345523Z,2,0.101200,0723d329-56f1-947b-bb76-edf6d6d2f001,True,KXBTC15M-26SEP211630-30,0.1400,01a0c5a2-e088-792e-8fcd-1348c8341a24,no,no,0,KXBTC15M-26SEP211630-30,0723d329-56f1-947b-bb76-edf6d6d2f001,1790022181,0.8600
buy,bid,1.00,2026-09-21T20:21:20.004714Z,2,0.009500,0723d325-b0a1-8a44-b097-34425a1f4784,True,KXBTC15M-26SEP211630-30,0.1600,01a0c5a1-5600-7f11-8c62-adcd4e031f3d,yes,yes,0,KXBTC15M-26SEP211630-30,0723d325-b0a1-8a44-b097-34425a1f4784,1790022080,0.8400
buy,bid,10.97,2026-09-21T20:21:20.004714Z,2,0.098000,0723d325-9d79-85e3-877d-70ac5fa9e3a2,True,KXBTC15M-26SEP211630-30,0.1500,01a0c5a1-5600-7f11-8c62-adcd4e031f3d,yes,yes,0,KXBTC15M-26SEP211630-30,0723d325-9d79-85e3-877d-70ac5fa9e3a2,1790022080,0.8500
buy,bid,0.01,2026-09-21T20:21:20.004714Z,2,0.000100,0723d325-9549-8f1b-9226-356a20816c49,True,KXBTC15M-26SEP211630-30,0.1600,01a0c5a1-5600-7f11-8c62-adcd4e031f3d,yes,yes,0,KXBTC15M-26SEP211630-30,0723d325-9549-8f1b-9226-356a20816c49,1790022080,0.8400
buy,bid,0.01,2026-09-21T20:21:20.004714Z,2,0.000000,0723d324-0a19-861c-bc45-22bf69b76bd4,True,KXBTC15M-26SEP211630-30,0.1600,01a0c5a1-5600-7f11-8c62-adcd4e031f3d,yes,yes,0,KXBTC15M-26SEP211630-30,0723d324-0a19-861c-bc45-22bf69b76bd4,1790022080,0.8400
buy,bid,0.01,2026-09-21T20:21:20.004714Z,2,0.000100,0723d324-0a19-80c0-931f-ed8cbdb098d1,True,KXBTC15M-26SEP211630-30,0.1600,01a0c5a1-5600-7f11-8c62-adcd4e031f3d,yes,yes,0,KXBTC15M-26SEP211630-30,0723d324-0a19-80c0-931f-ed8cbdb098d1,1790022080,0.8400
sell,ask,12.00,2026-09-21T20:21:15.310367Z,2,0.124000,0723d324-4b99-bd8c-8f74-4fc07b26c953,True,KXBTC15M-26SEP211630-30,0.1800,01a0c5a1-4278-71ae-844c-8e7954232d1c,no,no,0,KXBTC15M-26SEP211630-30,0723d324-4b99-bd8c-8f74-4fc07b26c953,1790022075,0.8200
buy,bid,12.00,2026-09-21T20:20:38.007779Z,2,0.112900,0723d322-6591-b081-6872-6f04d009e4ea,True,KXBTC15M-26SEP211630-30,0.1600,01a0c5a0-b1f0-7159-ba9e-9abb8996241d,yes,yes,0,KXBTC15M-26SEP211630-30,0723d322-6591-b081-6872-6f04d009e4ea,1790022038,0.8400
sell,ask,12.00,2026-09-21T20:20:33.623478Z,2,0.112900,0723d322-e321-9c98-9cfe-e0f9654bf241,True,KXBTC15M-26SEP211630-30,0.1600,01a0c5a0-9e68-7a70-83e8-8cd908f3f439,no,no,0,KXBTC15M-26SEP211630-30,0723d322-e321-9c98-9cfe-e0f9654bf241,1790022033,0.8400
buy,bid,12.00,2026-09-21T20:20:16.994367Z,2,0.088800,0723d321-30a9-9c66-4f5c-ea7060e64ae6,True,KXBTC15M-26SEP211630-30,0.1200,01a0c5a0-5c00-784b-b9b8-a2d7867d9c6a,yes,yes,0,KXBTC15M-26SEP211630-30,0723d321-30a9-9c66-4f5c-ea7060e64ae6,1790022016,0.8800
sell,ask,10.00,2026-09-21T20:20:12.597014Z,2,0.089300,0723d321-1ca1-b6cd-4e6e-d550ab43d15c,True,KXBTC15M-26SEP211630-30,0.1500,01a0c5a0-4c60-718d-b046-c50ce5519f97,no,no,0,KXBTC15M-26SEP211630-30,0723d321-1ca1-b6cd-4e6e-d550ab43d15c,1790022012,0.8500
sell,ask,2.00,2026-09-21T20:20:12.597014Z,2,0.017800,0723d321-0089-b0a4-79d9-4b141ac16455,True,KXBTC15M-26SEP211630-30,0.1500,01a0c5a0-4c60-718d-b046-c50ce5519f97,no,no,0,KXBTC15M-26SEP211630-30,0723d321-0089-b0a4-79d9-4b141ac16455,1790022012,0.8500
buy,bid,0.01,2026-09-21T20:10:37.562305Z,2,0.000090,0723d3c9-9f69-bd3d-80d6-5b35be42fb72,True,KXBTC15M-26SEP211615-15,0.0490,01a0c597-8648-7388-856d-bf0d4c2c85a3,yes,yes,0,KXBTC15M-26SEP211615-15,0723d3c9-9f69-bd3d-80d6-5b35be42fb72,1790021437,0.9510
buy,bid,0.01,2026-09-21T20:10:37.562305Z,2,0.000090,0723d3c9-9f69-b03e-8663-529e11e53700,True,KXBTC15M-26SEP211615-15,0.0490,01a0c597-8648-7388-856d-bf0d4c2c85a3,yes,yes,0,KXBTC15M-26SEP211615-15,0723d3c9-9f69-b03e-8663-529e11e53700,1790021437,0.9510
buy,bid,86.28,2026-09-21T20:10:37.562305Z,2,0.270460,0723d3c9-9b41-b12f-ae33-25e88c84449b,True,KXBTC15M-26SEP211615-15,0.0470,01a0c597-8648-7388-856d-bf0d4c2c85a3,yes,yes,0,KXBTC15M-26SEP211615-15,0723d3c9-9b41-b12f-ae33-25e88c84449b,1790021437,0.9530
sell,ask,0.01,2026-09-21T19:57:12.617302Z,2,0.000030,0723d3a7-cac1-beeb-a4e7-318fd159b69b,True,KXBTC15M-26SEP211600-00,0.0770,01a0c58b-3dc0-713c-8a8b-d0b30ac29b0c,no,no,0,KXBTC15M-26SEP211600-00,0723d3a7-cac1-beeb-a4e7-318fd159b69b,1790020632,0.9230
sell,ask,2.96,2026-09-21T19:57:12.617302Z,2,0.015440,0723d3a7-cac1-bbeb-87c9-fd189b684071,True,KXBTC15M-26SEP211600-00,0.0810,01a0c58b-3dc0-713c-8a8b-d0b30ac29b0c,no,no,0,KXBTC15M-26SEP211600-00,0723d3a7-cac1-bbeb-87c9-fd189b684071,1790020632,0.9190
sell,ask,3.00,2026-09-21T19:57:12.617302Z,2,0.015100,0723d3a7-cac1-bb42-976e-4b55e42e021c,True,KXBTC15M-26SEP211600-00,0.0780,01a0c58b-3dc0-713c-8a8b-d0b30ac29b0c,no,no,0,KXBTC15M-26SEP211600-00,0723d3a7-cac1-bb42-976e-4b55e42e021c,1790020632,0.9220
sell,ask,0.01,2026-09-21T19:57:12.617302Z,2,0.000040,0723d3a7-cac1-b5fa-9dad-1a4b46129d5a,True,KXBTC15M-26SEP211600-00,0.0760,01a0c58b-3dc0-713c-8a8b-d0b30ac29b0c,no,no,0,KXBTC15M-26SEP211600-00,0723d3a7-cac1-b5fa-9dad-1a4b46129d5a,1790020632,0.9240
sell,ask,3.00,2026-09-21T19:57:12.617302Z,2,0.014800,0723d3a7-cac1-b4fb-9c10-86a50eac0d69,True,KXBTC15M-26SEP211600-00,0.0760,01a0c58b-3dc0-713c-8a8b-d0b30ac29b0c,no,no,0,KXBTC15M-26SEP211600-00,0723d3a7-cac1-b4fb-9c10-86a50eac0d69,1790020632,0.9240
sell,ask,0.01,2026-09-21T19:57:12.617302Z,2,0.000130,0723d3a7-cac1-b498-8177-afc88f6556c1,True,KXBTC15M-26SEP211600-00,0.0770,01a0c58b-3dc0-713c-8a8b-d0b30ac29b0c,no,no,0,KXBTC15M-26SEP211600-00,0723d3a7-cac1-b498-8177-afc88f6556c1,1790020632,0.9230
sell,ask,0.01,2026-09-21T19:57:12.617302Z,2,0.000040,0723d3a7-cac1-b2a8-9374-ecdc31f99ee4,True,KXBTC15M-26SEP211600-00,0.0760,01a0c58b-3dc0-713c-8a8b-d0b30ac29b0c,no,no,0,KXBTC15M-26SEP211600-00,0723d3a7-cac1-b2a8-9374-ecdc31f99ee4,1790020632,0.9240
sell,ask,3.00,2026-09-21T19:57:12.617302Z,2,0.014900,0723d3a7-cac1-b29d-bafb-79f261176680,True,KXBTC15M-26SEP211600-00,0.0770,01a0c58b-3dc0-713c-8a8b-d0b30ac29b0c,no,no,0,KXBTC15M-26SEP211600-00,0723d3a7-cac1-b29d-bafb-79f261176680,1790020632,0.9230
buy,bid,72.35,2026-09-21T19:56:31.337424Z,2,0.840300,0723d3a0-ebf9-b463-57d0-f3bb4918a6bd,True,KXBTC15M-26SEP211600-00,0.2100,01a0c58a-9d98-7092-b999-e996f11f6167,yes,yes,0,KXBTC15M-26SEP211600-00,0723d3a0-ebf9-b463-57d0-f3bb4918a6bd,1790020591,0.7900
buy,bid,12.00,2026-09-21T19:56:19.073216Z,2,0.148800,0723d3a3-d031-9e9a-bea1-f037b136543d,True,KXBTC15M-26SEP211600-00,0.2300,01a0c58a-6eb8-7bcc-868a-4f1312f14089,yes,yes,0,KXBTC15M-26SEP211600-00,0723d3a3-d031-9e9a-bea1-f037b136543d,1790020579,0.7700
buy,bid,3.10,2026-09-21T19:39:38.216544Z,2,0.007800,0723d097-86e9-bc38-37b6-1f3c3eb18b10,True,KXBTC15M-26SEP211545-45,0.0370,01a0c57b-2890-7307-a498-4865ec1c185f,yes,yes,0,KXBTC15M-26SEP211545-45,0723d097-86e9-bc38-37b6-1f3c3eb18b10,1790019578,0.9630
sell,ask,3.00,2026-09-21T19:35:06.184815Z,2,0.008300,0723d0aa-f669-8d18-dca6-70bc1bd71751,True,KXBTC15M-26SEP211545-45,0.0410,01a0c577-0210-7e6f-987e-3b5a1f0c2f61,no,no,0,KXBTC15M-26SEP211545-45,0723d0aa-f669-8d18-dca6-70bc1bd71751,1790019306,0.9590
buy,bid,67.52,2026-09-21T19:33:38.39019Z,2,0.635300,0723d0a3-0311-a0cd-cbe1-4348d0aa4b33,True,KXBTC15M-26SEP211545-45,0.1600,01a0c575-aa50-773c-9bb0-a53fbe3556a2,yes,yes,0,KXBTC15M-26SEP211545-45,0723d0a3-0311-a0cd-cbe1-4348d0aa4b33,1790019218,0.8400
buy,bid,12.00,2026-09-21T19:21:29.668281Z,2,0.047400,0723d0c0-45f1-9cc8-6b50-286446c03819,True,KXBTC15M-26SEP211530-30,0.0600,01a0c56a-8aa8-7b5b-be3a-bc9e341e19ed,yes,yes,0,KXBTC15M-26SEP211530-30,0723d0c0-45f1-9cc8-6b50-286446c03819,1790018489,0.9400
sell,ask,12.00,2026-09-21T19:21:26.411892Z,2,0.048200,0723d0c3-80c9-b8f6-2a72-6d8752d95afe,True,KXBTC15M-26SEP211530-30,0.0610,01a0c56a-7ef0-72aa-a110-0995948468d4,no,no,0,KXBTC15M-26SEP211530-30,0723d0c3-80c9-b8f6-2a72-6d8752d95afe,1790018486,0.9390
sell,ask,12.00,2026-09-21T18:56:11.397537Z,2,0.047400,0723d01e-e319-b1e4-eb8d-1b264ee88fe9,True,KXBTC15M-26SEP211500-00,0.0600,01a0c553-60f8-737b-90ff-7cca7976eef2,no,no,0,KXBTC15M-26SEP211500-00,0723d01e-e319-b1e4-eb8d-1b264ee88fe9,1790016971,0.9400
buy,bid,12.00,2026-09-21T18:54:19.413628Z,2,0.107100,0723d017-0699-b727-6290-10ef5991abd6,True,KXBTC15M-26SEP211500-00,0.1500,01a0c551-ab78-7384-b226-00c02a9be507,yes,yes,0,KXBTC15M-26SEP211500-00,0723d017-0699-b727-6290-10ef5991abd6,1790016859,0.8500
sell,ask,12.00,2026-09-21T18:53:57.5556Z,2,0.107100,0723d014-0781-8def-842e-56b050b8240d,True,KXBTC15M-26SEP211500-00,0.1500,01a0c551-5588-7e0d-82e1-a68ad0337aca,no,no,0,KXBTC15M-26SEP211500-00,0723d014-0781-8def-842e-56b050b8240d,1790016837,0.8500
buy,bid,12.00,2026-09-21T18:52:26.856359Z,2,0.193600,0723d070-2669-a4e2-b24f-80c0ad18b245,True,KXBTC15M-26SEP211500-00,0.3600,01a0c54f-f210-7741-872b-01059aa1dd92,yes,yes,0,KXBTC15M-26SEP211500-00,0723d070-2669-a4e2-b24f-80c0ad18b245,1790016746,0.6400
buy,bid,12.00,2026-09-21T18:50:17.876976Z,2,0.207900,0723d07a-06d1-9cc9-58b9-f7a0b8f6a57a,True,KXBTC15M-26SEP211500-00,0.4500,01a0c54d-fa28-7bff-bf0d-74c8096af11e,yes,yes,0,KXBTC15M-26SEP211500-00,0723d07a-06d1-9cc9-58b9-f7a0b8f6a57a,1790016617,0.5500
sell,ask,12.00,2026-09-21T18:50:14.635861Z,2,0.208700,0723d07a-57b1-a194-a778-40c9d966084c,True,KXBTC15M-26SEP211500-00,0.4600,01a0c54d-ee70-755a-8cb1-79096bc712ce,no,no,0,KXBTC15M-26SEP211500-00,0723d07a-57b1-a194-a778-40c9d966084c,1790016614,0.5400
sell,ask,12.00,2026-09-21T18:38:37.562324Z,2,0.179700,0723d04e-1309-9396-9067-5f195e035ba7,True,KXBTC15M-26SEP211445-45,0.6900,01a0c543-4bc8-7aa0-8bb1-2aae35679a74,no,no,0,KXBTC15M-26SEP211445-45,0723d04e-1309-9396-9067-5f195e035ba7,1790015917,0.3100
buy,bid,12.00,2026-09-21T18:38:34.386288Z,2,0.182800,0723d04e-4051-a375-d96f-81573f8cbb79,True,KXBTC15M-26SEP211445-45,0.6800,01a0c543-4010-77d3-9ae5-8f3772492d35,yes,yes,0,KXBTC15M-26SEP211445-45,0723d04e-4051-a375-d96f-81573f8cbb79,1790015914,0.3200
sell,ask,12.00,2026-09-21T18:26:40.841231Z,2,0.169400,0723d1d9-3701-be6c-629c-c9b992413ee6,True,KXBTC15M-26SEP211430-30,0.7200,01a0c538-5b00-72b5-b1c8-15f6cabfae59,no,no,0,KXBTC15M-26SEP211430-30,0723d1d9-3701-be6c-629c-c9b992413ee6,1790015200,0.2800
buy,bid,0.01,2026-09-21T18:26:37.51138Z,2,0.000200,0723d1d9-7269-84c8-8194-d28bb88e38b2,True,KXBTC15M-26SEP211430-30,0.7100,01a0c538-4f48-7df5-8cb7-9b6e9c1680ad,yes,yes,0,KXBTC15M-26SEP211430-30,0723d1d9-7269-84c8-8194-d28bb88e38b2,1790015197,0.2900
buy,bid,11.98,2026-09-21T18:26:37.51138Z,2,0.172700,0723d1d9-7269-82ae-a332-523f0c2e38a7,True,KXBTC15M-26SEP211430-30,0.7100,01a0c538-4f48-7df5-8cb7-9b6e9c1680ad,yes,yes,0,KXBTC15M-26SEP211430-30,0723d1d9-7269-82ae-a332-523f0c2e38a7,1790015197,0.2900
buy,bid,0.01,2026-09-21T18:26:37.51138Z,2,0.000100,0723d1d9-7269-8281-b841-5e8c0547991e,True,KXBTC15M-26SEP211430-30,0.7100,01a0c538-4f48-7df5-8cb7-9b6e9c1680ad,yes,yes,0,KXBTC15M-26SEP211430-30,0723d1d9-7269-8281-b841-5e8c0547991e,1790015197,0.2900
sell,ask,12.00,2026-09-21T18:25:23.108303Z,2,0.169400,0723d1eb-9e89-9e51-4fec-c9d3800e16fa,True,KXBTC15M-26SEP211430-30,0.7200,01a0c537-2e38-7a67-b826-7dba3219d2d4,no,no,0,KXBTC15M-26SEP211430-30,0723d1eb-9e89-9e51-4fec-c9d3800e16fa,1790015123,0.2800
buy,bid,12.00,2026-09-21T18:25:19.858204Z,2,0.176400,0723d1eb-64f9-8705-8ccf-3ef4683e1424,True,KXBTC15M-26SEP211430-30,0.7000,01a0c537-1e98-7ec9-8fd1-6784d7ee0be2,yes,yes,0,KXBTC15M-26SEP211430-30,0723d1eb-64f9-8705-8ccf-3ef4683e1424,1790015119,0.3000
sell,ask,12.00,2026-09-21T18:24:58.232846Z,2,0.176400,0723d1ed-fae9-a38a-68b0-6b074b1b93f0,True,KXBTC15M-26SEP211430-30,0.7000,01a0c536-cc90-75f6-b68a-6341f6eeb3b7,no,no,0,KXBTC15M-26SEP211430-30,0723d1ed-fae9-a38a-68b0-6b074b1b93f0,1790015098,0.3000
buy,bid,12.00,2026-09-21T18:23:21.526708Z,2,0.188500,0723d1e0-1709-857a-1c80-2b6636c37242,True,KXBTC15M-26SEP211430-30,0.3400,01a0c535-51a8-7e9e-a7fe-415266872eba,yes,yes,0,KXBTC15M-26SEP211430-30,0723d1e0-1709-857a-1c80-2b6636c37242,1790015001,0.6600
buy,bid,11.98,2026-09-21T17:54:13.331611Z,2,0.034460,0723d170-3781-9bab-5826-00eb588b8d72,True,KXBTC15M-26SEP211400-00,0.9570,01a0c51a-a588-7beb-bc16-b4ed31a9de23,yes,yes,0,KXBTC15M-26SEP211400-00,0723d170-3781-9bab-5826-00eb588b8d72,1790013253,0.0430
buy,bid,0.01,2026-09-21T17:54:13.331611Z,2,0.000090,0723d170-33a9-9315-6668-3a067576172e,True,KXBTC15M-26SEP211400-00,0.9590,01a0c51a-a588-7beb-bc16-b4ed31a9de23,yes,yes,0,KXBTC15M-26SEP211400-00,0723d170-33a9-9315-6668-3a067576172e,1790013253,0.0410
buy,bid,0.01,2026-09-21T17:54:13.331611Z,2,0.000090,0723d170-33a9-900b-59c5-2175b7386b4d,True,KXBTC15M-26SEP211400-00,0.9590,01a0c51a-a588-7beb-bc16-b4ed31a9de23,yes,yes,0,KXBTC15M-26SEP211400-00,0723d170-33a9-900b-59c5-2175b7386b4d,1790013253,0.0410
sell,ask,12.00,2026-09-21T17:51:52.293541Z,2,0.112900,0723d179-8809-8974-c60c-739ce7bee394,True,KXBTC15M-26SEP211400-00,0.8400,01a0c518-7ec0-7c94-9efa-55b62988e2bc,no,no,0,KXBTC15M-26SEP211400-00,0723d179-8809-8974-c60c-739ce7bee394,1790013112,0.1600
buy,bid,1.34,2026-09-21T17:41:42.215942Z,2,0.021100,0723d133-93c9-a885-ef3c-3030632393f9,True,KXBTC15M-26SEP211345-45,0.3400,01a0c50f-2ff0-771a-9265-6c37299de7cd,yes,yes,0,KXBTC15M-26SEP211345-45,0723d133-93c9-a885-ef3c-3030632393f9,1790012502,0.6600
buy,bid,10.66,2026-09-21T17:41:42.215942Z,2,0.167400,0723d133-93c9-a055-e0ef-5cf4fa41feba,True,KXBTC15M-26SEP211345-45,0.3400,01a0c50f-2ff0-771a-9265-6c37299de7cd,yes,yes,0,KXBTC15M-26SEP211345-45,0723d133-93c9-a055-e0ef-5cf4fa41feba,1790012502,0.6600
sell,ask,12.00,2026-09-21T17:40:51.769996Z,2,0.209300,0723d137-ca59-877d-6de5-54fa9239d4b5,True,KXBTC15M-26SEP211345-45,0.5300,01a0c50e-68b8-7d3f-b83c-d3f9b08a774e,no,no,0,KXBTC15M-26SEP211345-45,0723d137-ca59-877d-6de5-54fa9239d4b5,1790012451,0.4700
buy,bid,12.00,2026-09-21T17:37:58.569823Z,2,0.207900,0723d124-d731-8e48-6a7c-07bda8463e3f,True,KXBTC15M-26SEP211345-45,0.4500,01a0c50b-c4f0-7c91-b7fc-cb10f081f943,yes,yes,0,KXBTC15M-26SEP211345-45,0723d124-d731-8e48-6a7c-07bda8463e3f,1790012278,0.5500
sell,ask,12.00,2026-09-21T17:35:28.129534Z,2,0.203200,0723d12c-8349-a6e3-8916-b4df2288a8ff,True,KXBTC15M-26SEP211345-45,0.5900,01a0c509-7b00-74c5-8820-adbb8b1b02c2,no,no,0,KXBTC15M-26SEP211345-45,0723d12c-8349-a6e3-8916-b4df2288a8ff,1790012128,0.4100
buy,bid,12.00,2026-09-21T17:24:41.569741Z,2,0.129300,0723d701-e2a9-84f1-846f-e96144f34ca6,True,KXBTC15M-26SEP211330-30,0.8100,01a0c4ff-9ba8-7e14-812e-a6c3873736a4,yes,yes,0,KXBTC15M-26SEP211330-30,0723d701-e2a9-84f1-846f-e96144f34ca6,1790011481,0.1900
sell,ask,12.00,2026-09-21T17:20:32.842752Z,2,0.095100,0723d714-f719-9a53-8926-0b9b05898d34,True,KXBTC15M-26SEP211330-30,0.8700,01a0c4fb-cf00-79dc-8381-40ad09d98c7a,no,no,0,KXBTC15M-26SEP211330-30,0723d714-f719-9a53-8926-0b9b05898d34,1790011232,0.1300
sell,ask,12.00,2026-09-21T17:12:26.81868Z,2,0.059000,0723d725-f6d1-a3fd-465a-f13bdb0086c5,True,KXBTC15M-26SEP211315-15,0.0760,01a0c4f4-6490-76a7-b7a3-e28a14c1d3e2,no,no,0,KXBTC15M-26SEP211315-15,0723d725-f6d1-a3fd-465a-f13bdb0086c5,1790010746,0.9240
buy,bid,12.00,2026-09-21T17:08:53.191172Z,2,0.118600,0723d735-b281-981a-7070-e32daeb9f7bb,True,KXBTC15M-26SEP211315-15,0.1700,01a0c4f1-2488-78c7-b36b-6824612e7543,yes,yes,0,KXBTC15M-26SEP211315-15,0723d735-b281-981a-7070-e32daeb9f7bb,1790010533,0.8300
buy,ask,15.30,2026-09-21T16:50:52.054961Z,2,0.143900,0723d762-0991-bdbc-1abe-e357a530ba1d,True,KXBTCD-26SEP2113-T86099.99,0.8400,01a0c4e0-a5e0-7107-aa3e-9e9eae9ed6d9,no,no,0,KXBTCD-26SEP2113-T86099.99,0723d762-0991-bdbc-1abe-e357a530ba1d,1790009452,0.1600
buy,ask,50.00,2026-09-21T16:50:52.054961Z,2,0.493900,0723d762-0991-b8a3-23f5-47c898da6f1b,True,KXBTCD-26SEP2113-T86099.99,0.8300,01a0c4e0-a5e0-7107-aa3e-9e9eae9ed6d9,no,no,0,KXBTCD-26SEP2113-T86099.99,0723d762-0991-b8a3-23f5-47c898da6f1b,1790009452,0.1700
sell,bid,61.70,2026-09-21T16:44:20.639123Z,2,0.000000,0723d7b0-0021-be90-a094-2b314cc7bfbd,False,KXBTC15M-26SEP211245-45,0.8800,01a0c4da-aaa0-7e36-a84c-c489d8ea82ad,yes,yes,0,KXBTC15M-26SEP211245-45,0723d7b0-0021-be90-a094-2b314cc7bfbd,1790009060,0.1200
buy,ask,61.70,2026-09-21T16:39:28.831155Z,2,0.193500,0723d78e-ee01-829f-36e1-1ab38d86be48,True,KXBTC15M-26SEP211245-45,0.9530,01a0c4d6-3600-7e1c-ae12-a25521192447,no,no,0,KXBTC15M-26SEP211245-45,0723d78e-ee01-829f-36e1-1ab38d86be48,1790008768,0.0470
buy,bid,12.00,2026-09-21T16:24:17.509189Z,2,0.148800,0723d7e9-7621-9fe5-f27f-67239b4c8b33,True,KXBTC15M-26SEP211230-30,0.2300,01a0c4c8-4f68-7823-99ee-2e14a6d09f76,yes,yes,0,KXBTC15M-26SEP211230-30,0723d7e9-7621-9fe5-f27f-67239b4c8b33,1790007857,0.7700
sell,ask,12.00,2026-09-21T16:24:14.316044Z,2,0.139400,0723d7e9-4d71-8d5a-20bc-c73c4ebaa198,True,KXBTC15M-26SEP211230-30,0.2100,01a0c4c8-43b0-7ffc-a511-a0abcd88f9a7,no,no,0,KXBTC15M-26SEP211230-30,0723d7e9-4d71-8d5a-20bc-c73c4ebaa198,1790007854,0.7900
buy,bid,12.00,2026-09-21T16:23:53.276581Z,2,0.129300,0723d7d8-2b61-808f-5aeb-824a7eac963d,True,KXBTC15M-26SEP211230-30,0.1900,01a0c4c7-f1a8-7cbb-b2f1-3065b9a20679,yes,yes,0,KXBTC15M-26SEP211230-30,0723d7d8-2b61-808f-5aeb-824a7eac963d,1790007833,0.8100
sell,ask,12.00,2026-09-21T16:23:50.037887Z,2,0.157500,0723d7d8-75c9-aa33-1c08-b985e0fd180a,True,KXBTC15M-26SEP211230-30,0.2500,01a0c4c7-e5f0-7601-a3de-da75551d3c4e,no,no,0,KXBTC15M-26SEP211230-30,0723d7d8-75c9-aa33-1c08-b985e0fd180a,1790007830,0.7500
sell,ask,11.98,2026-09-21T16:09:14.069375Z,2,0.045740,0723d650-a001-9da3-875c-62485a485ce8,True,KXBTC15M-26SEP211215-15,0.9420,01a0c4ba-8810-78be-839a-f112ccff0546,no,no,0,KXBTC15M-26SEP211215-15,0723d650-a001-9da3-875c-62485a485ce8,1790006954,0.0580
sell,ask,0.01,2026-09-21T16:09:14.069375Z,2,0.000080,0723d650-a001-9a39-b632-a1ba32429137,True,KXBTC15M-26SEP211215-15,0.9420,01a0c4ba-8810-78be-839a-f112ccff0546,no,no,0,KXBTC15M-26SEP211215-15,0723d650-a001-9a39-b632-a1ba32429137,1790006954,0.0580
sell,ask,0.01,2026-09-21T16:09:14.069375Z,2,0.000080,0723d650-a001-97dd-83fb-02f2bd497e99,True,KXBTC15M-26SEP211215-15,0.9420,01a0c4ba-8810-78be-839a-f112ccff0546,no,no,0,KXBTC15M-26SEP211215-15,0723d650-a001-97dd-83fb-02f2bd497e99,1790006954,0.0580
buy,bid,0.01,2026-09-21T16:09:10.659218Z,2,0.000120,0723d653-99b1-9ef4-2fda-559ebd566a94,True,KXBTC15M-26SEP211215-15,0.9420,01a0c4ba-7870-7a0a-a7ed-620ef8956a6c,yes,yes,0,KXBTC15M-26SEP211215-15,0723d653-99b1-9ef4-2fda-559ebd566a94,1790006950,0.0580
buy,bid,0.01,2026-09-21T16:09:10.659218Z,2,0.000020,0723d653-99b1-9cf9-301a-57413e111122,True,KXBTC15M-26SEP211215-15,0.9420,01a0c4ba-7870-7a0a-a7ed-620ef8956a6c,yes,yes,0,KXBTC15M-26SEP211215-15,0723d653-99b1-9cf9-301a-57413e111122,1790006950,0.0580
buy,bid,11.98,2026-09-21T16:09:10.659218Z,2,0.047300,0723d653-9549-9926-1a24-db314cf0c4d8,True,KXBTC15M-26SEP211215-15,0.9400,01a0c4ba-7870-7a0a-a7ed-620ef8956a6c,yes,yes,0,KXBTC15M-26SEP211215-15,0723d653-9549-9926-1a24-db314cf0c4d8,1790006950,0.0600
buy,bid,1.98,2026-09-21T16:08:52.500233Z,2,0.011780,0723d652-faa1-8c52-8ec4-2f8f4dbc3b5e,True,KXBTC15M-26SEP211215-15,0.9060,01a0c4ba-3220-7f11-8a6a-e6cfd75c18aa,yes,yes,0,KXBTC15M-26SEP211215-15,0723d652-faa1-8c52-8ec4-2f8f4dbc3b5e,1790006932,0.0940
buy,bid,0.01,2026-09-21T16:08:52.500233Z,2,0.000060,0723d652-faa1-8882-a23d-fcd6a24ab191,True,KXBTC15M-26SEP211215-15,0.9060,01a0c4ba-3220-7f11-8a6a-e6cfd75c18aa,yes,yes,0,KXBTC15M-26SEP211215-15,0723d652-faa1-8882-a23d-fcd6a24ab191,1790006932,0.0940
buy,bid,10.00,2026-09-21T16:08:52.500233Z,2,0.059700,0723d652-faa1-86ab-a226-04db48a86b27,True,KXBTC15M-26SEP211215-15,0.9060,01a0c4ba-3220-7f11-8a6a-e6cfd75c18aa,yes,yes,0,KXBTC15M-26SEP211215-15,0723d652-faa1-86ab-a226-04db48a86b27,1790006932,0.0940
buy,bid,0.01,2026-09-21T16:08:52.500233Z,2,0.000060,0723d652-faa1-8344-a406-5732d728ad6a,True,KXBTC15M-26SEP211215-15,0.9060,01a0c4ba-3220-7f11-8a6a-e6cfd75c18aa,yes,yes,0,KXBTC15M-26SEP211215-15,0723d652-faa1-8344-a406-5732d728ad6a,1790006932,0.0940
sell,ask,12.00,2026-09-21T16:06:57.059481Z,2,0.075600,0723d659-a691-b953-1466-f147a38b595c,True,KXBTC15M-26SEP211215-15,0.9000,01a0c4b8-70e8-7264-a503-3f0afafa7560,no,no,0,KXBTC15M-26SEP211215-15,0723d659-a691-b953-1466-f147a38b595c,1790006817,0.1000
buy,bid,12.00,2026-09-21T15:56:26.380615Z,2,0.207900,0723d615-8c69-a0ba-8838-29581a7eeed1,True,KXBTC15M-26SEP211200-00,0.5500,01a0c4ae-d010-75e7-83d2-3ad4a06f3554,yes,yes,0,KXBTC15M-26SEP211200-00,0723d615-8c69-a0ba-8838-29581a7eeed1,1790006186,0.4500
sell,ask,12.00,2026-09-21T15:55:11.890314Z,2,0.157500,0723d61b-0b51-9503-574e-ad301e8208a7,True,KXBTC15M-26SEP211200-00,0.7500,01a0c4ad-ab18-793f-b03d-2d52e1d315f3,no,no,0,KXBTC15M-26SEP211200-00,0723d61b-0b51-9503-574e-ad301e8208a7,1790006111,0.2500
buy,bid,12.00,2026-09-21T15:51:45.25747Z,2,0.179700,0723d600-4a01-9a11-80cf-f4a8c346292b,True,KXBTC15M-26SEP211200-00,0.3100,01a0c4aa-8668-781b-81e9-6fd18da3b6e6,yes,yes,0,KXBTC15M-26SEP211200-00,0723d600-4a01-9a11-80cf-f4a8c346292b,1790005905,0.6900
sell,ask,12.00,2026-09-21T15:51:42.044585Z,2,0.195900,0723d603-8439-935a-a996-48852304838e,True,KXBTC15M-26SEP211200-00,0.3700,01a0c4aa-7ab0-7b37-86d7-4fa2e55af529,no,no,0,KXBTC15M-26SEP211200-00,0723d603-8439-935a-a996-48852304838e,1790005902,0.6300
buy,bid,12.00,2026-09-21T15:42:33.330125Z,2,0.082300,0723d629-a751-8d4d-36a9-13f3b1100661,True,KXBTC15M-26SEP211145-45,0.1100,01a0c4a2-1a28-7ed1-a70f-bbaeccb00921,yes,yes,0,KXBTC15M-26SEP211145-45,0723d629-a751-8d4d-36a9-13f3b1100661,1790005353,0.8900
sell,ask,4.59,2026-09-21T15:42:30.064475Z,2,0.041000,0723d62a-3349-bc35-a7ce-8f561e63f110,True,KXBTC15M-26SEP211145-45,0.1500,01a0c4a2-0e70-72c9-8079-4248a0615b9f,no,no,0,KXBTC15M-26SEP211145-45,0723d62a-3349-bc35-a7ce-8f561e63f110,1790005350,0.8500
sell,ask,7.41,2026-09-21T15:42:30.064475Z,2,0.066200,0723d62a-3349-bbab-b433-aed213548031,True,KXBTC15M-26SEP211145-45,0.1500,01a0c4a2-0e70-72c9-8079-4248a0615b9f,no,no,0,KXBTC15M-26SEP211145-45,0723d62a-3349-bbab-b433-aed213548031,1790005350,0.8500
buy,bid,12.00,2026-09-21T15:42:08.649866Z,2,0.129300,0723d627-5a81-969c-96bc-4f7709757fbc,True,KXBTC15M-26SEP211145-45,0.1900,01a0c4a1-b880-79c0-8c79-b6e57a75d0a7,yes,yes,0,KXBTC15M-26SEP211145-45,0723d627-5a81-969c-96bc-4f7709757fbc,1790005328,0.8100
sell,ask,12.00,2026-09-21T15:42:05.45285Z,2,0.129300,0723d627-1fe9-8e04-cf98-487feda1e643,True,KXBTC15M-26SEP211145-45,0.1900,01a0c4a1-acc8-7f72-9bf1-b5f4d4f6b6b0,no,no,0,KXBTC15M-26SEP211145-45,0723d627-1fe9-8e04-cf98-487feda1e643,1790005325,0.8100
buy,bid,12.00,2026-09-21T14:52:16.754906Z,2,0.072900,0723d5a4-5501-8c16-288a-62f5c89a393a,True,KXBTC15M-26SEP211100-00,0.0960,01a0c474-1100-7ced-a02c-194a3e0b4c25,yes,yes,0,KXBTC15M-26SEP211100-00,0723d5a4-5501-8c16-288a-62f5c89a393a,1790002336,0.9040
sell,ask,12.00,2026-09-21T14:52:13.586836Z,2,0.082300,0723d5a3-ecb1-bbdf-faf2-1e5a3dddbb24,True,KXBTC15M-26SEP211100-00,0.1100,01a0c474-0548-72d1-9461-7bf22b23caf0,no,no,0,KXBTC15M-26SEP211100-00,0723d5a3-ecb1-bbdf-faf2-1e5a3dddbb24,1790002333,0.8900
buy,bid,12.00,2026-09-21T14:51:55.353556Z,2,0.075600,0723d5bd-6031-bee0-9dd5-cd04bbcb95bf,True,KXBTC15M-26SEP211100-00,0.1000,01a0c473-bef8-72ce-88e0-e97428eed88e,yes,yes,0,KXBTC15M-26SEP211100-00,0723d5bd-6031-bee0-9dd5-cd04bbcb95bf,1790002315,0.9000
sell,ask,12.00,2026-09-21T14:51:52.093354Z,2,0.101200,0723d5bd-f729-819e-dea4-3d5473e25125,True,KXBTC15M-26SEP211100-00,0.1400,01a0c473-b340-7d9c-97eb-304b8b4caf0a,no,no,0,KXBTC15M-26SEP211100-00,0723d5bd-f729-819e-dea4-3d5473e25125,1790002312,0.8600
sell,ask,12.00,2026-09-21T14:51:10.69354Z,2,0.107100,0723d5bf-3789-a105-933a-747f484098aa,True,KXBTC15M-26SEP211100-00,0.1500,01a0c473-0f30-77d9-8002-c77299c03a3f,no,no,0,KXBTC15M-26SEP211100-00,0723d5bf-3789-a105-933a-747f484098aa,1790002270,0.8500
buy,bid,12.00,2026-09-21T14:50:23.486305Z,2,0.088800,0723d5bb-09f9-b853-27ff-1ee98eb5ad70,True,KXBTC15M-26SEP211100-00,0.1200,01a0c472-5798-704f-ac43-22a4a48be941,yes,yes,0,KXBTC15M-26SEP211100-00,0723d5bb-09f9-b853-27ff-1ee98eb5ad70,1790002223,0.8800
buy,bid,12.00,2026-09-21T14:42:53.850491Z,2,0.101200,0723d5c6-92c1-98e8-fb69-d18f2a0ab673,True,KXBTC15M-26SEP211045-45,0.1400,01a0c46b-79c8-7b2c-9124-4d01b7a8af9e,yes,yes,0,KXBTC15M-26SEP211045-45,0723d5c6-92c1-98e8-fb69-d18f2a0ab673,1790001773,0.8600
sell,ask,12.00,2026-09-21T14:42:50.628767Z,2,0.068800,0723d5c6-d269-8cd8-6f67-e5dbd2717da7,True,KXBTC15M-26SEP211045-45,0.0900,01a0c46b-6e10-7c43-b31f-ebef6b185d2e,no,no,0,KXBTC15M-26SEP211045-45,0723d5c6-d269-8cd8-6f67-e5dbd2717da7,1790001770,0.9100
buy,bid,12.00,2026-09-21T14:42:16.211945Z,2,0.101200,0723d5c1-4059-895c-aaa8-49e3aa52ac4f,True,KXBTC15M-26SEP211045-45,0.1400,01a0c46a-e940-7c18-8e92-ebb971d22587,yes,yes,0,KXBTC15M-26SEP211045-45,0723d5c1-4059-895c-aaa8-49e3aa52ac4f,1790001736,0.8600
sell,ask,12.00,2026-09-21T14:42:13.016576Z,2,0.118600,0723d5c1-af81-8072-6f54-c72665214d70,True,KXBTC15M-26SEP211045-45,0.1700,01a0c46a-dd88-7ec7-b0e2-46edc367daaa,no,no,0,KXBTC15M-26SEP211045-45,0723d5c1-af81-8072-6f54-c72665214d70,1790001733,0.8300
sell,ask,12.00,2026-09-21T14:39:57.766434Z,2,0.165600,0723d5cb-e369-ba7d-af18-7a81680d3fdd,True,KXBTC15M-26SEP211045-45,0.2700,01a0c468-ca48-71ae-8f68-5070186529cb,no,no,0,KXBTC15M-26SEP211045-45,0723d5cb-e369-ba7d-af18-7a81680d3fdd,1790001597,0.7300
buy,bid,12.00,2026-09-21T14:36:00.355793Z,2,0.088800,0723d5f0-2a11-8a76-ad23-4f56d3cd7af7,True,KXBTC15M-26SEP211045-45,0.1200,01a0c465-2c80-7e05-8b2c-d49a3c4b81c1,yes,yes,0,KXBTC15M-26SEP211045-45,0723d5f0-2a11-8a76-ad23-4f56d3cd7af7,1790001360,0.8800
sell,ask,12.00,2026-09-21T14:22:27.680025Z,2,0.088800,0723d53b-d659-a69d-c1fa-5c27264d6795,True,KXBTC15M-26SEP211030-30,0.1200,01a0c458-c4b8-76b8-9ec3-076cac38e215,no,no,0,KXBTC15M-26SEP211030-30,0723d53b-d659-a69d-c1fa-5c27264d6795,1790000547,0.8800
buy,bid,12.00,2026-09-21T14:20:28.828855Z,2,0.165600,0723d50d-3c61-b710-c9b3-73f7adc5a613,True,KXBTC15M-26SEP211030-30,0.2700,01a0c456-f3e0-7156-97c4-40b8fe775cd7,yes,yes,0,KXBTC15M-26SEP211030-30,0723d50d-3c61-b710-c9b3-73f7adc5a613,1790000428,0.7300
sell,ask,12.00,2026-09-21T14:11:01.693632Z,2,0.139400,0723d577-7929-bc5d-55c4-5fde5af10bff,True,KXBTC15M-26SEP211015-15,0.7900,01a0c44e-4d08-7104-bdb9-6229cbbc360d,no,no,0,KXBTC15M-26SEP211015-15,0723d577-7929-bc5d-55c4-5fde5af10bff,1789999861,0.2100
buy,bid,0.01,2026-09-21T14:10:58.490352Z,2,0.000200,0723d577-4411-8f7a-f8c5-c711bbbf0a0a,True,KXBTC15M-26SEP211015-15,0.8000,01a0c44e-4150-7c62-98d5-8fc4136c5302,yes,yes,0,KXBTC15M-26SEP211015-15,0723d577-4411-8f7a-f8c5-c711bbbf0a0a,1789999858,0.2000
buy,bid,11.98,2026-09-21T14:10:58.490352Z,2,0.134100,0723d577-4411-8ed9-e3d9-9767450e16cc,True,KXBTC15M-26SEP211015-15,0.8000,01a0c44e-4150-7c62-98d5-8fc4136c5302,yes,yes,0,KXBTC15M-26SEP211015-15,0723d577-4411-8ed9-e3d9-9767450e16cc,1789999858,0.2000
buy,bid,0.01,2026-09-21T14:10:58.490352Z,2,0.000100,0723d577-4411-8a22-f316-6a1788a54cb0,True,KXBTC15M-26SEP211015-15,0.8000,01a0c44e-4150-7c62-98d5-8fc4136c5302,yes,yes,0,KXBTC15M-26SEP211015-15,0723d577-4411-8a22-f316-6a1788a54cb0,1789999858,0.2000
sell,ask,12.00,2026-09-21T14:10:08.089034Z,2,0.101200,0723d578-8219-8195-b136-180f07f22a13,True,KXBTC15M-26SEP211015-15,0.8600,01a0c44d-7e00-7e1a-8b7f-324a100fba1e,no,no,0,KXBTC15M-26SEP211015-15,0723d578-8219-8195-b136-180f07f22a13,1789999808,0.1400
buy,bid,12.00,2026-09-21T14:10:04.77633Z,2,0.107100,0723d578-df11-8d8f-2b6a-4ae031e4af16,True,KXBTC15M-26SEP211015-15,0.8500,01a0c44d-6e60-7c2b-a54e-2673f1bf8e69,yes,yes,0,KXBTC15M-26SEP211015-15,0723d578-df11-8d8f-2b6a-4ae031e4af16,1789999804,0.1500
sell,ask,12.00,2026-09-21T14:09:32.068773Z,2,0.067500,0723d57f-2441-b24e-0104-07b824d928b6,True,KXBTC15M-26SEP211015-15,0.9120,01a0c44c-f160-70d9-a059-369351a959fb,no,no,0,KXBTC15M-26SEP211015-15,0723d57f-2441-b24e-0104-07b824d928b6,1789999772,0.0880
buy,bid,12.00,2026-09-21T14:09:28.877906Z,2,0.075600,0723d57f-5ad9-9ef7-7d2b-4ef23f7384e9,True,KXBTC15M-26SEP211015-15,0.9000,01a0c44c-e1c0-797b-b9ce-a2917224c95e,yes,yes,0,KXBTC15M-26SEP211015-15,0723d57f-5ad9-9ef7-7d2b-4ef23f7384e9,1789999768,0.1000
sell,ask,12.00,2026-09-21T14:09:00.271947Z,2,0.066800,0723d57d-bd11-b49c-62d6-0b922d77cd57,True,KXBTC15M-26SEP211015-15,0.9130,01a0c44c-7460-7327-b84a-f14a07478d51,no,no,0,KXBTC15M-26SEP211015-15,0723d57d-bd11-b49c-62d6-0b922d77cd57,1789999740,0.0870
buy,bid,1.07,2026-09-21T14:08:56.924974Z,2,0.006040,0723d57d-f7c1-8e16-27bc-ed1728ac2a1a,True,KXBTC15M-26SEP211015-15,0.9120,01a0c44c-64c0-7ef0-a3fa-15de5314a007,yes,yes,0,KXBTC15M-26SEP211015-15,0723d57d-f7c1-8e16-27bc-ed1728ac2a1a,1789999736,0.0880
buy,bid,0.01,2026-09-21T14:08:56.924974Z,2,0.000020,0723d57d-f7c1-8b8b-05b2-667c23604b97,True,KXBTC15M-26SEP211015-15,0.9120,01a0c44c-64c0-7ef0-a3fa-15de5314a007,yes,yes,0,KXBTC15M-26SEP211015-15,0723d57d-f7c1-8b8b-05b2-667c23604b97,1789999736,0.0880
buy,bid,10.92,2026-09-21T14:08:56.924974Z,2,0.061440,0723d57d-de51-8029-207a-54ef67b48129,True,KXBTC15M-26SEP211015-15,0.9120,01a0c44c-64c0-7ef0-a3fa-15de5314a007,yes,yes,0,KXBTC15M-26SEP211015-15,0723d57d-de51-8029-207a-54ef67b48129,1789999736,0.0880
sell,ask,12.00,2026-09-21T14:08:32.774066Z,2,0.050400,0723d57c-1b01-aa0e-01ae-785107f0774c,True,KXBTC15M-26SEP211015-15,0.9360,01a0c44c-0700-7445-a4cf-e74ca05da5ff,no,no,0,KXBTC15M-26SEP211015-15,0723d57c-1b01-aa0e-01ae-785107f0774c,1789999712,0.0640
buy,bid,12.00,2026-09-21T14:08:29.59651Z,2,0.056900,0723d564-1669-b17a-6dfa-a3238582433a,True,KXBTC15M-26SEP211015-15,0.9270,01a0c44b-fb48-706a-b013-4b7e1270efdd,yes,yes,0,KXBTC15M-26SEP211015-15,0723d564-1669-b17a-6dfa-a3238582433a,1789999709,0.0730
buy,bid,2.00,2026-09-21T13:50:16.087903Z,2,0.004900,0723d4db-4c61-b6f3-ddb9-3c8c5c73c18c,True,KXBTC15M-26SEP211000-00,0.0360,01a0c43b-4dc0-715b-9b2f-88ce13ff3469,yes,yes,0,KXBTC15M-26SEP211000-00,0723d4db-4c61-b6f3-ddb9-3c8c5c73c18c,1789998616,0.9640
buy,bid,10.00,2026-09-21T13:50:16.087903Z,2,0.024300,0723d4d6-7ac1-bcb0-c1de-68c217ff1d65,True,KXBTC15M-26SEP211000-00,0.0360,01a0c43b-4dc0-715b-9b2f-88ce13ff3469,yes,yes,0,KXBTC15M-26SEP211000-00,0723d4d6-7ac1-bcb0-c1de-68c217ff1d65,1789998616,0.9640
sell,ask,12.00,2026-09-21T13:50:12.839552Z,2,0.040700,0723d4d7-c6a1-b0ef-dfe8-5abaa75e58df,True,KXBTC15M-26SEP211000-00,0.0510,01a0c43b-3e20-72b1-9715-f84a12f0ddee,no,no,0,KXBTC15M-26SEP211000-00,0723d4d7-c6a1-b0ef-dfe8-5abaa75e58df,1789998612,0.9490
buy,bid,12.00,2026-09-21T13:42:55.303941Z,2,0.082300,0723d4e6-c351-8d87-f4ba-8ef79d2cb0e9,True,KXBTC15M-26SEP210945-45,0.1100,01a0c434-9318-7f0f-9d29-036ef1c87e9b,yes,yes,0,KXBTC15M-26SEP210945-45,0723d4e6-c351-8d87-f4ba-8ef79d2cb0e9,1789998175,0.8900
sell,ask,12.00,2026-09-21T13:42:52.131627Z,2,0.039900,0723d4e6-7189-b0b9-f3da-106f63ece2e2,True,KXBTC15M-26SEP210945-45,0.0500,01a0c434-8760-7034-981f-ab618ea37dbf,no,no,0,KXBTC15M-26SEP210945-45,0723d4e6-7189-b0b9-f3da-106f63ece2e2,1789998172,0.9500
buy,bid,12.00,2026-09-21T13:40:53.203598Z,2,0.144200,0723d4f8-6ca9-a950-089f-e4c8e9675eba,True,KXBTC15M-26SEP210945-45,0.2200,01a0c432-b688-742c-ab26-105097122c82,yes,yes,0,KXBTC15M-26SEP210945-45,0723d4f8-6ca9-a950-089f-e4c8e9675eba,1789998053,0.7800
sell,ask,12.00,2026-09-21T13:40:49.990073Z,2,0.148800,0723d4f8-38a1-9bc3-28aa-8dc4e287ba9d,True,KXBTC15M-26SEP210945-45,0.2300,01a0c432-a6e8-7aa1-ad04-cbb4526f84f5,no,no,0,KXBTC15M-26SEP210945-45,0723d4f8-38a1-9bc3-28aa-8dc4e287ba9d,1789998049,0.7700
buy,bid,12.00,2026-09-21T13:26:56.649776Z,2,0.017300,0723d4b2-3501-8f89-ee62-8d6bd5d86dbf,True,KXBTC15M-26SEP210930-30,0.9790,01a0c425-f100-7f39-9848-eec0b992e4b5,yes,yes,0,KXBTC15M-26SEP210930-30,0723d4b2-3501-8f89-ee62-8d6bd5d86dbf,1789997216,0.0210
sell,ask,0.01,2026-09-21T13:24:47.838063Z,2,0.000200,0723d4ac-1d79-af9e-de43-734d21286b8f,True,KXBTC15M-26SEP210930-30,0.8000,01a0c423-f918-75e8-940d-37e734b268df,no,no,0,KXBTC15M-26SEP210930-30,0723d4ac-1d79-af9e-de43-734d21286b8f,1789997087,0.2000
sell,ask,11.98,2026-09-21T13:24:47.838063Z,2,0.134100,0723d4ac-1d79-ad62-cbfa-fa42ce546649,True,KXBTC15M-26SEP210930-30,0.8000,01a0c423-f918-75e8-940d-37e734b268df,no,no,0,KXBTC15M-26SEP210930-30,0723d4ac-1d79-ad62-cbfa-fa42ce546649,1789997087,0.2000
sell,ask,0.01,2026-09-21T13:24:47.838063Z,2,0.000100,0723d4ac-1d79-a0d2-f53f-e5ad18c17283,True,KXBTC15M-26SEP210930-30,0.8000,01a0c423-f918-75e8-940d-37e734b268df,no,no,0,KXBTC15M-26SEP210930-30,0723d4ac-1d79-a0d2-f53f-e5ad18c17283,1789997087,0.2000
buy,bid,12.00,2026-09-21T13:20:36.405322Z,2,0.210000,0723d4a0-b239-b1ca-7911-0b88dc0b04d1,True,KXBTC15M-26SEP210930-30,0.5000,01a0c420-24a0-7285-b62f-85fae0330b03,yes,yes,0,KXBTC15M-26SEP210930-30,0723d4a0-b239-b1ca-7911-0b88dc0b04d1,1789996836,0.5000
sell,ask,12.00,2026-09-21T13:20:30.332811Z,2,0.204700,0723d4a0-3d89-94eb-d3c7-0eb2503aca78,True,KXBTC15M-26SEP210930-30,0.5800,01a0c420-0d30-79aa-93d2-2a4222127c04,no,no,0,KXBTC15M-26SEP210930-30,0723d4a0-3d89-94eb-d3c7-0eb2503aca78,1789996830,0.4200
buy,bid,12.00,2026-09-21T13:12:26.488166Z,2,0.027600,0723d47a-00d1-b0ba-c630-b4349a1c4514,True,KXBTC15M-26SEP210915-15,0.9660,01a0c418-aa90-7047-915f-a018d653ed8f,yes,yes,0,KXBTC15M-26SEP210915-15,0723d47a-00d1-b0ba-c630-b4349a1c4514,1789996346,0.0340
sell,ask,12.00,2026-09-21T13:11:27.308365Z,2,0.107100,0723d448-d479-a24e-a6c1-1e6d9a6cd36b,True,KXBTC15M-26SEP210915-15,0.8500,01a0c417-c418-761a-80bd-f927d588179c,no,no,0,KXBTC15M-26SEP210915-15,0723d448-d479-a24e-a6c1-1e6d9a6cd36b,1789996287,0.1500
buy,bid,12.00,2026-09-21T13:05:59.306927Z,2,0.210000,0723d459-b591-bfa8-33b4-1db7fe99dc9b,True,KXBTC15M-26SEP210915-15,0.4900,01a0c412-c2d8-701c-a63a-8376d44ea137,yes,yes,0,KXBTC15M-26SEP210915-15,0723d459-b591-bfa8-33b4-1db7fe99dc9b,1789995959,0.5100
sell,ask,12.00,2026-09-21T13:05:02.008672Z,2,0.144200,0723d456-7089-9e44-bab4-3defd4073482,True,KXBTC15M-26SEP210915-15,0.7800,01a0c411-e430-783f-8ef2-1c17f34a9054,no,no,0,KXBTC15M-26SEP210915-15,0723d456-7089-9e44-bab4-3defd4073482,1789995902,0.2200
sell,ask,12.00,2026-09-21T11:55:38.108028Z,2,0.203200,0723cc9b-30d1-9675-55a1-46f56c91babd,True,KXBTC15M-26SEP210800-00,0.5900,01a0c3d2-5a90-781e-b4fd-fa27593c4dcd,no,no,0,KXBTC15M-26SEP210800-00,0723cc9b-30d1-9675-55a1-46f56c91babd,1789991738,0.4100
sell,ask,12.00,2026-09-21T11:54:12.469776Z,2,0.210000,0723cc95-2c39-9b37-f08c-6c3655c9e1d3,True,KXBTC15M-26SEP210800-00,0.4900,01a0c3d1-0aa0-78d3-9812-72942129d47a,no,no,0,KXBTC15M-26SEP210800-00,0723cc95-2c39-9b37-f08c-6c3655c9e1d3,1789991652,0.5100
buy,bid,12.00,2026-09-21T11:52:47.096509Z,2,0.173000,0723ccf1-5499-ade6-535f-175e60d25e04,True,KXBTC15M-26SEP210800-00,0.2900,01a0c3cf-be98-7660-b454-527a42aea96a,yes,yes,0,KXBTC15M-26SEP210800-00,0723ccf1-5499-ade6-535f-175e60d25e04,1789991567,0.7100
sell,ask,12.00,2026-09-21T11:41:58.097847Z,2,0.009200,0723ccd2-e5f1-b887-2da2-13c6080567f7,True,KXBTC15M-26SEP210745-45,0.0110,01a0c3c5-d770-7335-a0c6-390fd47fb3ce,no,no,0,KXBTC15M-26SEP210745-45,0723ccd2-e5f1-b887-2da2-13c6080567f7,1789990918,0.9890
buy,bid,12.00,2026-09-21T11:39:14.320479Z,2,0.095100,0723ccce-1059-ba0c-918c-e5a761a4ff41,True,KXBTC15M-26SEP210745-45,0.1300,01a0c3c3-56d0-72df-884d-06bf9d77f866,yes,yes,0,KXBTC15M-26SEP210745-45,0723ccce-1059-ba0c-918c-e5a761a4ff41,1789990754,0.8700
sell,ask,12.00,2026-09-21T11:37:12.638792Z,2,0.199900,0723ccc4-9341-943e-e1dc-b872b6344ab4,True,KXBTC15M-26SEP210745-45,0.3900,01a0c3c1-7a40-7896-9aba-de2ea81365b3,no,no,0,KXBTC15M-26SEP210745-45,0723ccc4-9341-943e-e1dc-b872b6344ab4,1789990632,0.6100
buy,bid,4.00,2026-09-21T11:36:05.601985Z,2,0.053900,0723ccc1-a6a9-8ae8-8232-bf16292d128f,True,KXBTC15M-26SEP210745-45,0.2600,01a0c3c0-7488-7fa8-8206-51a69e2991b8,yes,yes,0,KXBTC15M-26SEP210745-45,0723ccc1-a6a9-8ae8-8232-bf16292d128f,1789990565,0.7400
buy,bid,7.00,2026-09-21T11:36:05.601985Z,2,0.094300,0723ccc1-a6a9-878b-89c6-49705307c20d,True,KXBTC15M-26SEP210745-45,0.2600,01a0c3c0-7488-7fa8-8206-51a69e2991b8,yes,yes,0,KXBTC15M-26SEP210745-45,0723ccc1-a6a9-878b-89c6-49705307c20d,1789990565,0.7400
buy,bid,1.00,2026-09-21T11:36:05.601985Z,2,0.013500,0723ccc1-a6a9-8209-b835-403793c8c446,True,KXBTC15M-26SEP210745-45,0.2600,01a0c3c0-7488-7fa8-8206-51a69e2991b8,yes,yes,0,KXBTC15M-26SEP210745-45,0723ccc1-a6a9-8209-b835-403793c8c446,1789990565,0.7400
sell,ask,0.01,2026-09-21T11:28:31.060854Z,2,0.000090,0723cd5f-9f51-bec3-3e53-219bc444d5c4,True,KXBTC15M-26SEP210730-30,0.0110,01a0c3b9-8718-71aa-aee6-4b9985934522,no,no,0,KXBTC15M-26SEP210730-30,0723cd5f-9f51-bec3-3e53-219bc444d5c4,1789990111,0.9890
sell,ask,0.01,2026-09-21T11:28:31.060854Z,2,0.000090,0723cd5f-9f51-b692-0b41-76d234bf9d21,True,KXBTC15M-26SEP210730-30,0.0110,01a0c3b9-8718-71aa-aee6-4b9985934522,no,no,0,KXBTC15M-26SEP210730-30,0723cd5f-9f51-b692-0b41-76d234bf9d21,1789990111,0.9890
sell,ask,10.00,2026-09-21T11:28:31.060854Z,2,0.007500,0723cd5f-9b79-bdeb-2ac1-12ee93d36b18,True,KXBTC15M-26SEP210730-30,0.0110,01a0c3b9-8718-71aa-aee6-4b9985934522,no,no,0,KXBTC15M-26SEP210730-30,0723cd5f-9b79-bdeb-2ac1-12ee93d36b18,1789990111,0.9890
sell,ask,1.98,2026-09-21T11:28:31.060854Z,2,0.001760,0723cd5f-6701-b74a-3f13-e583f4d76b98,True,KXBTC15M-26SEP210730-30,0.0130,01a0c3b9-8718-71aa-aee6-4b9985934522,no,no,0,KXBTC15M-26SEP210730-30,0723cd5f-6701-b74a-3f13-e583f4d76b98,1789990111,0.9870
buy,bid,1.00,2026-09-21T11:26:14.954207Z,2,0.007400,0723cd6a-d031-9f55-8e41-9e4140969c07,True,KXBTC15M-26SEP210730-30,0.1200,01a0c3b7-6ff0-7b74-882b-5d3df0b4877e,yes,yes,0,KXBTC15M-26SEP210730-30,0723cd6a-d031-9f55-8e41-9e4140969c07,1789989974,0.8800
buy,bid,1.00,2026-09-21T11:26:14.954207Z,2,0.007400,0723cd6a-d031-9388-8947-95f42082fd1a,True,KXBTC15M-26SEP210730-30,0.1200,01a0c3b7-6ff0-7b74-882b-5d3df0b4877e,yes,yes,0,KXBTC15M-26SEP210730-30,0723cd6a-d031-9388-8947-95f42082fd1a,1789989974,0.8800
buy,bid,10.00,2026-09-21T11:26:14.954207Z,2,0.074000,0723cd6a-d031-921f-8a7a-1a3ceb269376,True,KXBTC15M-26SEP210730-30,0.1200,01a0c3b7-6ff0-7b74-882b-5d3df0b4877e,yes,yes,0,KXBTC15M-26SEP210730-30,0723cd6a-d031-921f-8a7a-1a3ceb269376,1789989974,0.8800
sell,ask,12.00,2026-09-21T11:25:44.573041Z,2,0.124000,0723cd6d-11c1-8aec-ad50-ca4661ef87b8,True,KXBTC15M-26SEP210730-30,0.1800,01a0c3b6-fac0-7cea-8e05-40a86fdc5ba2,no,no,0,KXBTC15M-26SEP210730-30,0723cd6d-11c1-8aec-ad50-ca4661ef87b8,1789989944,0.8200
buy,bid,12.00,2026-09-21T11:23:46.681247Z,2,0.198000,0723cd61-9a91-a31c-cb1d-d605a95bd9df,True,KXBTC15M-26SEP210730-30,0.3800,01a0c3b5-2dd0-76b8-9c0b-1072390cdda8,yes,yes,0,KXBTC15M-26SEP210730-30,0723cd61-9a91-a31c-cb1d-d605a95bd9df,1789989826,0.6200
buy,bid,12.00,2026-09-21T10:55:39.091218Z,2,0.209700,0723cdf6-d7c9-9cc3-95f2-a73577502e50,True,KXBTC15M-26SEP210700-00,0.5200,01a0c39b-6ff8-7ad8-89d7-88fc72f2ad94,yes,yes,0,KXBTC15M-26SEP210700-00,0723cdf6-d7c9-9cc3-95f2-a73577502e50,1789988139,0.4800
sell,ask,12.00,2026-09-21T10:50:30.636863Z,2,0.153300,0723cdcc-56c9-b021-aada-878f6c6eb838,True,KXBTC15M-26SEP210700-00,0.7600,01a0c396-b8f0-70c4-85fa-843c7f9d4f2f,no,no,0,KXBTC15M-26SEP210700-00,0723cdcc-56c9-b021-aada-878f6c6eb838,1789987830,0.2400
buy,bid,2.00,2026-09-21T10:38:44.182258Z,2,0.004900,0723cda4-2f01-b420-743a-8d15c22fe625,True,KXBTC15M-26SEP210645-45,0.9640,01a0c38b-f320-730e-bd7d-aab4f51aabc9,yes,yes,0,KXBTC15M-26SEP210645-45,0723cda4-2f01-b420-743a-8d15c22fe625,1789987124,0.0360
buy,bid,10.00,2026-09-21T10:38:44.182258Z,2,0.024300,0723cda4-1731-b350-6160-80d44a83e372,True,KXBTC15M-26SEP210645-45,0.9640,01a0c38b-f320-730e-bd7d-aab4f51aabc9,yes,yes,0,KXBTC15M-26SEP210645-45,0723cda4-1731-b350-6160-80d44a83e372,1789987124,0.0360
sell,ask,12.00,2026-09-21T10:36:29.698614Z,2,0.095100,0723cdae-5731-81b3-43bb-bff03ca23456,True,KXBTC15M-26SEP210645-45,0.8700,01a0c389-e3c8-7de3-b53e-42e959dff317,no,no,0,KXBTC15M-26SEP210645-45,0723cdae-5731-81b3-43bb-bff03ca23456,1789986989,0.1300
buy,bid,12.00,2026-09-21T10:26:57.611801Z,2,0.203200,0723cd85-8439-b10e-3175-d080a0ef0e78,True,KXBTC15M-26SEP210630-30,0.5900,01a0c381-2968-73b5-a23d-0f830c622b20,yes,yes,0,KXBTC15M-26SEP210630-30,0723cd85-8439-b10e-3175-d080a0ef0e78,1789986417,0.4100
sell,ask,12.00,2026-09-21T10:23:37.300532Z,2,0.208700,0723ce86-6c89-bdfb-4130-647002893d1b,True,KXBTC15M-26SEP210630-30,0.5400,01a0c37e-1c28-72b0-b4e1-afaf5a3663e4,no,no,0,KXBTC15M-26SEP210630-30,0723ce86-6c89-bdfb-4130-647002893d1b,1789986217,0.4600
buy,bid,12.00,2026-09-21T10:13:16.730467Z,2,0.082300,0723cea6-2be1-9324-1569-aecd0c63e944,True,KXBTC15M-26SEP210615-15,0.8900,01a0c374-a260-7a48-ab9e-ea763594ebe7,yes,yes,0,KXBTC15M-26SEP210615-15,0723cea6-2be1-9324-1569-aecd0c63e944,1789985596,0.1100
sell,ask,12.00,2026-09-21T10:12:32.541487Z,2,0.082300,0723cebc-30c9-92eb-ec48-1f615bc7279b,True,KXBTC15M-26SEP210615-15,0.8900,01a0c373-f680-7b13-9739-76c4d65de3f5,no,no,0,KXBTC15M-26SEP210615-15,0723cebc-30c9-92eb-ec48-1f615bc7279b,1789985552,0.1100
sell,ask,12.00,2026-09-21T10:10:44.565202Z,2,0.209300,0723cebb-1221-8117-0024-34f2d18a4666,True,KXBTC15M-26SEP210615-15,0.5300,01a0c372-50a0-7de8-ac1f-2134304dcb19,no,no,0,KXBTC15M-26SEP210615-15,0723cebb-1221-8117-0024-34f2d18a4666,1789985444,0.4700
buy,bid,12.00,2026-09-21T10:10:39.521778Z,2,0.207000,0723ceba-c979-a133-a632-cabaa8153421,True,KXBTC15M-26SEP210615-15,0.5600,01a0c372-3d18-7491-8249-fdacf8541ae5,yes,yes,0,KXBTC15M-26SEP210615-15,0723ceba-c979-a133-a632-cabaa8153421,1789985439,0.4400
buy,bid,12.00,2026-09-21T09:36:27.22592Z,2,0.095100,0723ce19-5421-8948-d171-f647bafebe87,True,KXBTC15M-26SEP210545-45,0.1300,01a0c352-ed78-7f04-9f36-8d253f371095,yes,yes,0,KXBTC15M-26SEP210545-45,0723ce19-5421-8948-d171-f647bafebe87,1789983387,0.8700
sell,ask,4.08,2026-09-21T09:36:22.25803Z,2,0.034400,0723ce19-d959-baf5-c8bd-3d6516a77592,True,KXBTC15M-26SEP210545-45,0.1400,01a0c352-d9f0-7185-95d6-1378b7195f03,no,no,0,KXBTC15M-26SEP210545-45,0723ce19-d959-baf5-c8bd-3d6516a77592,1789983382,0.8600
sell,ask,7.91,2026-09-21T09:36:22.25803Z,2,0.066700,0723ce19-b1c9-bfed-cc2e-d7876936940b,True,KXBTC15M-26SEP210545-45,0.1400,01a0c352-d9f0-7185-95d6-1378b7195f03,no,no,0,KXBTC15M-26SEP210545-45,0723ce19-b1c9-bfed-cc2e-d7876936940b,1789983382,0.8600
sell,ask,0.01,2026-09-21T09:36:22.25803Z,2,0.000100,0723ce19-b1c9-b732-c635-2101573bc60f,True,KXBTC15M-26SEP210545-45,0.1400,01a0c352-d9f0-7185-95d6-1378b7195f03,no,no,0,KXBTC15M-26SEP210545-45,0723ce19-b1c9-b732-c635-2101573bc60f,1789983382,0.8600
sell,ask,1.10,2026-09-21T09:09:29.891708Z,2,0.005700,0723cfd2-c5d1-872b-0a1f-ce2432e14ef5,True,KXBTC15M-26SEP210515-15,0.0800,01a0c33a-3d28-7dd5-a1ae-d86bfab49903,no,no,0,KXBTC15M-26SEP210515-15,0723cfd2-c5d1-872b-0a1f-ce2432e14ef5,1789981769,0.9200
sell,ask,4.00,2026-09-21T09:09:29.891708Z,2,0.020600,0723cfd2-c5d1-8710-0a74-aa8931e59e04,True,KXBTC15M-26SEP210515-15,0.0800,01a0c33a-3d28-7dd5-a1ae-d86bfab49903,no,no,0,KXBTC15M-26SEP210515-15,0723cfd2-c5d1-8710-0a74-aa8931e59e04,1789981769,0.9200
sell,ask,1.00,2026-09-21T09:09:29.891708Z,2,0.005200,0723cfd1-2f21-8aca-133b-66bb128cfd49,True,KXBTC15M-26SEP210515-15,0.0800,01a0c33a-3d28-7dd5-a1ae-d86bfab49903,no,no,0,KXBTC15M-26SEP210515-15,0723cfd1-2f21-8aca-133b-66bb128cfd49,1789981769,0.9200
sell,ask,5.90,2026-09-21T09:09:29.891708Z,2,0.030400,0723cfd1-2339-8227-01a9-874ee1eda0c7,True,KXBTC15M-26SEP210515-15,0.0800,01a0c33a-3d28-7dd5-a1ae-d86bfab49903,no,no,0,KXBTC15M-26SEP210515-15,0723cfd1-2339-8227-01a9-874ee1eda0c7,1789981769,0.9200
buy,bid,12.00,2026-09-21T09:06:27.545166Z,2,0.129300,0723cfea-b261-803d-73c1-a4ca92b2b34a,True,KXBTC15M-26SEP210515-15,0.1900,01a0c337-7638-7f09-b51c-e82e9723d33d,yes,yes,0,KXBTC15M-26SEP210515-15,0723cfea-b261-803d-73c1-a4ca92b2b34a,1789981587,0.8100
sell,ask,12.00,2026-09-21T08:55:14.461771Z,2,0.095100,0723cf99-e0d9-88e7-4b6a-628578d22d1d,True,KXBTC15M-26SEP210500-00,0.1300,01a0c32d-3150-7ffb-b3b6-90575cb0461b,no,no,0,KXBTC15M-26SEP210500-00,0723cf99-e0d9-88e7-4b6a-628578d22d1d,1789980914,0.8700
buy,bid,12.00,2026-09-21T08:51:32.955137Z,2,0.144200,0723cf8e-f2b9-bbb1-8dd3-f3a095de64aa,True,KXBTC15M-26SEP210500-00,0.2200,01a0c329-ce20-7014-8a8b-7160491da5f0,yes,yes,0,KXBTC15M-26SEP210500-00,0723cf8e-f2b9-bbb1-8dd3-f3a095de64aa,1789980692,0.7800
sell,ask,12.00,2026-09-21T08:21:43.349646Z,2,0.082300,0723cf34-5599-8901-44e8-e255f839810d,True,KXBTC15M-26SEP210430-30,0.1100,01a0c30e-81d8-7c1f-b059-468836acadcb,no,no,0,KXBTC15M-26SEP210430-30,0723cf34-5599-8901-44e8-e255f839810d,1789978903,0.8900
buy,bid,11.90,2026-09-21T08:20:07.131587Z,2,0.156200,0723cf39-2d91-8e18-1a83-b22f4cc3b680,True,KXBTC15M-26SEP210430-30,0.2500,01a0c30d-0ad8-7cbc-a092-f6ba713a32fd,yes,yes,0,KXBTC15M-26SEP210430-30,0723cf39-2d91-8e18-1a83-b22f4cc3b680,1789978807,0.7500
buy,bid,0.10,2026-09-21T08:20:07.131587Z,2,0.001400,0723cf39-2d91-8631-3dc1-7624473bc0d1,True,KXBTC15M-26SEP210430-30,0.2500,01a0c30d-0ad8-7cbc-a092-f6ba713a32fd,yes,yes,0,KXBTC15M-26SEP210430-30,0723cf39-2d91-8631-3dc1-7624473bc0d1,1789978807,0.7500
buy,bid,12.00,2026-09-21T07:41:15.76482Z,2,0.029200,0723c94c-a099-a4bc-47b0-ff51f64a8f45,True,KXBTC15M-26SEP210345-45,0.9640,01a0c2e9-7578-764a-bf07-6385f6714f76,yes,yes,0,KXBTC15M-26SEP210345-45,0723c94c-a099-a4bc-47b0-ff51f64a8f45,1789976475,0.0360
sell,ask,12.00,2026-09-21T07:37:09.867713Z,2,0.134400,0723c973-5789-9cab-dd91-841de15bb641,True,KXBTC15M-26SEP210345-45,0.8000,01a0c2e5-b488-7807-92aa-53dc6011a739,no,no,0,KXBTC15M-26SEP210345-45,0723c973-5789-9cab-dd91-841de15bb641,1789976229,0.2000
buy,bid,63.47,2026-09-21T07:26:26.987913Z,2,0.035260,0723c9b4-4a59-a2bb-df21-77093682543a,True,KXBTC15M-26SEP210330-30,0.0080,01a0c2db-e4d0-76e0-906c-16d8883a1c1b,yes,yes,0,KXBTC15M-26SEP210330-30,0723c9b4-4a59-a2bb-df21-77093682543a,1789975586,0.9920
sell,ask,64.17,2026-09-21T07:26:06.418692Z,2,0.053260,0723c9b5-ddd1-8564-2797-43050c973cb2,True,KXBTC15M-26SEP210330-30,0.0120,01a0c2db-96b0-7c71-a742-b9976d202e77,no,no,0,KXBTC15M-26SEP210330-30,0723c9b5-ddd1-8564-2797-43050c973cb2,1789975566,0.9880
buy,bid,1.06,2026-09-21T07:24:39.877909Z,2,0.004480,0723c9b3-3591-85af-71fa-06ebdc19461b,True,KXBTC15M-26SEP210330-30,0.0630,01a0c2da-42d8-7df8-bd18-1bf44c5f42c9,yes,yes,0,KXBTC15M-26SEP210330-30,0723c9b3-3591-85af-71fa-06ebdc19461b,1789975479,0.9370
buy,bid,63.11,2026-09-21T07:23:29.305268Z,2,0.153360,0723c9b5-b4a9-9eba-9816-8907492542c1,True,KXBTC15M-26SEP210330-30,0.0360,01a0c2d9-3168-7b49-8eb8-30c46b00261e,yes,yes,0,KXBTC15M-26SEP210330-30,0723c9b5-b4a9-9eba-9816-8907492542c1,1789975409,0.9640
sell,ask,66.16,2026-09-21T07:22:31.774572Z,2,0.000000,0723c9b7-dc19-bbf7-8ef1-03e1045e4a8d,False,KXBTC15M-26SEP210330-30,0.0700,01a0c2d6-e778-7c45-91c8-bcb66ec2128d,no,no,0,KXBTC15M-26SEP210330-30,0723c9b7-dc19-bbf7-8ef1-03e1045e4a8d,1789975351,0.9300
buy,bid,66.16,2026-09-21T07:19:15.850488Z,2,1.007800,0723c980-5a91-9ac0-ff1b-04ea0e21b3fd,True,KXBTC15M-26SEP210330-30,0.3200,01a0c2d5-5138-7a00-9a93-6939dc630275,yes,yes,0,KXBTC15M-26SEP210330-30,0723c980-5a91-9ac0-ff1b-04ea0e21b3fd,1789975155,0.6800
buy,ask,46.11,2026-09-21T07:11:17.491329Z,2,0.087880,0723c9f6-1e29-b73f-7c64-316098c35bef,True,KXBTC15M-26SEP210315-15,0.9720,01a0c2ce-0608-70ca-b771-cb91ece726cf,no,no,0,KXBTC15M-26SEP210315-15,0723c9f6-1e29-b73f-7c64-316098c35bef,1789974677,0.0280
sell,bid,48.63,2026-09-21T07:10:38.237862Z,2,0.000000,0723c9f9-e649-9a19-9630-9ab276b4faec,False,KXBTC15M-26SEP210315-15,0.9300,01a0c2cc-5088-78db-ac08-14d36266f12c,yes,yes,0,KXBTC15M-26SEP210315-15,0723c9f9-e649-9a19-9630-9ab276b4faec,1789974638,0.0700
buy,ask,48.63,2026-09-21T07:04:15.194389Z,2,0.817000,0723c9d9-d471-ad2c-7119-69e4f4e7faf7,True,KXBTC15M-26SEP210315-15,0.6000,01a0c2c7-9598-750f-b2cb-04bdf9db784e,no,no,0,KXBTC15M-26SEP210315-15,0723c9d9-d471-ad2c-7119-69e4f4e7faf7,1789974255,0.4000
buy,bid,13.27,2026-09-21T06:48:36.677875Z,2,0.050760,0723c85c-3f51-8372-070d-1a4d46d16f61,True,KXBTC15M-26SEP210300-00,0.0580,01a0c2b9-41a0-7f18-a1d6-847fdd8b9ff6,yes,yes,0,KXBTC15M-26SEP210300-00,0723c85c-3f51-8372-070d-1a4d46d16f61,1789973316,0.9420
buy,bid,10.00,2026-09-21T06:48:36.677875Z,2,0.038200,0723c85c-3b39-8ebc-1a09-f7dfc72fa540,True,KXBTC15M-26SEP210300-00,0.0580,01a0c2b9-41a0-7f18-a1d6-847fdd8b9ff6,yes,yes,0,KXBTC15M-26SEP210300-00,0723c85c-3b39-8ebc-1a09-f7dfc72fa540,1789973316,0.9420
buy,bid,5.31,2026-09-21T06:48:36.677875Z,2,0.020380,0723c85c-3b39-8ddc-2151-f52b34f696a4,True,KXBTC15M-26SEP210300-00,0.0580,01a0c2b9-41a0-7f18-a1d6-847fdd8b9ff6,yes,yes,0,KXBTC15M-26SEP210300-00,0723c85c-3b39-8ddc-2151-f52b34f696a4,1789973316,0.9420
buy,bid,0.01,2026-09-21T06:48:36.677875Z,2,0.000080,0723c85c-3b39-8bc0-3d11-71b61d917567,True,KXBTC15M-26SEP210300-00,0.0580,01a0c2b9-41a0-7f18-a1d6-847fdd8b9ff6,yes,yes,0,KXBTC15M-26SEP210300-00,0723c85c-3b39-8bc0-3d11-71b61d917567,1789973316,0.9420
buy,bid,0.01,2026-09-21T06:48:36.677875Z,2,0.000080,0723c85c-3b39-8978-2f07-1d08e835296c,True,KXBTC15M-26SEP210300-00,0.0580,01a0c2b9-41a0-7f18-a1d6-847fdd8b9ff6,yes,yes,0,KXBTC15M-26SEP210300-00,0723c85c-3b39-8978-2f07-1d08e835296c,1789973316,0.9420
buy,bid,1.00,2026-09-21T06:48:36.677875Z,2,0.003800,0723c85c-3b39-849d-2a82-d79d1929b8a9,True,KXBTC15M-26SEP210300-00,0.0580,01a0c2b9-41a0-7f18-a1d6-847fdd8b9ff6,yes,yes,0,KXBTC15M-26SEP210300-00,0723c85c-3b39-849d-2a82-d79d1929b8a9,1789973316,0.9420
buy,ask,28.29,2026-09-21T06:37:51.573911Z,2,0.092310,0723c812-fac9-9a72-858c-e7ae9703b851,True,KXBTC15M-26SEP210245-45,0.9510,01a0c2af-6a18-798d-8bc5-230faf24f24b,no,no,0,KXBTC15M-26SEP210245-45,0723c812-fac9-9a72-858c-e7ae9703b851,1789972671,0.0490
sell,ask,12.00,2026-09-21T06:37:20.863017Z,2,0.075600,0723c815-2919-b534-a085-55b5f625c6a1,True,KXBTC15M-26SEP210245-45,0.9000,01a0c2ae-f100-732b-82de-fa5127ed95b1,no,no,0,KXBTC15M-26SEP210245-45,0723c815-2919-b534-a085-55b5f625c6a1,1789972640,0.1000
buy,bid,12.00,2026-09-21T06:37:15.977041Z,2,0.082300,0723c815-a049-b2a7-522b-7180bd99407b,True,KXBTC15M-26SEP210245-45,0.8900,01a0c2ae-dd78-723b-b944-8175272fde77,yes,yes,0,KXBTC15M-26SEP210245-45,0723c815-a049-b2a7-522b-7180bd99407b,1789972635,0.1100
sell,ask,12.00,2026-09-21T06:36:14.792279Z,2,0.198000,0723c81a-5fb9-bda7-d733-82d0fae281f4,True,KXBTC15M-26SEP210245-45,0.6200,01a0c2ad-ef30-706e-93f8-2ae15560c0d9,no,no,0,KXBTC15M-26SEP210245-45,0723c81a-5fb9-bda7-d733-82d0fae281f4,1789972574,0.3800
buy,bid,12.00,2026-09-21T06:35:12.343918Z,2,0.208700,0723c81f-1961-8b2c-d6d4-b5875fe9191a,True,KXBTC15M-26SEP210245-45,0.4600,01a0c2ac-fd00-7edf-95cc-4cfa1a4b0809,yes,yes,0,KXBTC15M-26SEP210245-45,0723c81f-1961-8b2c-d6d4-b5875fe9191a,1789972512,0.5400
buy,bid,0.01,2026-09-21T06:27:07.153241Z,2,0.000020,0723c833-cf99-b73f-72d6-bf943aaeaead,True,KXBTC15M-26SEP210230-30,0.0120,01a0c2a5-9678-7031-b44b-6b64f5e958be,yes,yes,0,KXBTC15M-26SEP210230-30,0723c833-cf99-b73f-72d6-bf943aaeaead,1789972027,0.9880
buy,bid,0.01,2026-09-21T06:27:07.153241Z,2,0.000020,0723c833-cf99-b11e-750a-dbc16d61b0cb,True,KXBTC15M-26SEP210230-30,0.0120,01a0c2a5-9678-7031-b44b-6b64f5e958be,yes,yes,0,KXBTC15M-26SEP210230-30,0723c833-cf99-b11e-750a-dbc16d61b0cb,1789972027,0.9880
buy,bid,29.24,2026-09-21T06:27:07.153241Z,2,0.022340,0723c80c-a669-b1b4-58e1-d44aca5bfe5f,True,KXBTC15M-26SEP210230-30,0.0110,01a0c2a5-9678-7031-b44b-6b64f5e958be,yes,yes,0,KXBTC15M-26SEP210230-30,0723c80c-a669-b1b4-58e1-d44aca5bfe5f,1789972027,0.9890
sell,ask,29.29,2026-09-21T06:25:11.183366Z,2,0.000050,0723c82c-8ce9-9460-b761-156d8daa0474,False,KXBTC15M-26SEP210230-30,0.0150,01a0c2a3-c988-797e-ad5e-a1b9f42fbee0,no,no,0,KXBTC15M-26SEP210230-30,0723c82c-8ce9-9460-b761-156d8daa0474,1789971911,0.9850
buy,bid,29.29,2026-09-21T06:20:11.43629Z,2,0.216600,0723c8e3-c421-a2b2-2fc1-c55b5363e9e5,True,KXBTC15M-26SEP210230-30,0.1200,01a0c29f-3d78-7603-a991-0f39dabcde0c,yes,yes,0,KXBTC15M-26SEP210230-30,0723c8e3-c421-a2b2-2fc1-c55b5363e9e5,1789971611,0.8800
sell,ask,12.00,2026-09-21T06:07:57.383379Z,2,0.188500,0723c8c4-2b59-97ab-8c1a-a2b9883af03b,True,KXBTC15M-26SEP210215-15,0.3400,01a0c294-0a48-7921-8f1a-8529bd7b102a,no,no,0,KXBTC15M-26SEP210215-15,0723c8c4-2b59-97ab-8c1a-a2b9883af03b,1789970877,0.6600
buy,bid,12.00,2026-09-21T06:05:22.007565Z,2,0.101200,0723c8d7-1259-98cd-54e1-bf5512925c55,True,KXBTC15M-26SEP210215-15,0.1400,01a0c291-acd0-7ab1-bf55-15c2dec86168,yes,yes,0,KXBTC15M-26SEP210215-15,0723c8d7-1259-98cd-54e1-bf5512925c55,1789970722,0.8600
buy,bid,12.00,2026-09-21T05:55:42.521477Z,2,0.043000,0723c8ab-9ff1-813e-76c0-3b4189b4fa0e,True,KXBTC15M-26SEP210200-00,0.9460,01a0c288-d330-7e65-b97a-c067f17dd03f,yes,yes,0,KXBTC15M-26SEP210200-00,0723c8ab-9ff1-813e-76c0-3b4189b4fa0e,1789970142,0.0540
sell,ask,12.00,2026-09-21T05:52:52.963599Z,2,0.144200,0723c89e-f891-9ba0-a68b-f88df9033c38,True,KXBTC15M-26SEP210200-00,0.7800,01a0c286-3b20-785c-8e2a-134406bd070a,no,no,0,KXBTC15M-26SEP210200-00,0723c89e-f891-9ba0-a68b-f88df9033c38,1789969972,0.2200
sell,ask,6.07,2026-09-21T05:41:12.426493Z,2,0.077600,0723cb95-bbd9-85e1-2ff9-46cf1c1dc26d,True,KXBTC15M-26SEP210145-45,0.2400,01a0c27b-8cc0-7d00-af45-c7f79ebc330a,no,no,0,KXBTC15M-26SEP210145-45,0723cb95-bbd9-85e1-2ff9-46cf1c1dc26d,1789969272,0.7600
sell,ask,5.93,2026-09-21T05:41:12.426493Z,2,0.075700,0723cb95-7d41-846e-135c-702810a5b5e2,True,KXBTC15M-26SEP210145-45,0.2400,01a0c27b-8cc0-7d00-af45-c7f79ebc330a,no,no,0,KXBTC15M-26SEP210145-45,0723cb95-7d41-846e-135c-702810a5b5e2,1789969272,0.7600
buy,bid,12.00,2026-09-21T05:40:15.560876Z,2,0.193600,0723cb90-1679-8eb8-c0da-f292889dd8e9,True,KXBTC15M-26SEP210145-45,0.3600,01a0c27a-ae18-7de3-92de-f0eea4cf75ab,yes,yes,0,KXBTC15M-26SEP210145-45,0723cb90-1679-8eb8-c0da-f292889dd8e9,1789969215,0.6400
sell,ask,12.00,2026-09-21T05:37:58.168173Z,2,0.193600,0723cb9a-c8c9-9636-45b6-979fca871909,True,KXBTC15M-26SEP210145-45,0.3600,01a0c278-96f0-798f-b294-fb08ea428fab,no,no,0,KXBTC15M-26SEP210145-45,0723cb9a-c8c9-9636-45b6-979fca871909,1789969078,0.6400
buy,bid,12.00,2026-09-21T05:36:02.713098Z,2,0.101200,0723cbad-8d41-a621-6edb-fceff6385a95,True,KXBTC15M-26SEP210145-45,0.1400,01a0c276-d1d0-7783-b9e1-d43ab4d721e2,yes,yes,0,KXBTC15M-26SEP210145-45,0723cbad-8d41-a621-6edb-fceff6385a95,1789968962,0.8600
sell,ask,12.00,2026-09-21T04:26:00.231556Z,2,0.139400,0723caec-5769-8f5b-81b2-745d9d4ae88a,True,KXBTC15M-26SEP210030-30,0.7900,01a0c236-b3c0-7d7d-8730-e6df1fc5d00c,no,no,0,KXBTC15M-26SEP210030-30,0723caec-5769-8f5b-81b2-745d9d4ae88a,1789964760,0.2100
sell,ask,12.00,2026-09-21T04:21:33.522417Z,2,0.209700,0723caf8-23e9-b1d2-19d8-ad60904b9b35,True,KXBTC15M-26SEP210030-30,0.5200,01a0c232-a0c8-71d9-a248-b0dd92690add,no,no,0,KXBTC15M-26SEP210030-30,0723caf8-23e9-b1d2-19d8-ad60904b9b35,1789964493,0.4800
buy,bid,11.98,2026-09-21T04:12:27.889995Z,2,0.009020,0723ca83-6bc9-a40c-371a-8bd83b58f8c9,True,KXBTC15M-26SEP210015-15,0.9890,01a0c22a-4bf8-7609-a867-ae5c31a7ab80,yes,yes,0,KXBTC15M-26SEP210015-15,0723ca83-6bc9-a40c-371a-8bd83b58f8c9,1789963947,0.0110
buy,bid,0.01,2026-09-21T04:12:27.889995Z,2,0.000090,0723ca83-6419-ad5b-2204-4cb0ca3bbb0b,True,KXBTC15M-26SEP210015-15,0.9890,01a0c22a-4bf8-7609-a867-ae5c31a7ab80,yes,yes,0,KXBTC15M-26SEP210015-15,0723ca83-6419-ad5b-2204-4cb0ca3bbb0b,1789963947,0.0110
buy,bid,0.01,2026-09-21T04:12:27.889995Z,2,0.000090,0723ca83-6419-a946-1390-be652a3c6c89,True,KXBTC15M-26SEP210015-15,0.9890,01a0c22a-4bf8-7609-a867-ae5c31a7ab80,yes,yes,0,KXBTC15M-26SEP210015-15,0723ca83-6419-a946-1390-be652a3c6c89,1789963947,0.0110
sell,ask,12.00,2026-09-21T04:09:45.660167Z,2,0.095100,0723cab8-83e1-8c0e-1378-e1c9c79c055b,True,KXBTC15M-26SEP210015-15,0.8700,01a0c227-d328-7cb0-a240-6abe19a2c112,no,no,0,KXBTC15M-26SEP210015-15,0723cab8-83e1-8c0e-1378-e1c9c79c055b,1789963785,0.1300
buy,bid,12.00,2026-09-21T04:06:59.457357Z,2,0.088800,0723cab0-6059-824b-b61f-8167b7258c37,True,KXBTC15M-26SEP210015-15,0.8800,01a0c225-4ab8-7ec4-842e-7a4bb80f493c,yes,yes,0,KXBTC15M-26SEP210015-15,0723cab0-6059-824b-b61f-8167b7258c37,1789963619,0.1200
sell,ask,12.00,2026-09-21T04:05:14.84716Z,2,0.169400,0723caad-6699-90e6-7dc8-7752ecd30f8e,True,KXBTC15M-26SEP210015-15,0.7200,01a0c223-b090-79e2-b436-1d64ef1e1dd5,no,no,0,KXBTC15M-26SEP210015-15,0723caad-6699-90e6-7dc8-7752ecd30f8e,1789963514,0.2800
sell,ask,12.00,2026-09-21T03:22:59.112478Z,2,0.060500,0723c608-f6b1-a525-f75a-38a87d4e9e12,True,KXBTC15M-26SEP202330-30,0.0780,01a0c1fd-0238-7723-9505-966b0e3679f2,no,no,0,KXBTC15M-26SEP202330-30,0723c608-f6b1-a525-f75a-38a87d4e9e12,1789960979,0.9220
buy,bid,12.00,2026-09-21T03:20:29.070399Z,2,0.129300,0723c610-4db1-9526-4ec0-a3fe8f4f4640,True,KXBTC15M-26SEP202330-30,0.1900,01a0c1fa-b848-7bbe-b6b1-4717dfe36eb0,yes,yes,0,KXBTC15M-26SEP202330-30,0723c610-4db1-9526-4ec0-a3fe8f4f4640,1789960829,0.8100
buy,bid,12.00,2026-09-21T03:13:16.005107Z,2,0.055500,0723c624-6b79-a170-5941-d1e1ca3165b9,True,KXBTC15M-26SEP202315-15,0.9290,01a0c1f4-1ce0-75fa-b463-1f9bb8711891,yes,yes,0,KXBTC15M-26SEP202315-15,0723c624-6b79-a170-5941-d1e1ca3165b9,1789960396,0.0710
sell,ask,12.00,2026-09-21T03:12:22.304902Z,2,0.204700,0723c63e-61c9-9ccc-af0c-26ad947843b5,True,KXBTC15M-26SEP202315-15,0.5800,01a0c1f3-49f0-79bf-84a5-53fe62f89813,no,no,0,KXBTC15M-26SEP202315-15,0723c63e-61c9-9ccc-af0c-26ad947843b5,1789960342,0.4200
sell,ask,12.00,2026-09-21T03:09:30.899907Z,2,0.195900,0723c632-3ae1-8c04-c287-8920eddab78f,True,KXBTC15M-26SEP202315-15,0.3700,01a0c1f0-aa10-7e74-9926-971b98836865,no,no,0,KXBTC15M-26SEP202315-15,0723c632-3ae1-8c04-c287-8920eddab78f,1789960170,0.6300
buy,bid,12.00,2026-09-21T03:08:45.995371Z,2,0.165600,0723c650-1369-9cb7-b909-0c1cbc8c3b46,True,KXBTC15M-26SEP202315-15,0.2700,01a0c1ef-fa48-78a0-8b26-e1e0a2438a3f,yes,yes,0,KXBTC15M-26SEP202315-15,0723c650-1369-9cb7-b909-0c1cbc8c3b46,1789960125,0.7300
sell,ask,12.00,2026-09-21T02:55:11.25853Z,2,0.112900,0723c66d-bca9-8827-8eaf-9d3b53b42aaa,True,KXBTC15M-26SEP202300-00,0.1600,01a0c1e3-8e98-7e62-891d-bdf60d240da4,no,no,0,KXBTC15M-26SEP202300-00,0723c66d-bca9-8827-8eaf-9d3b53b42aaa,1789959311,0.8400
buy,bid,12.00,2026-09-21T02:54:10.668589Z,2,0.209700,0723c668-2111-ada2-d20c-266c8678d62e,True,KXBTC15M-26SEP202300-00,0.5200,01a0c1e2-a050-7766-9ac7-51b0ba123469,yes,yes,0,KXBTC15M-26SEP202300-00,0723c668-2111-ada2-d20c-266c8678d62e,1789959250,0.4800
sell,ask,4.00,2026-09-21T02:26:30.547233Z,2,0.005000,0723c6ec-17a9-a5c1-d265-4e247fbbf312,True,KXBTC15M-26SEP202230-30,0.0180,01a0c1c9-4bf0-77a4-90a3-ce502f69229f,no,no,0,KXBTC15M-26SEP202230-30,0723c6ec-17a9-a5c1-d265-4e247fbbf312,1789957590,0.9820
buy,bid,4.00,2026-09-21T02:22:10.596087Z,2,0.033800,0723c6d0-1dc1-9d44-39fc-95475ac654bf,True,KXBTC15M-26SEP202230-30,0.1400,01a0c1c5-5450-79cf-af77-56730737f106,yes,yes,0,KXBTC15M-26SEP202230-30,0723c6d0-1dc1-9d44-39fc-95475ac654bf,1789957330,0.8600
sell,ask,4.00,2026-09-21T02:09:12.489921Z,2,0.008500,0723c75c-a041-a857-c517-a1a1ee8663e1,True,KXBTC15M-26SEP202215-15,0.0310,01a0c1b9-7540-7486-960f-038e792da32e,no,no,0,KXBTC15M-26SEP202215-15,0723c75c-a041-a857-c517-a1a1ee8663e1,1789956552,0.9690
buy,bid,4.00,2026-09-21T02:04:54.17898Z,2,0.035700,0723c763-6011-888c-c865-87e11fe6b583,True,KXBTC15M-26SEP202215-15,0.1500,01a0c1b5-8570-7d06-9802-20e69b823355,yes,yes,0,KXBTC15M-26SEP202215-15,0723c763-6011-888c-c865-87e11fe6b583,1789956294,0.8500
buy,bid,4.00,2026-09-21T01:51:14.055268Z,2,0.019900,0723c70d-0b11-8c35-9bb7-098b77e9c081,True,KXBTC15M-26SEP202200-00,0.9230,01a0c1a9-0250-7c12-8f9f-e0360e75668e,yes,yes,0,KXBTC15M-26SEP202200-00,0723c70d-0b11-8c35-9bb7-098b77e9c081,1789955474,0.0770
sell,ask,4.00,2026-09-21T01:49:32.520144Z,2,0.049600,0723c73a-a079-955d-480d-2aa539ff2fb4,True,KXBTC15M-26SEP202200-00,0.7700,01a0c1a7-73e0-798f-b759-bd07af545914,no,no,0,KXBTC15M-26SEP202200-00,0723c73a-a079-955d-480d-2aa539ff2fb4,1789955372,0.2300
buy,bid,4.00,2026-09-21T01:40:45.494293Z,2,0.019500,0723c7e2-f8b1-85b2-c02e-b3427ff7cf6a,True,KXBTC15M-26SEP202145-45,0.9250,01a0c19f-6948-7fe2-9d36-0467f57b6366,yes,yes,0,KXBTC15M-26SEP202145-45,0723c7e2-f8b1-85b2-c02e-b3427ff7cf6a,1789954845,0.0750
sell,ask,4.00,2026-09-21T01:35:55.006168Z,2,0.046500,0723c7f1-2cd9-85cc-f614-f36494ed4a8b,True,KXBTC15M-26SEP202145-45,0.7900,01a0c19a-fc78-7fea-9b90-2ee9e9dd9001,no,no,0,KXBTC15M-26SEP202145-45,0723c7f1-2cd9-85cc-f614-f36494ed4a8b,1789954555,0.2100
buy,bid,4.00,2026-09-21T01:27:39.609029Z,2,0.016100,0723c7de-c119-bb8b-a4a6-f77fffd3b2a3,True,KXBTC15M-26SEP202130-30,0.9390,01a0c193-6af8-72c6-8a0e-2673b531f581,yes,yes,0,KXBTC15M-26SEP202130-30,0723c7de-c119-bb8b-a4a6-f77fffd3b2a3,1789954059,0.0610
buy,bid,4.00,2026-09-21T01:24:38.328869Z,2,0.066000,0723c7d2-3831-b823-ee60-b2c56d7e9c99,True,KXBTC15M-26SEP202130-30,0.3800,01a0c190-a7f0-728f-9569-ff4d6d040390,yes,yes,0,KXBTC15M-26SEP202130-30,0723c7d2-3831-b823-ee60-b2c56d7e9c99,1789953878,0.6200
sell,ask,4.00,2026-09-21T01:24:33.014925Z,2,0.064600,0723c7d2-c121-8899-d893-2c51a62bb5f4,True,KXBTC15M-26SEP202130-30,0.3600,01a0c190-9468-7dad-9055-41f7e79c83ca,no,no,0,KXBTC15M-26SEP202130-30,0723c7d2-c121-8899-d893-2c51a62bb5f4,1789953873,0.6400
sell,ask,4.00,2026-09-21T01:21:44.050564Z,2,0.051100,0723c7b5-fd59-8ff4-9490-852231233de9,True,KXBTC15M-26SEP202130-30,0.2400,01a0c18e-0040-7ccb-8607-528784e79632,no,no,0,KXBTC15M-26SEP202130-30,0723c7b5-fd59-8ff4-9490-852231233de9,1789953704,0.7600
buy,bid,4.00,2026-09-21T01:20:07.80902Z,2,0.067800,0723c7be-9411-897f-7504-e949c806fdb1,True,KXBTC15M-26SEP202130-30,0.4100,01a0c18c-8558-7fa3-b5d6-108de6daf570,yes,yes,0,KXBTC15M-26SEP202130-30,0723c7be-9411-897f-7504-e949c806fdb1,1789953607,0.5900
sell,ask,4.00,2026-09-21T01:08:57.532699Z,2,0.039600,0723c78b-78e1-b6a0-2b2e-d8c03ffea77c,True,KXBTC15M-26SEP202115-15,0.1700,01a0c182-4c28-73e2-af14-bfeacb51ab93,no,no,0,KXBTC15M-26SEP202115-15,0723c78b-78e1-b6a0-2b2e-d8c03ffea77c,1789952937,0.8300
buy,bid,4.00,2026-09-21T01:07:24.05706Z,2,0.061000,0723c783-9a29-a74e-e79b-e2ec1a85be93,True,KXBTC15M-26SEP202115-15,0.3200,01a0c180-e0e0-75f8-9b47-3e975030300d,yes,yes,0,KXBTC15M-26SEP202115-15,0723c783-9a29-a74e-e79b-e2ec1a85be93,1789952844,0.6800
buy,bid,3.02,2026-09-21T00:57:33.27042Z,2,0.041600,0723c4a8-a941-9779-963e-8f934e3d4242,True,KXBTC15M-26SEP202100-00,0.2700,01a0c177-dc48-7b41-82ea-d742e039a015,yes,yes,0,KXBTC15M-26SEP202100-00,0723c4a8-a941-9779-963e-8f934e3d4242,1789952253,0.7300
buy,bid,0.98,2026-09-21T00:57:33.27042Z,2,0.013600,0723c4a8-a559-994c-a8bc-d78d6806ffaa,True,KXBTC15M-26SEP202100-00,0.2700,01a0c177-dc48-7b41-82ea-d742e039a015,yes,yes,0,KXBTC15M-26SEP202100-00,0723c4a8-a559-994c-a8bc-d78d6806ffaa,1789952253,0.7300
sell,ask,4.00,2026-09-21T00:57:24.786293Z,2,0.048100,0723c4a9-5da1-9558-2c78-2d21bd883b79,True,KXBTC15M-26SEP202100-00,0.2200,01a0c177-b920-79f4-a870-d9a70093b010,no,no,0,KXBTC15M-26SEP202100-00,0723c4a9-5da1-9558-2c78-2d21bd883b79,1789952244,0.7800
sell,ask,4.00,2026-09-21T00:50:20.242019Z,2,0.067200,0723c4b4-4361-95a2-a48d-97543d01cb12,True,KXBTC15M-26SEP202100-00,0.4000,01a0c171-40e0-7ba9-8b6d-362c74ad10a9,no,no,0,KXBTC15M-26SEP202100-00,0723c4b4-4361-95a2-a48d-97543d01cb12,1789951820,0.6000
buy,bid,4.00,2026-09-21T00:47:04.303386Z,2,0.043100,0723c4d7-3259-be06-3cc1-ffe01ec86b83,True,KXBTC15M-26SEP202100-00,0.1900,01a0c16e-4340-7060-a248-2072e0899628,yes,yes,0,KXBTC15M-26SEP202100-00,0723c4d7-3259-be06-3cc1-ffe01ec86b83,1789951624,0.8100
buy,bid,4.00,2026-09-21T00:28:22.233818Z,2,0.013100,0723c429-b5b1-bf50-6bf0-95809b66ca94,True,KXBTC15M-26SEP202030-30,0.0490,01a0c15d-2470-72d7-b5cc-5238f140c9ce,yes,yes,0,KXBTC15M-26SEP202030-30,0723c429-b5b1-bf50-6bf0-95809b66ca94,1789950502,0.9510
sell,ask,4.00,2026-09-21T00:27:42.764112Z,2,0.013100,0723c42e-a8f1-9d1f-baab-9eea3c39f344,True,KXBTC15M-26SEP202030-30,0.0490,01a0c15c-8830-7815-8e2c-472861a6eb8b,no,no,0,KXBTC15M-26SEP202030-30,0723c42e-a8f1-9d1f-baab-9eea3c39f344,1789950462,0.9510
sell,ask,4.00,2026-09-21T00:26:18.767897Z,2,0.039600,0723c436-3c69-be92-17da-75d58eacadd7,True,KXBTC15M-26SEP202030-30,0.1700,01a0c15b-4010-7391-a3da-eae7dc10ebc5,no,no,0,KXBTC15M-26SEP202030-30,0723c436-3c69-be92-17da-75d58eacadd7,1789950378,0.8300
buy,bid,4.00,2026-09-21T00:23:10.013636Z,2,0.059900,0723c439-df21-acba-56dd-6fc17b451ec8,True,KXBTC15M-26SEP202030-30,0.3100,01a0c158-61b0-76c2-bce4-a153b0aaa4b2,yes,yes,0,KXBTC15M-26SEP202030-30,0723c439-df21-acba-56dd-6fc17b451ec8,1789950190,0.6900
buy,bid,4.00,2026-09-20T23:56:22.317924Z,2,0.035700,0723c5c0-a911-9655-e7ac-1b9fbd4fb91b,True,KXBTC15M-26SEP202000-00,0.8500,01a0c13f-d870-7985-90ec-687525cb1b8a,yes,yes,0,KXBTC15M-26SEP202000-00,0723c5c0-a911-9655-e7ac-1b9fbd4fb91b,1789948582,0.1500
sell,ask,4.00,2026-09-20T23:56:16.981787Z,2,0.033800,0723c5c0-c501-b2ec-7bfb-b03b7d0b77c7,True,KXBTC15M-26SEP202000-00,0.8600,01a0c13f-c100-7399-bd4e-b35980eacaa6,no,no,0,KXBTC15M-26SEP202000-00,0723c5c0-c501-b2ec-7bfb-b03b7d0b77c7,1789948576,0.1400
buy,bid,4.00,2026-09-20T23:55:35.642447Z,2,0.046500,0723c5c3-a3b9-ad31-46d4-8d54414ee3ba,True,KXBTC15M-26SEP202000-00,0.7900,01a0c13f-20d8-762a-b3aa-634a129c8f6c,yes,yes,0,KXBTC15M-26SEP202000-00,0723c5c3-a3b9-ad31-46d4-8d54414ee3ba,1789948535,0.2100
sell,ask,4.00,2026-09-20T23:55:30.009055Z,2,0.048100,0723c5c2-c8f1-8d6d-c576-602caf13d70c,True,KXBTC15M-26SEP202000-00,0.7800,01a0c13f-0d50-7e56-9287-ffff6729d4cf,no,no,0,KXBTC15M-26SEP202000-00,0723c5c2-c8f1-8d6d-c576-602caf13d70c,1789948530,0.2200
buy,bid,4.00,2026-09-20T23:55:10.73432Z,2,0.044800,0723c5c4-4789-a6c0-7e1c-cba23f943a3a,True,KXBTC15M-26SEP202000-00,0.8000,01a0c13e-bf30-7767-b21f-7cc94397f8d2,yes,yes,0,KXBTC15M-26SEP202000-00,0723c5c4-4789-a6c0-7e1c-cba23f943a3a,1789948510,0.2000
sell,ask,4.00,2026-09-20T23:55:05.357293Z,2,0.041400,0723c5c4-0d79-8d3e-cc41-fc572a65a238,True,KXBTC15M-26SEP202000-00,0.8200,01a0c13e-aba8-7d49-97e2-2a03e6d9dfac,no,no,0,KXBTC15M-26SEP202000-00,0723c5c4-0d79-8d3e-cc41-fc572a65a238,1789948505,0.1800
buy,bid,4.00,2026-09-20T23:36:06.436764Z,2,0.069900,0723c598-6f49-aad1-7f56-bc399014a55a,True,KXBTC15M-26SEP201945-45,0.5200,01a0c12d-4a70-7580-b0b5-01896a6d2d82,yes,yes,0,KXBTC15M-26SEP201945-45,0723c598-6f49-aad1-7f56-bc399014a55a,1789947366,0.4800
sell,ask,4.00,2026-09-20T23:35:34.21817Z,2,0.066000,0723c59f-af69-8eb8-e3dc-0332c056b7a7,True,KXBTC15M-26SEP201945-45,0.6200,01a0c12c-cd70-7d81-96ec-43b85d688cf3,no,no,0,KXBTC15M-26SEP201945-45,0723c59f-af69-8eb8-e3dc-0332c056b7a7,1789947334,0.3800
buy,bid,4.00,2026-09-20T23:32:33.137239Z,2,0.066000,0723c582-2f21-a34b-2b2d-3193cad87021,True,KXBTC15M-26SEP201945-45,0.3800,01a0c12a-0a68-774b-ab5f-a25df2e55046,yes,yes,0,KXBTC15M-26SEP201945-45,0723c582-2f21-a34b-2b2d-3193cad87021,1789947153,0.6200
sell,ask,4.00,2026-09-20T23:31:17.708637Z,2,0.069600,0723c58b-67a9-b3e6-ad12-66f428e6759e,True,KXBTC15M-26SEP201945-45,0.5400,01a0c128-e188-7208-8016-5d234c3aec3f,no,no,0,KXBTC15M-26SEP201945-45,0723c58b-67a9-b3e6-ad12-66f428e6759e,1789947077,0.4600
sell,ask,4.00,2026-09-20T23:24:40.558765Z,2,0.016800,0723c5a9-99c1-8a3f-45d6-cdbbcaa714b5,True,KXBTC15M-26SEP201930-30,0.0640,01a0c122-d2c0-7e59-b005-380c5615967a,no,no,0,KXBTC15M-26SEP201930-30,0723c5a9-99c1-8a3f-45d6-cdbbcaa714b5,1789946680,0.9360
buy,bid,4.00,2026-09-20T23:20:44.194685Z,2,0.048100,0723c563-c6d9-b7d4-6087-12f5f2802415,True,KXBTC15M-26SEP201930-30,0.2200,01a0c11f-38e0-7368-bf00-d9ebc7d75cfe,yes,yes,0,KXBTC15M-26SEP201930-30,0723c563-c6d9-b7d4-6087-12f5f2802415,1789946444,0.7800
buy,bid,4.00,2026-09-20T23:08:30.19469Z,2,0.052500,0723c543-eb21-9bde-7c5e-59d9743476b1,True,KXBTC15M-26SEP201915-15,0.7500,01a0c114-05b0-7bc2-bf4a-e68fac810e19,yes,yes,0,KXBTC15M-26SEP201915-15,0723c543-eb21-9bde-7c5e-59d9743476b1,1789945710,0.2500
sell,ask,4.00,2026-09-20T23:08:14.862655Z,2,0.053900,0723c55c-dbf1-9d22-fef9-af60a8526186,True,KXBTC15M-26SEP201915-15,0.7400,01a0c113-c730-7b89-925d-fe4299d97fa1,no,no,0,KXBTC15M-26SEP201915-15,0723c55c-dbf1-9d22-fef9-af60a8526186,1789945694,0.2600
buy,bid,4.00,2026-09-20T23:07:54.99492Z,2,0.046500,0723c55e-9169-b105-2386-8a62e2684d8c,True,KXBTC15M-26SEP201915-15,0.7900,01a0c113-7910-72b5-a60b-0a86663ab165,yes,yes,0,KXBTC15M-26SEP201915-15,0723c55e-9169-b105-2386-8a62e2684d8c,1789945674,0.2100
sell,ask,4.00,2026-09-20T23:07:48.998082Z,2,0.046500,0723c55e-d481-8d9f-8776-7dbdc0430407,True,KXBTC15M-26SEP201915-15,0.7900,01a0c113-61a0-7ddf-82bf-ecb75d67a8e8,no,no,0,KXBTC15M-26SEP201915-15,0723c55e-d481-8d9f-8776-7dbdc0430407,1789945668,0.2100
buy,bid,4.00,2026-09-20T23:07:06.922349Z,2,0.049600,0723c558-4381-b270-f68b-67f26b095928,True,KXBTC15M-26SEP201915-15,0.7700,01a0c112-bd90-7178-952a-2c83c4f5aad3,yes,yes,0,KXBTC15M-26SEP201915-15,0723c558-4381-b270-f68b-67f26b095928,1789945626,0.2300
sell,ask,4.00,2026-09-20T23:06:52.311724Z,2,0.051100,0723c558-4451-9588-68ac-c91f33678da9,True,KXBTC15M-26SEP201915-15,0.7600,01a0c112-86e0-7800-b70f-c192bd281d1a,no,no,0,KXBTC15M-26SEP201915-15,0723c558-4451-9588-68ac-c91f33678da9,1789945612,0.2400
buy,bid,4.00,2026-09-20T23:02:52.424398Z,2,0.065300,0723c535-a429-bf60-1779-a8c62d69334f,True,KXBTC15M-26SEP201915-15,0.6300,01a0c10e-dd60-71c9-aa28-a61d9cfa0d18,yes,yes,0,KXBTC15M-26SEP201915-15,0723c535-a429-bf60-1779-a8c62d69334f,1789945372,0.3700
sell,ask,4.00,2026-09-20T23:02:41.701428Z,2,0.063700,0723c534-6b69-aad7-2f4f-36e3b282295b,True,KXBTC15M-26SEP201915-15,0.6500,01a0c10e-b268-7495-aaa6-2210570e41ca,no,no,0,KXBTC15M-26SEP201915-15,0723c534-6b69-aad7-2f4f-36e3b282295b,1789945361,0.3500
sell,ask,87.58,2026-09-20T22:44:53.078509Z,2,0.036580,0723c304-bc19-a8ba-057d-eacc0622b272,True,KXBTC15M-26SEP201845-45,0.9940,01a0c0fe-6688-746f-a5e0-564043d132a2,no,no,0,KXBTC15M-26SEP201845-45,0723c304-bc19-a8ba-057d-eacc0622b272,1789944293,0.0060
buy,bid,87.58,2026-09-20T22:44:45.958001Z,2,0.532120,0723c307-5a69-a8fd-deae-1d133ea56894,True,KXBTC15M-26SEP201845-45,0.9040,01a0c0fe-4748-76be-9e49-2219293650a9,yes,yes,0,KXBTC15M-26SEP201845-45,0723c307-5a69-a8fd-deae-1d133ea56894,1789944285,0.0960
buy,bid,4.00,2026-09-20T22:21:00.978344Z,2,0.029600,0723c34a-5ac1-8313-6eb4-efe52c952c28,True,KXBTC15M-26SEP201830-30,0.8800,01a0c0e8-88e0-7e77-b7bf-4052f9a62cdf,yes,yes,0,KXBTC15M-26SEP201830-30,0723c34a-5ac1-8313-6eb4-efe52c952c28,1789942860,0.1200
sell,ask,4.00,2026-09-20T22:20:57.645471Z,2,0.031700,0723c349-a949-b156-6b0b-88d406e18ca7,True,KXBTC15M-26SEP201830-30,0.8700,01a0c0e8-7d28-70ed-b176-da7f27d10a0b,no,no,0,KXBTC15M-26SEP201830-30,0723c349-a949-b156-6b0b-88d406e18ca7,1789942857,0.1300
buy,bid,4.00,2026-09-20T22:20:12.074269Z,2,0.046500,0723c378-f011-b343-52c2-f801c1a4d8f9,True,KXBTC15M-26SEP201830-30,0.7900,01a0c0e7-cd60-739a-b086-d95b6997f7d2,yes,yes,0,KXBTC15M-26SEP201830-30,0723c378-f011-b343-52c2-f801c1a4d8f9,1789942812,0.2100
sell,ask,4.00,2026-09-20T22:20:07.036837Z,2,0.049600,0723c379-5291-9e5d-63be-00081f3006c0,True,KXBTC15M-26SEP201830-30,0.7700,01a0c0e7-b9d8-79b8-bfef-7c2edcc3384f,no,no,0,KXBTC15M-26SEP201830-30,0723c379-5291-9e5d-63be-00081f3006c0,1789942807,0.2300
buy,bid,4.00,2026-09-20T22:08:49.526523Z,2,0.037700,0723c3a8-d469-999c-3947-0cb71f669102,True,KXBTC15M-26SEP201815-15,0.1600,01a0c0dd-6168-7a90-a7a6-fa1e91ab0f96,yes,yes,0,KXBTC15M-26SEP201815-15,0723c3a8-d469-999c-3947-0cb71f669102,1789942129,0.8400
sell,ask,4.00,2026-09-20T22:08:44.583716Z,2,0.041400,0723c3a8-7a61-8dfa-2ce9-91ddcf75d416,True,KXBTC15M-26SEP201815-15,0.1800,01a0c0dd-4de0-7ea4-a6fb-9b78c9ebc999,no,no,0,KXBTC15M-26SEP201815-15,0723c3a8-7a61-8dfa-2ce9-91ddcf75d416,1789942124,0.8200
sell,ask,3.00,2026-09-20T21:40:31.968774Z,2,0.049000,0723c3ce-92a9-9538-0f06-3bd27490430d,True,KXBTC15M-26SEP201745-45,0.3700,01a0c0c3-7898-7aa4-a8d7-a7420caad2bb,no,no,0,KXBTC15M-26SEP201745-45,0723c3ce-92a9-9538-0f06-3bd27490430d,1789940431,0.6300
buy,bid,3.00,2026-09-20T21:38:14.887444Z,2,0.044100,0723c3c4-cfc1-8f86-35b0-b32a8e9c9172,True,KXBTC15M-26SEP201745-45,0.3000,01a0c0c1-6170-7c8a-ac06-5954fc244313,yes,yes,0,KXBTC15M-26SEP201745-45,0723c3c4-cfc1-8f86-35b0-b32a8e9c9172,1789940294,0.7000
sell,ask,1.00,2026-09-20T21:25:57.25801Z,2,0.004700,0723c26e-9481-9026-6bb9-22f4c4602b03,True,KXBTC15M-26SEP201730-30,0.0710,01a0c0b6-2288-7be6-bd71-404a4318785b,no,no,0,KXBTC15M-26SEP201730-30,0723c26e-9481-9026-6bb9-22f4c4602b03,1789939557,0.9290
buy,bid,1.00,2026-09-20T21:23:28.836808Z,2,0.012100,0723c27c-baf9-b902-b70a-42cfb0fb1395,True,KXBTC15M-26SEP201730-30,0.2200,01a0c0b3-dc80-73bd-8506-27246e6d7a69,yes,yes,0,KXBTC15M-26SEP201730-30,0723c27c-baf9-b902-b70a-42cfb0fb1395,1789939408,0.7800
buy,ask,14.18,2026-09-20T21:05:43.302623Z,2,0.112300,0723c22d-fdd9-9e0f-526a-5c941c196bed,True,KXBTC15M-26SEP201715-15,0.8700,01a0c0a3-9c58-79eb-be2e-61d2add5d298,no,no,0,KXBTC15M-26SEP201715-15,0723c22d-fdd9-9e0f-526a-5c941c196bed,1789938343,0.1300
buy,ask,12.03,2026-09-20T19:58:37.253544Z,2,0.004150,0723c1fe-9ae9-b9b1-7708-b8cd6ca2dc02,True,KXBTC15M-26SEP201600-00,0.9950,01a0c066-2dc8-7139-bcc6-1132ed87a498,no,no,0,KXBTC15M-26SEP201600-00,0723c1fe-9ae9-b9b1-7708-b8cd6ca2dc02,1789934317,0.0050
buy,ask,0.01,2026-09-20T19:58:37.253544Z,2,0.000050,0723c1fe-9ae9-b5e3-638b-8258344f9b4d,True,KXBTC15M-26SEP201600-00,0.9950,01a0c066-2dc8-7139-bcc6-1132ed87a498,no,no,0,KXBTC15M-26SEP201600-00,0723c1fe-9ae9-b5e3-638b-8258344f9b4d,1789934317,0.0050
buy,ask,0.01,2026-09-20T19:58:37.253544Z,2,0.000050,0723c1fe-9ae9-b4f2-70b8-bc2068ee1f97,True,KXBTC15M-26SEP201600-00,0.9950,01a0c066-2dc8-7139-bcc6-1132ed87a498,no,no,0,KXBTC15M-26SEP201600-00,0723c1fe-9ae9-b4f2-70b8-bc2068ee1f97,1789934317,0.0050
buy,ask,0.01,2026-09-20T17:55:08.299401Z,2,0.000070,07224021-a1e1-88d4-f063-da6262974875,True,KXBTC15M-26SEP201400-00,0.9830,01a0bff5-2060-7dd6-960c-fb3bc93d52e4,no,no,0,KXBTC15M-26SEP201400-00,07224021-a1e1-88d4-f063-da6262974875,1789926908,0.0170
buy,ask,10.00,2026-09-20T17:55:08.299401Z,2,0.011600,07224021-a1e1-865a-ec8f-4cef0a44619a,True,KXBTC15M-26SEP201400-00,0.9830,01a0bff5-2060-7dd6-960c-fb3bc93d52e4,no,no,0,KXBTC15M-26SEP201400-00,07224021-a1e1-865a-ec8f-4cef0a44619a,1789926908,0.0170
buy,ask,0.01,2026-09-20T17:55:08.299401Z,2,0.000070,07224021-a1e1-8340-cfde-79f9dcf9f276,True,KXBTC15M-26SEP201400-00,0.9830,01a0bff5-2060-7dd6-960c-fb3bc93d52e4,no,no,0,KXBTC15M-26SEP201400-00,07224021-a1e1-8340-cfde-79f9dcf9f276,1789926908,0.0170
buy,bid,11.48,2026-09-20T17:40:35.251735Z,2,0.035280,07224078-f2b1-8bcb-ee3a-9458a8352522,True,KXBTC15M-26SEP201345-45,0.0460,01a0bfe7-ce38-7e81-983e-11e7a7e554c2,yes,yes,0,KXBTC15M-26SEP201345-45,07224078-f2b1-8bcb-ee3a-9458a8352522,1789926035,0.9540
buy,ask,10.00,2026-09-20T17:10:30.749084Z,2,0.107800,072240fd-3249-9804-e24f-49d80276f9fc,True,KXBTC15M-26SEP201315-15,0.8100,01a0bfcc-4370-795c-997c-5ae94b898824,no,no,0,KXBTC15M-26SEP201315-15,072240fd-3249-9804-e24f-49d80276f9fc,1789924230,0.1900
sell,ask,46.00,2026-09-20T17:10:19.723863Z,2,0.552600,072240fc-7149-b599-867d-0e321fea9a06,True,KXBTC15M-26SEP201315-15,0.7800,01a0bfcc-1878-70c8-82ec-ffcfc9af4f0c,no,no,0,KXBTC15M-26SEP201315-15,072240fc-7149-b599-867d-0e321fea9a06,1789924219,0.2200
buy,bid,46.82,2026-09-20T17:07:18.291261Z,2,0.320900,072240ec-1c79-9255-fa28-0e74a565b8ec,True,KXBTC15M-26SEP201315-15,0.1100,01a0bfc9-5570-7bf0-98e7-48feef32b9c5,yes,yes,0,KXBTC15M-26SEP201315-15,072240ec-1c79-9255-fa28-0e74a565b8ec,1789924038,0.8900
sell,bid,40.92,2026-09-20T16:58:29.752143Z,2,0.008640,072240c4-4f29-84bb-a4ee-383686188cdb,True,KXBTC15M-26SEP201300-00,0.9970,01a0bfc1-4308-7df0-8e85-0a4a1cbd1bf2,yes,yes,0,KXBTC15M-26SEP201300-00,072240c4-4f29-84bb-a4ee-383686188cdb,1789923509,0.0030
buy,ask,19.00,2026-09-20T16:58:07.226229Z,2,0.053600,072240c3-5d51-9604-2f4e-ac4984ffad0d,True,KXBTC15M-26SEP201300-00,0.9580,01a0bfc0-ed18-7a25-a82b-536641963d9e,no,no,0,KXBTC15M-26SEP201300-00,072240c3-5d51-9604-2f4e-ac4984ffad0d,1789923487,0.0420
buy,ask,0.01,2026-09-20T16:57:58.779326Z,2,0.000070,072240c3-ee31-9919-6b22-e7e14225d902,True,KXBTC15M-26SEP201300-00,0.9330,01a0bfc0-c9f0-7b42-b06d-ab63f14e558a,no,no,0,KXBTC15M-26SEP201300-00,072240c3-ee31-9919-6b22-e7e14225d902,1789923478,0.0670
buy,ask,0.01,2026-09-20T16:57:58.779326Z,2,0.000070,072240c3-ee31-98d6-6cc1-9961e2769005,True,KXBTC15M-26SEP201300-00,0.9330,01a0bfc0-c9f0-7b42-b06d-ab63f14e558a,no,no,0,KXBTC15M-26SEP201300-00,072240c3-ee31-98d6-6cc1-9961e2769005,1789923478,0.0670
buy,ask,10.00,2026-09-20T16:57:58.779326Z,2,0.043800,072240c3-ee31-934e-7ac3-347892b7618b,True,KXBTC15M-26SEP201300-00,0.9330,01a0bfc0-c9f0-7b42-b06d-ab63f14e558a,no,no,0,KXBTC15M-26SEP201300-00,072240c3-ee31-934e-7ac3-347892b7618b,1789923478,0.0670
buy,ask,11.90,2026-09-20T16:52:00.072235Z,2,0.117600,07224156-6aa1-b029-f0e1-122d79ebd7be,True,KXBTC15M-26SEP201300-00,0.8300,01a0bfbb-5380-7158-9581-59753dc4e742,no,no,0,KXBTC15M-26SEP201300-00,07224156-6aa1-b029-f0e1-122d79ebd7be,1789923120,0.1700
buy,ask,39.03,2026-09-20T15:29:04.516082Z,2,0.002730,072242df-1d21-ac9f-2ab3-fccb000352fd,True,KXBTC15M-26SEP201130-30,0.9990,01a0bf6f-6600-771f-a814-3e51203a81bf,no,no,0,KXBTC15M-26SEP201130-30,072242df-1d21-ac9f-2ab3-fccb000352fd,1789918144,0.0010
buy,bid,0.01,2026-09-20T00:29:24.433525Z,2,0.000010,07224cf4-6121-ae75-f9c0-06406451b176,True,KXBTC15M-26SEP192030-30,0.0010,01a0bc37-baa0-740b-91bf-a58c1de12d6c,yes,yes,0,KXBTC15M-26SEP192030-30,07224cf4-6121-ae75-f9c0-06406451b176,1789864164,0.9990
buy,ask,14.08,2026-09-20T00:03:55.939046Z,2,0.214500,07224ca1-ace1-8936-d827-7835c7444566,True,KXBTC15M-26SEP192015-15,0.6800,01a0bc20-65f8-7ca1-9a32-a6fef6f4585c,no,no,0,KXBTC15M-26SEP192015-15,07224ca1-ace1-8936-d827-7835c7444566,1789862635,0.3200
sell,bid,0.01,2026-09-19T23:29:22.685523Z,2,0.000030,07224c03-d511-a432-b670-65007fdd6927,True,KXBTC15M-26SEP191930-30,0.0130,01a0bc00-c450-7635-8793-98bbe8868ad2,yes,yes,0,KXBTC15M-26SEP191930-30,07224c03-d511-a432-b670-65007fdd6927,1789860562,0.9870
sell,bid,0.01,2026-09-19T23:29:22.685523Z,2,0.000030,07224c03-d511-a052-90d7-13504c5b33e2,True,KXBTC15M-26SEP191930-30,0.0130,01a0bc00-c450-7635-8793-98bbe8868ad2,yes,yes,0,KXBTC15M-26SEP191930-30,07224c03-d511-a052-90d7-13504c5b33e2,1789860562,0.9870
sell,bid,565.98,2026-09-19T23:29:22.685523Z,2,0.469760,07224bf0-8c61-ae0a-9737-4baa3f973b3a,True,KXBTC15M-26SEP191930-30,0.0120,01a0bc00-c450-7635-8793-98bbe8868ad2,yes,yes,0,KXBTC15M-26SEP191930-30,07224bf0-8c61-ae0a-9737-4baa3f973b3a,1789860562,0.9880
buy,ask,66.00,2026-09-19T23:25:58.146874Z,2,0.452300,0722540b-3e49-9f58-9756-a9131bd060f0,True,KXBTC15M-26SEP191930-30,0.8900,01a0bbfd-a770-7a28-8309-20746a4ac45c,no,no,0,KXBTC15M-26SEP191930-30,0722540b-3e49-9f58-9756-a9131bd060f0,1789860358,0.1100
buy,ask,500.00,2026-09-19T23:25:27.086674Z,2,4.214000,07225409-9311-b925-13d2-16e6c754c071,True,KXBTC15M-26SEP191930-30,0.8600,01a0bbfd-2e58-71b8-a9e8-898849565497,no,no,0,KXBTC15M-26SEP191930-30,07225409-9311-b925-13d2-16e6c754c071,1789860327,0.1400
buy,bid,485.63,2026-09-19T23:13:40.158173Z,2,1.305400,0722543b-a359-8b6d-c10b-52a7feef573b,True,KXBTC15M-26SEP191915-15,0.0400,01a0bbf2-64a0-7d29-9fbd-e076d6b9a8d6,yes,yes,0,KXBTC15M-26SEP191915-15,0722543b-a359-8b6d-c10b-52a7feef573b,1789859620,0.9600
buy,bid,14.37,2026-09-19T23:13:40.158173Z,2,0.038700,0722543b-8401-8352-d2fc-133a97701ebd,True,KXBTC15M-26SEP191915-15,0.0400,01a0bbf2-64a0-7d29-9fbd-e076d6b9a8d6,yes,yes,0,KXBTC15M-26SEP191915-15,0722543b-8401-8352-d2fc-133a97701ebd,1789859620,0.9600
buy,bid,0.01,2026-09-19T22:39:52.781423Z,2,0.000020,0722549e-b9c1-be9f-c663-d732f7c8c920,True,KXBTC15M-26SEP191845-45,0.0220,01a0bbd3-72c0-737c-9d82-2de6118b120d,yes,yes,0,KXBTC15M-26SEP191845-45,0722549e-b9c1-be9f-c663-d732f7c8c920,1789857592,0.9780
buy,bid,10.00,2026-09-19T22:39:52.781423Z,2,0.015100,0722549e-b9c1-bbac-ccc1-533312cee549,True,KXBTC15M-26SEP191845-45,0.0220,01a0bbd3-72c0-737c-9d82-2de6118b120d,yes,yes,0,KXBTC15M-26SEP191845-45,0722549e-b9c1-bbac-ccc1-533312cee549,1789857592,0.9780
buy,bid,382.73,2026-09-19T22:39:52.781423Z,2,0.550830,0722549e-b9c1-b773-c6ef-7fb29ec2d347,True,KXBTC15M-26SEP191845-45,0.0210,01a0bbd3-72c0-737c-9d82-2de6118b120d,yes,yes,0,KXBTC15M-26SEP191845-45,0722549e-b9c1-b773-c6ef-7fb29ec2d347,1789857592,0.9790
buy,bid,25.00,2026-09-19T22:39:52.781423Z,2,0.036000,0722549e-b9c1-b6f3-cb1a-05dbdd548cef,True,KXBTC15M-26SEP191845-45,0.0210,01a0bbd3-72c0-737c-9d82-2de6118b120d,yes,yes,0,KXBTC15M-26SEP191845-45,0722549e-b9c1-b6f3-cb1a-05dbdd548cef,1789857592,0.9790
buy,bid,0.01,2026-09-19T22:39:52.781423Z,2,0.000020,0722549e-b9c1-b53b-d195-e47fe61f454e,True,KXBTC15M-26SEP191845-45,0.0220,01a0bbd3-72c0-737c-9d82-2de6118b120d,yes,yes,0,KXBTC15M-26SEP191845-45,0722549e-b9c1-b53b-d195-e47fe61f454e,1789857592,0.9780
buy,bid,62.25,2026-09-19T22:39:52.781423Z,2,0.089550,0722549e-a5d9-b61f-f9aa-e6ab73f99143,True,KXBTC15M-26SEP191845-45,0.0210,01a0bbd3-72c0-737c-9d82-2de6118b120d,yes,yes,0,KXBTC15M-26SEP191845-45,0722549e-a5d9-b61f-f9aa-e6ab73f99143,1789857592,0.9790
buy,bid,165.27,2026-09-19T22:27:38.925547Z,2,0.170950,072254e8-c5e9-8c3f-e91a-66bedd4b6377,True,KXBTC15M-26SEP191830-30,0.0150,01a0bbc8-3f90-7db6-9616-b817b40e2913,yes,yes,0,KXBTC15M-26SEP191830-30,072254e8-c5e9-8c3f-e91a-66bedd4b6377,1789856858,0.9850
buy,bid,47.17,2026-09-19T22:27:38.925547Z,2,0.048650,072254e8-c1d1-8df1-cd25-36539e74854c,True,KXBTC15M-26SEP191830-30,0.0150,01a0bbc8-3f90-7db6-9616-b817b40e2913,yes,yes,0,KXBTC15M-26SEP191830-30,072254e8-c1d1-8df1-cd25-36539e74854c,1789856858,0.9850
buy,bid,0.01,2026-09-19T22:27:38.925547Z,2,0.000050,072254e8-c1d1-8c99-f4f1-9e283b5ae68c,True,KXBTC15M-26SEP191830-30,0.0150,01a0bbc8-3f90-7db6-9616-b817b40e2913,yes,yes,0,KXBTC15M-26SEP191830-30,072254e8-c1d1-8c99-f4f1-9e283b5ae68c,1789856858,0.9850
buy,bid,0.01,2026-09-19T22:27:38.925547Z,2,0.000050,072254e8-c1d1-8812-ea53-c8cb01e8697b,True,KXBTC15M-26SEP191830-30,0.0150,01a0bbc8-3f90-7db6-9616-b817b40e2913,yes,yes,0,KXBTC15M-26SEP191830-30,072254e8-c1d1-8812-ea53-c8cb01e8697b,1789856858,0.9850
buy,bid,5.34,2026-09-19T22:27:38.925547Z,2,0.005600,072254e8-c1d1-87cf-d388-17984cefb9ea,True,KXBTC15M-26SEP191830-30,0.0150,01a0bbc8-3f90-7db6-9616-b817b40e2913,yes,yes,0,KXBTC15M-26SEP191830-30,072254e8-c1d1-87cf-d388-17984cefb9ea,1789856858,0.9850
buy,bid,1.46,2026-09-19T22:27:38.925547Z,2,0.001500,072254e8-c1d1-86bf-efa5-c6fece61ef06,True,KXBTC15M-26SEP191830-30,0.0150,01a0bbc8-3f90-7db6-9616-b817b40e2913,yes,yes,0,KXBTC15M-26SEP191830-30,072254e8-c1d1-86bf-efa5-c6fece61ef06,1789856858,0.9850
buy,bid,0.99,2026-09-19T22:27:38.925547Z,2,0.001050,072254e8-c1d1-8485-ec27-f53c90081880,True,KXBTC15M-26SEP191830-30,0.0150,01a0bbc8-3f90-7db6-9616-b817b40e2913,yes,yes,0,KXBTC15M-26SEP191830-30,072254e8-c1d1-8485-ec27-f53c90081880,1789856858,0.9850
buy,bid,54.31,2026-09-19T22:27:38.925547Z,2,0.056150,072254e8-c1d1-833c-f1ba-ff0a12c5e548,True,KXBTC15M-26SEP191830-30,0.0150,01a0bbc8-3f90-7db6-9616-b817b40e2913,yes,yes,0,KXBTC15M-26SEP191830-30,072254e8-c1d1-833c-f1ba-ff0a12c5e548,1789856858,0.9850
buy,bid,0.73,2026-09-19T22:27:38.925547Z,2,0.000750,072254e8-c1d1-8191-e7a9-f5c6bb3d2ea4,True,KXBTC15M-26SEP191830-30,0.0150,01a0bbc8-3f90-7db6-9616-b817b40e2913,yes,yes,0,KXBTC15M-26SEP191830-30,072254e8-c1d1-8191-e7a9-f5c6bb3d2ea4,1789856858,0.9850
buy,bid,58.99,2026-09-19T22:27:15.157139Z,2,0.139550,072254d8-7731-ad95-f873-b66d737a69a5,True,KXBTC15M-26SEP191830-30,0.0350,01a0bbc7-e5b8-76f4-9d8a-2f9c2307594c,yes,yes,0,KXBTC15M-26SEP191830-30,072254d8-7731-ad95-f873-b66d737a69a5,1789856835,0.9650
buy,bid,0.01,2026-09-19T22:27:15.157139Z,2,0.000050,072254d8-7731-a7c5-c239-b8b40bd1ff8c,True,KXBTC15M-26SEP191830-30,0.0350,01a0bbc7-e5b8-76f4-9d8a-2f9c2307594c,yes,yes,0,KXBTC15M-26SEP191830-30,072254d8-7731-a7c5-c239-b8b40bd1ff8c,1789856835,0.9650
buy,bid,0.01,2026-09-19T22:27:15.157139Z,2,0.000050,072254d8-7731-a5e9-c1df-3e288be1abc8,True,KXBTC15M-26SEP191830-30,0.0350,01a0bbc7-e5b8-76f4-9d8a-2f9c2307594c,yes,yes,0,KXBTC15M-26SEP191830-30,072254d8-7731-a5e9-c1df-3e288be1abc8,1789856835,0.9650
buy,bid,10.00,2026-09-19T22:27:15.157139Z,2,0.023600,072254d8-7731-a2b7-dcae-e89cf57a0c39,True,KXBTC15M-26SEP191830-30,0.0350,01a0bbc7-e5b8-76f4-9d8a-2f9c2307594c,yes,yes,0,KXBTC15M-26SEP191830-30,072254d8-7731-a2b7-dcae-e89cf57a0c39,1789856835,0.9650
buy,ask,41.31,2026-09-19T22:12:44.869528Z,2,0.028700,07225550-faf9-95ae-395e-25e6df550caa,True,KXBTC15M-26SEP191815-15,0.9900,01a0bbba-9b60-780c-a2e2-576ff59c824b,no,no,0,KXBTC15M-26SEP191815-15,07225550-faf9-95ae-395e-25e6df550caa,1789855964,0.0100
buy,ask,420.69,2026-09-19T22:12:44.869528Z,2,0.291500,07225550-faf9-9158-2c7b-787b65e15a1a,True,KXBTC15M-26SEP191815-15,0.9900,01a0bbba-9b60-780c-a2e2-576ff59c824b,no,no,0,KXBTC15M-26SEP191815-15,07225550-faf9-9158-2c7b-787b65e15a1a,1789855964,0.0100
buy,bid,20.00,2026-09-19T21:54:57.697951Z,2,0.040800,07225501-e029-a5d3-99c9-e2180252563b,True,KXBTC15M-26SEP191800-00,0.0300,01a0bbaa-5368-761b-84cf-783e12175aed,yes,yes,0,KXBTC15M-26SEP191800-00,07225501-e029-a5d3-99c9-e2180252563b,1789854897,0.9700
buy,bid,439.98,2026-09-19T21:54:50.058704Z,2,0.953960,07225502-d469-ad97-a8c8-98b3c01751e0,True,KXBTC15M-26SEP191800-00,0.0320,01a0bbaa-3810-77f9-88b5-e7f065c41f3b,yes,yes,0,KXBTC15M-26SEP191800-00,07225502-d469-ad97-a8c8-98b3c01751e0,1789854890,0.9680
buy,bid,0.01,2026-09-19T21:54:50.058704Z,2,0.000020,07225502-d469-accc-9bea-fd276c3800bd,True,KXBTC15M-26SEP191800-00,0.0320,01a0bbaa-3810-77f9-88b5-e7f065c41f3b,yes,yes,0,KXBTC15M-26SEP191800-00,07225502-d469-accc-9bea-fd276c3800bd,1789854890,0.9680
buy,bid,0.01,2026-09-19T21:54:50.058704Z,2,0.000120,07225502-d469-a424-a9c1-5430f8cbf0b4,True,KXBTC15M-26SEP191800-00,0.0320,01a0bbaa-3810-77f9-88b5-e7f065c41f3b,yes,yes,0,KXBTC15M-26SEP191800-00,07225502-d469-a424-a9c1-5430f8cbf0b4,1789854890,0.9680
buy,bid,0.01,2026-09-19T21:54:36.883823Z,2,0.000050,07225502-04e1-ad49-7ec1-4304a5aa1a82,True,KXBTC15M-26SEP191800-00,0.0350,01a0bbaa-0160-7412-bd46-0d1568c5b9de,yes,yes,0,KXBTC15M-26SEP191800-00,07225502-04e1-ad49-7ec1-4304a5aa1a82,1789854876,0.9650
buy,ask,406.00,2026-09-19T21:43:44.445389Z,2,2.782400,07225520-3099-bbc5-d15e-33dde3c360d1,True,KXBTC15M-26SEP191745-45,0.8900,01a0bba0-0e80-7341-93f5-b6bd787708df,no,no,0,KXBTC15M-26SEP191745-45,07225520-3099-bbc5-d15e-33dde3c360d1,1789854224,0.1100
sell,bid,398.00,2026-09-19T21:35:09.107999Z,2,5.491300,072255f8-e5c1-86a9-6d38-67c968ec6a50,True,KXBTC15M-26SEP191745-45,0.7300,01a0bb98-32c8-7d9a-b532-22fc80321d9c,yes,yes,0,KXBTC15M-26SEP191745-45,072255f8-e5c1-86a9-6d38-67c968ec6a50,1789853709,0.2700
buy,ask,398.00,2026-09-19T21:33:31.159589Z,2,6.062400,072255cc-6bb9-b378-516a-ba092d0b7257,True,KXBTC15M-26SEP191745-45,0.6800,01a0bb96-b3f8-7351-b8cc-5ac138063578,no,no,0,KXBTC15M-26SEP191745-45,072255cc-6bb9-b378-516a-ba092d0b7257,1789853611,0.3200
sell,ask,149.95,2026-09-19T21:28:57.745929Z,2,0.344800,072255d8-9761-bd57-365e-24b3d7627e74,True,KXBTC15M-26SEP191730-30,0.0340,01a0bb92-85a8-722c-a931-daaf72cb16a5,no,no,0,KXBTC15M-26SEP191730-30,072255d8-9761-bd57-365e-24b3d7627e74,1789853337,0.9660
sell,ask,10.00,2026-09-19T21:28:57.745929Z,2,0.023000,072255d8-9309-b98e-1d14-09bc63e5b404,True,KXBTC15M-26SEP191730-30,0.0340,01a0bb92-85a8-722c-a931-daaf72cb16a5,no,no,0,KXBTC15M-26SEP191730-30,072255d8-9309-b98e-1d14-09bc63e5b404,1789853337,0.9660
sell,ask,252.42,2026-09-19T21:28:57.745929Z,2,0.580320,072255d8-9309-b1ea-07af-411502b274b5,True,KXBTC15M-26SEP191730-30,0.0340,01a0bb92-85a8-722c-a931-daaf72cb16a5,no,no,0,KXBTC15M-26SEP191730-30,072255d8-9309-b1ea-07af-411502b274b5,1789853337,0.9660
buy,bid,103.86,2026-09-19T21:27:47.722606Z,2,0.492080,072255d4-bc89-a6f7-d952-72225f7105ef,True,KXBTC15M-26SEP191730-30,0.0730,01a0bb91-7438-7523-9b1b-32e7791bc069,yes,yes,0,KXBTC15M-26SEP191730-30,072255d4-bc89-a6f7-d952-72225f7105ef,1789853267,0.9270
buy,bid,0.01,2026-09-19T21:27:47.722606Z,2,0.000030,072255d4-a4d9-ac64-f5b8-7451d1976ca1,True,KXBTC15M-26SEP191730-30,0.0730,01a0bb91-7438-7523-9b1b-32e7791bc069,yes,yes,0,KXBTC15M-26SEP191730-30,072255d4-a4d9-ac64-f5b8-7451d1976ca1,1789853267,0.9270
buy,bid,25.00,2026-09-19T21:27:47.722606Z,2,0.118400,072255d4-a4d9-ab1c-c339-4bd2b30c121c,True,KXBTC15M-26SEP191730-30,0.0730,01a0bb91-7438-7523-9b1b-32e7791bc069,yes,yes,0,KXBTC15M-26SEP191730-30,072255d4-a4d9-ab1c-c339-4bd2b30c121c,1789853267,0.9270
buy,bid,204.49,2026-09-19T21:27:47.722606Z,2,0.968670,072255d4-a4d9-aa8c-fb16-766842ade65c,True,KXBTC15M-26SEP191730-30,0.0730,01a0bb91-7438-7523-9b1b-32e7791bc069,yes,yes,0,KXBTC15M-26SEP191730-30,072255d4-a4d9-aa8c-fb16-766842ade65c,1789853267,0.9270
buy,bid,79.00,2026-09-19T21:27:47.722606Z,2,0.374200,072255d4-a4d9-a411-c2b5-93d7f533d733,True,KXBTC15M-26SEP191730-30,0.0730,01a0bb91-7438-7523-9b1b-32e7791bc069,yes,yes,0,KXBTC15M-26SEP191730-30,072255d4-a4d9-a411-c2b5-93d7f533d733,1789853267,0.9270
buy,bid,0.01,2026-09-19T21:27:47.722606Z,2,0.000030,072255d4-a4d9-a120-e77c-6ab5c44d15af,True,KXBTC15M-26SEP191730-30,0.0730,01a0bb91-7438-7523-9b1b-32e7791bc069,yes,yes,0,KXBTC15M-26SEP191730-30,072255d4-a4d9-a120-e77c-6ab5c44d15af,1789853267,0.9270
sell,bid,21.91,2026-09-19T21:27:35.476233Z,2,0.000000,072255d4-5411-b7a2-eb30-2123e872497b,False,KXBTC15M-26SEP191730-30,0.1100,01a0bb91-4170-768c-aa60-e320102a67b3,yes,yes,0,KXBTC15M-26SEP191730-30,072255d4-5411-b7a2-eb30-2123e872497b,1789853255,0.8900
sell,bid,2.73,2026-09-19T21:27:35.400674Z,2,0.000000,072255d4-5411-9ac2-cbe5-893f4755f5bb,False,KXBTC15M-26SEP191730-30,0.1100,01a0bb91-4170-768c-aa60-e320102a67b3,yes,yes,0,KXBTC15M-26SEP191730-30,072255d4-5411-9ac2-cbe5-893f4755f5bb,1789853255,0.8900
sell,bid,427.88,2026-09-19T21:27:35.390158Z,2,0.000000,072255d4-5411-8f26-b85a-2600becd638f,False,KXBTC15M-26SEP191730-30,0.1100,01a0bb91-4170-768c-aa60-e320102a67b3,yes,yes,0,KXBTC15M-26SEP191730-30,072255d4-5411-8f26-b85a-2600becd638f,1789853255,0.8900
sell,bid,42.78,2026-09-19T21:27:35.387661Z,2,0.000000,072255d4-5411-a906-6d2e-8f47a50f621f,False,KXBTC15M-26SEP191730-30,0.1100,01a0bb91-4170-768c-aa60-e320102a67b3,yes,yes,0,KXBTC15M-26SEP191730-30,072255d4-5411-a906-6d2e-8f47a50f621f,1789853255,0.8900
sell,bid,7.84,2026-09-19T21:27:35.097788Z,2,0.000000,072255d4-5411-9172-1c94-d6a81b6ceee3,False,KXBTC15M-26SEP191730-30,0.1100,01a0bb91-4170-768c-aa60-e320102a67b3,yes,yes,0,KXBTC15M-26SEP191730-30,072255d4-5411-9172-1c94-d6a81b6ceee3,1789853255,0.8900
sell,bid,218.69,2026-09-19T21:27:35.066776Z,2,0.000000,072255d4-5411-ba3a-7e6d-59b1d445cd3b,False,KXBTC15M-26SEP191730-30,0.1100,01a0bb91-4170-768c-aa60-e320102a67b3,yes,yes,0,KXBTC15M-26SEP191730-30,072255d4-5411-ba3a-7e6d-59b1d445cd3b,1789853255,0.8900
sell,bid,1.00,2026-09-19T21:27:35.014139Z,2,0.000000,072255d4-5411-b6da-585e-381d9e1872b7,False,KXBTC15M-26SEP191730-30,0.1100,01a0bb91-4170-768c-aa60-e320102a67b3,yes,yes,0,KXBTC15M-26SEP191730-30,072255d4-5411-b6da-585e-381d9e1872b7,1789853255,0.8900
sell,bid,7.84,2026-09-19T21:27:34.9873Z,2,0.000000,072255d4-44b1-8356-0877-11a47a098f2b,False,KXBTC15M-26SEP191730-30,0.1100,01a0bb91-4170-768c-aa60-e320102a67b3,yes,yes,0,KXBTC15M-26SEP191730-30,072255d4-44b1-8356-0877-11a47a098f2b,1789853254,0.8900
sell,bid,8.23,2026-09-19T21:27:34.96978Z,2,0.000000,072255d4-44b1-9102-4aa1-95b40bd7d79f,False,KXBTC15M-26SEP191730-30,0.1100,01a0bb91-4170-768c-aa60-e320102a67b3,yes,yes,0,KXBTC15M-26SEP191730-30,072255d4-44b1-9102-4aa1-95b40bd7d79f,1789853254,0.8900
sell,bid,10.00,2026-09-19T21:27:34.901554Z,2,0.068500,072255d4-44b1-adb6-33ce-76f6b667adaf,True,KXBTC15M-26SEP191730-30,0.1100,01a0bb91-4170-768c-aa60-e320102a67b3,yes,yes,0,KXBTC15M-26SEP191730-30,072255d4-44b1-adb6-33ce-76f6b667adaf,1789853254,0.8900
sell,bid,149.42,2026-09-19T21:27:34.901554Z,2,1.024000,072255d4-44b1-aca2-34c8-6e94264c6529,True,KXBTC15M-26SEP191730-30,0.1100,01a0bb91-4170-768c-aa60-e320102a67b3,yes,yes,0,KXBTC15M-26SEP191730-30,072255d4-44b1-aca2-34c8-6e94264c6529,1789853254,0.8900
sell,bid,1.00,2026-09-19T21:27:34.901554Z,2,0.006800,072255d4-44b1-a911-18de-017d4c712473,True,KXBTC15M-26SEP191730-30,0.1100,01a0bb91-4170-768c-aa60-e320102a67b3,yes,yes,0,KXBTC15M-26SEP191730-30,072255d4-44b1-a911-18de-017d4c712473,1789853254,0.8900
sell,bid,0.01,2026-09-19T21:27:34.901554Z,2,0.000100,072255d4-44b1-a824-1c63-3fa10dc93f1a,True,KXBTC15M-26SEP191730-30,0.1100,01a0bb91-4170-768c-aa60-e320102a67b3,yes,yes,0,KXBTC15M-26SEP191730-30,072255d4-44b1-a824-1c63-3fa10dc93f1a,1789853254,0.8900
sell,bid,1823.99,2026-09-19T21:27:34.901554Z,2,12.499900,072255d4-44b1-a498-2e0a-fbe0c24b842c,True,KXBTC15M-26SEP191730-30,0.1100,01a0bb91-4170-768c-aa60-e320102a67b3,yes,yes,0,KXBTC15M-26SEP191730-30,072255d4-44b1-a498-2e0a-fbe0c24b842c,1789853254,0.8900
sell,bid,0.01,2026-09-19T21:27:34.901554Z,2,0.000100,072255d4-44b1-a197-219d-00e63f830adc,True,KXBTC15M-26SEP191730-30,0.1100,01a0bb91-4170-768c-aa60-e320102a67b3,yes,yes,0,KXBTC15M-26SEP191730-30,072255d4-44b1-a197-219d-00e63f830adc,1789853254,0.8900
sell,bid,150.00,2026-09-19T21:27:34.901554Z,2,1.027900,072255d4-44b1-a196-01c9-76748641e54e,True,KXBTC15M-26SEP191730-30,0.1100,01a0bb91-4170-768c-aa60-e320102a67b3,yes,yes,0,KXBTC15M-26SEP191730-30,072255d4-44b1-a196-01c9-76748641e54e,1789853254,0.8900
sell,bid,500.00,2026-09-19T21:27:34.901554Z,2,3.426500,072255d4-3849-a4af-12ad-3c37ed344896,True,KXBTC15M-26SEP191730-30,0.1100,01a0bb91-4170-768c-aa60-e320102a67b3,yes,yes,0,KXBTC15M-26SEP191730-30,072255d4-3849-a4af-12ad-3c37ed344896,1789853254,0.8900
buy,ask,53.87,2026-09-19T21:22:22.635452Z,2,0.454000,072255bd-c689-9e0d-9c64-b1c86461d850,True,KXBTC15M-26SEP191730-30,0.8600,01a0bb8c-7eb0-7935-88de-b6be530ce76d,no,no,0,KXBTC15M-26SEP191730-30,072255bd-c689-9e0d-9c64-b1c86461d850,1789852942,0.1400
buy,ask,10.00,2026-09-19T21:22:22.635452Z,2,0.084300,072255bd-a5b1-977a-8b57-76384ea57e26,True,KXBTC15M-26SEP191730-30,0.8600,01a0bb8c-7eb0-7935-88de-b6be530ce76d,no,no,0,KXBTC15M-26SEP191730-30,072255bd-a5b1-977a-8b57-76384ea57e26,1789852942,0.1400
buy,ask,10.00,2026-09-19T21:22:22.635452Z,2,0.084300,072255bd-a5b1-95a6-a010-0c6d5aaadba4,True,KXBTC15M-26SEP191730-30,0.8600,01a0bb8c-7eb0-7935-88de-b6be530ce76d,no,no,0,KXBTC15M-26SEP191730-30,072255bd-a5b1-95a6-a010-0c6d5aaadba4,1789852942,0.1400
buy,ask,32.50,2026-09-19T21:22:22.635452Z,2,0.273900,072255bd-9999-9fed-9b9f-e1cf38587b35,True,KXBTC15M-26SEP191730-30,0.8600,01a0bb8c-7eb0-7935-88de-b6be530ce76d,no,no,0,KXBTC15M-26SEP191730-30,072255bd-9999-9fed-9b9f-e1cf38587b35,1789852942,0.1400
buy,ask,200.00,2026-09-19T21:22:22.635452Z,2,1.685600,072255bd-95d1-9c76-93c3-c89316c7b597,True,KXBTC15M-26SEP191730-30,0.8600,01a0bb8c-7eb0-7935-88de-b6be530ce76d,no,no,0,KXBTC15M-26SEP191730-30,072255bd-95d1-9c76-93c3-c89316c7b597,1789852942,0.1400
buy,ask,46.00,2026-09-19T21:22:22.635452Z,2,0.387700,072255bd-95d1-9487-9b2d-7e09cd5056af,True,KXBTC15M-26SEP191730-30,0.8600,01a0bb8c-7eb0-7935-88de-b6be530ce76d,no,no,0,KXBTC15M-26SEP191730-30,072255bd-95d1-9487-9b2d-7e09cd5056af,1789852942,0.1400
buy,ask,30.00,2026-09-19T21:22:22.635452Z,2,0.252900,072255bd-95d1-9052-b442-9a9c02b18cdd,True,KXBTC15M-26SEP191730-30,0.8600,01a0bb8c-7eb0-7935-88de-b6be530ce76d,no,no,0,KXBTC15M-26SEP191730-30,072255bd-95d1-9052-b442-9a9c02b18cdd,1789852942,0.1400
buy,ask,14.64,2026-09-19T21:22:22.635452Z,2,0.123400,072255bd-91e9-9edc-a20a-f7c26e6469f7,True,KXBTC15M-26SEP191730-30,0.8600,01a0bb8c-7eb0-7935-88de-b6be530ce76d,no,no,0,KXBTC15M-26SEP191730-30,072255bd-91e9-9edc-a20a-f7c26e6469f7,1789852942,0.1400
buy,ask,1.00,2026-09-19T21:22:22.635452Z,2,0.008400,072255bd-8c21-9e7a-9b0f-d4c422a6ec05,True,KXBTC15M-26SEP191730-30,0.8600,01a0bb8c-7eb0-7935-88de-b6be530ce76d,no,no,0,KXBTC15M-26SEP191730-30,072255bd-8c21-9e7a-9b0f-d4c422a6ec05,1789852942,0.1400
buy,ask,15.00,2026-09-19T21:22:22.635452Z,2,0.126400,072255bd-8c21-96e1-bf1c-03aaa4700f97,True,KXBTC15M-26SEP191730-30,0.8600,01a0bb8c-7eb0-7935-88de-b6be530ce76d,no,no,0,KXBTC15M-26SEP191730-30,072255bd-8c21-96e1-bf1c-03aaa4700f97,1789852942,0.1400
buy,ask,11.64,2026-09-19T21:22:22.635452Z,2,0.098100,072255bd-8839-92b7-9cbc-abc499d86624,True,KXBTC15M-26SEP191730-30,0.8600,01a0bb8c-7eb0-7935-88de-b6be530ce76d,no,no,0,KXBTC15M-26SEP191730-30,072255bd-8839-92b7-9cbc-abc499d86624,1789852942,0.1400
buy,ask,100.00,2026-09-19T21:22:22.635452Z,2,0.842800,072255bd-8471-93d7-b727-eaef65a7094e,True,KXBTC15M-26SEP191730-30,0.8600,01a0bb8c-7eb0-7935-88de-b6be530ce76d,no,no,0,KXBTC15M-26SEP191730-30,072255bd-8471-93d7-b727-eaef65a7094e,1789852942,0.1400
buy,ask,10.00,2026-09-19T21:22:22.635452Z,2,0.084300,072255bd-8009-9e8d-8168-4e26a4d94991,True,KXBTC15M-26SEP191730-30,0.8600,01a0bb8c-7eb0-7935-88de-b6be530ce76d,no,no,0,KXBTC15M-26SEP191730-30,072255bd-8009-9e8d-8168-4e26a4d94991,1789852942,0.1400
buy,ask,0.01,2026-09-19T21:22:22.635452Z,2,0.000100,072255bd-8009-9c51-9d97-6e7c180a6309,True,KXBTC15M-26SEP191730-30,0.8600,01a0bb8c-7eb0-7935-88de-b6be530ce76d,no,no,0,KXBTC15M-26SEP191730-30,072255bd-8009-9c51-9d97-6e7c180a6309,1789852942,0.1400
buy,ask,0.01,2026-09-19T21:22:22.635452Z,2,0.000100,072255bd-8009-9c14-94e4-d46f0b5980a2,True,KXBTC15M-26SEP191730-30,0.8600,01a0bb8c-7eb0-7935-88de-b6be530ce76d,no,no,0,KXBTC15M-26SEP191730-30,072255bd-8009-9c14-94e4-d46f0b5980a2,1789852942,0.1400
buy,ask,2200.00,2026-09-19T21:22:22.635452Z,2,18.541600,072255bd-8009-9b89-ab58-e17f846a60ec,True,KXBTC15M-26SEP191730-30,0.8600,01a0bb8c-7eb0-7935-88de-b6be530ce76d,no,no,0,KXBTC15M-26SEP191730-30,072255bd-8009-9b89-ab58-e17f846a60ec,1789852942,0.1400
buy,ask,50.00,2026-09-19T21:22:22.635452Z,2,0.421400,072255bd-8009-9919-9d91-ea04c55ade0e,True,KXBTC15M-26SEP191730-30,0.8600,01a0bb8c-7eb0-7935-88de-b6be530ce76d,no,no,0,KXBTC15M-26SEP191730-30,072255bd-8009-9919-9d91-ea04c55ade0e,1789852942,0.1400
buy,ask,2.00,2026-09-19T21:22:22.635452Z,2,0.016800,072255bd-8009-987f-8c96-9063a88599bc,True,KXBTC15M-26SEP191730-30,0.8600,01a0bb8c-7eb0-7935-88de-b6be530ce76d,no,no,0,KXBTC15M-26SEP191730-30,072255bd-8009-987f-8c96-9063a88599bc,1789852942,0.1400
buy,ask,0.01,2026-09-19T21:22:22.635452Z,2,0.000100,072255bd-8009-9520-b110-1e61ce2b7cb5,True,KXBTC15M-26SEP191730-30,0.8600,01a0bb8c-7eb0-7935-88de-b6be530ce76d,no,no,0,KXBTC15M-26SEP191730-30,072255bd-8009-9520-b110-1e61ce2b7cb5,1789852942,0.1400
buy,ask,500.00,2026-09-19T21:22:22.635452Z,2,4.214000,072255bd-8009-9416-ad30-6f28a3c7d4f6,True,KXBTC15M-26SEP191730-30,0.8600,01a0bb8c-7eb0-7935-88de-b6be530ce76d,no,no,0,KXBTC15M-26SEP191730-30,072255bd-8009-9416-ad30-6f28a3c7d4f6,1789852942,0.1400
buy,ask,0.01,2026-09-19T21:22:22.635452Z,2,0.000100,072255bd-8009-93b9-8479-eda316133d51,True,KXBTC15M-26SEP191730-30,0.8600,01a0bb8c-7eb0-7935-88de-b6be530ce76d,no,no,0,KXBTC15M-26SEP191730-30,072255bd-8009-93b9-8479-eda316133d51,1789852942,0.1400
buy,ask,53.00,2026-09-19T21:22:22.635452Z,2,0.446700,072255bd-8009-923c-bd96-a0348c38a098,True,KXBTC15M-26SEP191730-30,0.8600,01a0bb8c-7eb0-7935-88de-b6be530ce76d,no,no,0,KXBTC15M-26SEP191730-30,072255bd-8009-923c-bd96-a0348c38a098,1789852942,0.1400
buy,ask,33.64,2026-09-19T21:22:22.635452Z,2,0.283500,072255bd-8009-9079-8365-d9471b821b64,True,KXBTC15M-26SEP191730-30,0.8600,01a0bb8c-7eb0-7935-88de-b6be530ce76d,no,no,0,KXBTC15M-26SEP191730-30,072255bd-8009-9079-8365-d9471b821b64,1789852942,0.1400
buy,ask,0.01,2026-09-19T21:12:02.945807Z,2,0.000100,0722558f-2b91-bfd4-61d4-a9e0685c120c,True,KXBTC15M-26SEP191715-15,0.9600,01a0bb83-08d0-70a0-beb2-cf1a5946f618,no,no,0,KXBTC15M-26SEP191715-15,0722558f-2b91-bfd4-61d4-a9e0685c120c,1789852322,0.0400
buy,ask,50.00,2026-09-19T21:12:02.945807Z,2,0.134400,0722558f-2b91-bda4-4bb1-edbe1f3ec95e,True,KXBTC15M-26SEP191715-15,0.9600,01a0bb83-08d0-70a0-beb2-cf1a5946f618,no,no,0,KXBTC15M-26SEP191715-15,0722558f-2b91-bda4-4bb1-edbe1f3ec95e,1789852322,0.0400
buy,ask,12.00,2026-09-19T21:12:02.945807Z,2,0.029900,0722558f-2b91-bb8b-7f31-4b6988426d49,True,KXBTC15M-26SEP191715-15,0.9630,01a0bb83-08d0-70a0-beb2-cf1a5946f618,no,no,0,KXBTC15M-26SEP191715-15,0722558f-2b91-bb8b-7f31-4b6988426d49,1789852322,0.0370
buy,ask,25.00,2026-09-19T21:12:02.945807Z,2,0.067200,0722558f-2b91-b90e-706b-a2b023dfb653,True,KXBTC15M-26SEP191715-15,0.9600,01a0bb83-08d0-70a0-beb2-cf1a5946f618,no,no,0,KXBTC15M-26SEP191715-15,0722558f-2b91-b90e-706b-a2b023dfb653,1789852322,0.0400
buy,ask,0.01,2026-09-19T21:12:02.945807Z,2,0.000110,0722558f-2b91-b638-720f-aa1f3504799e,True,KXBTC15M-26SEP191715-15,0.9590,01a0bb83-08d0-70a0-beb2-cf1a5946f618,no,no,0,KXBTC15M-26SEP191715-15,0722558f-2b91-b638-720f-aa1f3504799e,1789852322,0.0410
buy,ask,25.00,2026-09-19T21:12:02.945807Z,2,0.062400,0722558f-2b91-b4fc-6534-3956a652e11d,True,KXBTC15M-26SEP191715-15,0.9630,01a0bb83-08d0-70a0-beb2-cf1a5946f618,no,no,0,KXBTC15M-26SEP191715-15,0722558f-2b91-b4fc-6534-3956a652e11d,1789852322,0.0370
buy,ask,10.00,2026-09-19T21:12:02.945807Z,2,0.027500,0722558f-2b91-b3f2-4660-bd66b5a2294d,True,KXBTC15M-26SEP191715-15,0.9590,01a0bb83-08d0-70a0-beb2-cf1a5946f618,no,no,0,KXBTC15M-26SEP191715-15,0722558f-2b91-b3f2-4660-bd66b5a2294d,1789852322,0.0410
buy,ask,0.01,2026-09-19T21:12:02.945807Z,2,0.000010,0722558f-2b91-b2ab-6519-d4174501606f,True,KXBTC15M-26SEP191715-15,0.9590,01a0bb83-08d0-70a0-beb2-cf1a5946f618,no,no,0,KXBTC15M-26SEP191715-15,0722558f-2b91-b2ab-6519-d4174501606f,1789852322,0.0410
buy,ask,25.00,2026-09-19T21:12:02.945807Z,2,0.065600,0722558f-2b91-b0bd-5ac8-62a14e01ccf5,True,KXBTC15M-26SEP191715-15,0.9610,01a0bb83-08d0-70a0-beb2-cf1a5946f618,no,no,0,KXBTC15M-26SEP191715-15,0722558f-2b91-b0bd-5ac8-62a14e01ccf5,1789852322,0.0390
buy,ask,8.00,2026-09-19T21:12:02.945807Z,2,0.021500,0722558f-27a9-bf2a-7106-847beda8353f,True,KXBTC15M-26SEP191715-15,0.9600,01a0bb83-08d0-70a0-beb2-cf1a5946f618,no,no,0,KXBTC15M-26SEP191715-15,0722558f-27a9-bf2a-7106-847beda8353f,1789852322,0.0400
buy,ask,8.00,2026-09-19T21:12:02.945807Z,2,0.021000,0722558f-27a9-be0c-4207-cc014a0dd610,True,KXBTC15M-26SEP191715-15,0.9610,01a0bb83-08d0-70a0-beb2-cf1a5946f618,no,no,0,KXBTC15M-26SEP191715-15,0722558f-27a9-be0c-4207-cc014a0dd610,1789852322,0.0390
buy,ask,12.00,2026-09-19T21:12:02.945807Z,2,0.031400,0722558f-27a9-bbba-7fb8-e1287522133a,True,KXBTC15M-26SEP191715-15,0.9610,01a0bb83-08d0-70a0-beb2-cf1a5946f618,no,no,0,KXBTC15M-26SEP191715-15,0722558f-27a9-bbba-7fb8-e1287522133a,1789852322,0.0390
buy,ask,8.00,2026-09-19T21:12:02.945807Z,2,0.020500,0722558f-27a9-b3fe-7923-af94880a452e,True,KXBTC15M-26SEP191715-15,0.9620,01a0bb83-08d0-70a0-beb2-cf1a5946f618,no,no,0,KXBTC15M-26SEP191715-15,0722558f-27a9-b3fe-7923-af94880a452e,1789852322,0.0380
buy,ask,12.00,2026-09-19T21:12:02.945807Z,2,0.030700,0722558f-27a9-b15f-4e35-063ed1562941,True,KXBTC15M-26SEP191715-15,0.9620,01a0bb83-08d0-70a0-beb2-cf1a5946f618,no,no,0,KXBTC15M-26SEP191715-15,0722558f-27a9-b15f-4e35-063ed1562941,1789852322,0.0380
buy,ask,40.04,2026-09-19T21:12:02.945807Z,2,0.107600,0722558d-8619-b18a-7a9e-47158aa9b9f7,True,KXBTC15M-26SEP191715-15,0.9600,01a0bb83-08d0-70a0-beb2-cf1a5946f618,no,no,0,KXBTC15M-26SEP191715-15,0722558d-8619-b18a-7a9e-47158aa9b9f7,1789852322,0.0400
buy,ask,253.63,2026-09-19T21:12:02.945807Z,2,0.649040,07225574-2b29-ba49-7623-e76d03363c3a,True,KXBTC15M-26SEP191715-15,0.9620,01a0bb83-08d0-70a0-beb2-cf1a5946f618,no,no,0,KXBTC15M-26SEP191715-15,07225574-2b29-ba49-7623-e76d03363c3a,1789852322,0.0380
buy,ask,362.97,2026-09-19T21:12:02.945807Z,2,0.834480,07225574-2b29-b987-7b9f-2cd68a0edca8,True,KXBTC15M-26SEP191715-15,0.9660,01a0bb83-08d0-70a0-beb2-cf1a5946f618,no,no,0,KXBTC15M-26SEP191715-15,07225574-2b29-b987-7b9f-2cd68a0edca8,1789852322,0.0340
buy,ask,1000.00,2026-09-19T21:12:02.945807Z,2,2.429300,07225574-2b29-b14e-4c01-59d2cf91312b,True,KXBTC15M-26SEP191715-15,0.9640,01a0bb83-08d0-70a0-beb2-cf1a5946f618,no,no,0,KXBTC15M-26SEP191715-15,07225574-2b29-b14e-4c01-59d2cf91312b,1789852322,0.0360
buy,ask,6.00,2026-09-19T21:12:02.945807Z,2,0.014200,07225574-27c1-bf99-5c3b-4f142b873094,True,KXBTC15M-26SEP191715-15,0.9650,01a0bb83-08d0-70a0-beb2-cf1a5946f618,no,no,0,KXBTC15M-26SEP191715-15,07225574-27c1-bf99-5c3b-4f142b873094,1789852322,0.0350
buy,ask,6.00,2026-09-19T21:12:02.945807Z,2,0.013800,07225574-27c1-bda1-4e9b-1e0e71fcd329,True,KXBTC15M-26SEP191715-15,0.9660,01a0bb83-08d0-70a0-beb2-cf1a5946f618,no,no,0,KXBTC15M-26SEP191715-15,07225574-27c1-bda1-4e9b-1e0e71fcd329,1789852322,0.0340
buy,ask,2.00,2026-09-19T21:12:02.945807Z,2,0.005000,07225574-27c1-bbb3-71a1-c376a3d0ac53,True,KXBTC15M-26SEP191715-15,0.9630,01a0bb83-08d0-70a0-beb2-cf1a5946f618,no,no,0,KXBTC15M-26SEP191715-15,07225574-27c1-bbb3-71a1-c376a3d0ac53,1789852322,0.0370
buy,ask,2.00,2026-09-19T21:12:02.945807Z,2,0.004800,07225574-27c1-b7db-5837-be841e3fa916,True,KXBTC15M-26SEP191715-15,0.9640,01a0bb83-08d0-70a0-beb2-cf1a5946f618,no,no,0,KXBTC15M-26SEP191715-15,07225574-27c1-b7db-5837-be841e3fa916,1789852322,0.0360
buy,ask,500.00,2026-09-19T21:10:56.564948Z,2,2.308600,0722558a-1f19-90fa-3e73-138c42c1ebc0,True,KXBTC15M-26SEP191715-15,0.9290,01a0bb82-0700-7914-aba1-5de42cec516d,no,no,0,KXBTC15M-26SEP191715-15,0722558a-1f19-90fa-3e73-138c42c1ebc0,1789852256,0.0710
buy,ask,0.01,2026-09-19T21:10:56.564948Z,2,0.000110,0722558a-1b01-9ca6-2b58-c069441d56e5,True,KXBTC15M-26SEP191715-15,0.9290,01a0bb82-0700-7914-aba1-5de42cec516d,no,no,0,KXBTC15M-26SEP191715-15,0722558a-1b01-9ca6-2b58-c069441d56e5,1789852256,0.0710
buy,ask,564.53,2026-09-19T21:10:56.564948Z,2,2.572600,0722558a-1b01-9c6b-29a7-fa206b43bbac,True,KXBTC15M-26SEP191715-15,0.9300,01a0bb82-0700-7914-aba1-5de42cec516d,no,no,0,KXBTC15M-26SEP191715-15,0722558a-1b01-9c6b-29a7-fa206b43bbac,1789852256,0.0700
buy,ask,0.01,2026-09-19T21:10:56.564948Z,2,0.000010,0722558a-1b01-9a6d-3055-3c1a568fe946,True,KXBTC15M-26SEP191715-15,0.9290,01a0bb82-0700-7914-aba1-5de42cec516d,no,no,0,KXBTC15M-26SEP191715-15,0722558a-1b01-9a6d-3055-3c1a568fe946,1789852256,0.0710
sell,ask,14.79,2026-09-19T21:10:17.522409Z,2,0.117100,07225584-d061-a5b4-5602-56023e8861e7,True,KXBTC15M-26SEP191715-15,0.8700,01a0bb81-6ea8-7638-be73-823fc6b9c7cd,no,no,0,KXBTC15M-26SEP191715-15,07225584-d061-a5b4-5602-56023e8861e7,1789852217,0.1300
buy,bid,14.79,2026-09-19T21:06:13.904373Z,2,0.232400,0722568b-6781-a292-e587-783d1ac176b4,True,KXBTC15M-26SEP191715-15,0.3400,01a0bb7d-b588-7688-9b51-627139f5249b,yes,yes,0,KXBTC15M-26SEP191715-15,0722568b-6781-a292-e587-783d1ac176b4,1789851973,0.6600
buy,ask,89.20,2026-09-19T20:50:53.989861Z,2,0.611300,072256d1-23a9-b54d-b329-59d3ce04ab44,True,KXBTC15M-26SEP191700-00,0.8900,01a0bb6f-abc8-7397-8851-f589df27a378,no,no,0,KXBTC15M-26SEP191700-00,072256d1-23a9-b54d-b329-59d3ce04ab44,1789851053,0.1100
buy,ask,246.31,2026-09-19T20:50:40.783974Z,2,1.950000,072256d2-de81-b5dc-fb0e-dc3dd9a88631,True,KXBTC15M-26SEP191700-00,0.8700,01a0bb6f-7900-719b-9c8f-271c8d5a4b75,no,no,0,KXBTC15M-26SEP191700-00,072256d2-de81-b5dc-fb0e-dc3dd9a88631,1789851040,0.1300
buy,ask,55.00,2026-09-19T20:50:40.783974Z,2,0.435400,072256d2-b9a9-be90-f056-38a35103cda7,True,KXBTC15M-26SEP191700-00,0.8700,01a0bb6f-7900-719b-9c8f-271c8d5a4b75,no,no,0,KXBTC15M-26SEP191700-00,072256d2-b9a9-be90-f056-38a35103cda7,1789851040,0.1300
buy,ask,500.00,2026-09-19T20:50:40.783974Z,2,3.958500,072256d2-b9a9-bbb5-e7c0-2ca9067db6ab,True,KXBTC15M-26SEP191700-00,0.8700,01a0bb6f-7900-719b-9c8f-271c8d5a4b75,no,no,0,KXBTC15M-26SEP191700-00,072256d2-b9a9-bbb5-e7c0-2ca9067db6ab,1789851040,0.1300
buy,ask,0.01,2026-09-19T20:50:40.783974Z,2,0.000100,072256d2-b9a9-babc-cdf1-5fbac9bc7254,True,KXBTC15M-26SEP191700-00,0.8700,01a0bb6f-7900-719b-9c8f-271c8d5a4b75,no,no,0,KXBTC15M-26SEP191700-00,072256d2-b9a9-babc-cdf1-5fbac9bc7254,1789851040,0.1300
buy,ask,251.80,2026-09-19T20:50:40.783974Z,2,1.993600,072256d2-b9a9-b839-fb3f-0a64f3836602,True,KXBTC15M-26SEP191700-00,0.8700,01a0bb6f-7900-719b-9c8f-271c8d5a4b75,no,no,0,KXBTC15M-26SEP191700-00,072256d2-b9a9-b839-fb3f-0a64f3836602,1789851040,0.1300
buy,ask,0.01,2026-09-19T20:50:40.783974Z,2,0.000000,072256d2-b9a9-b808-eb94-b857af0e20ca,True,KXBTC15M-26SEP191700-00,0.8700,01a0bb6f-7900-719b-9c8f-271c8d5a4b75,no,no,0,KXBTC15M-26SEP191700-00,072256d2-b9a9-b808-eb94-b857af0e20ca,1789851040,0.1300
buy,ask,10.00,2026-09-19T20:50:40.783974Z,2,0.079200,072256d2-b9a9-b464-fc69-a2de7b0e0d01,True,KXBTC15M-26SEP191700-00,0.8700,01a0bb6f-7900-719b-9c8f-271c8d5a4b75,no,no,0,KXBTC15M-26SEP191700-00,072256d2-b9a9-b464-fc69-a2de7b0e0d01,1789851040,0.1300
buy,ask,1090.59,2026-09-19T20:50:40.783974Z,2,8.634200,072256d2-9d01-bfcc-f4cc-448c8a4f81ca,True,KXBTC15M-26SEP191700-00,0.8700,01a0bb6f-7900-719b-9c8f-271c8d5a4b75,no,no,0,KXBTC15M-26SEP191700-00,072256d2-9d01-bfcc-f4cc-448c8a4f81ca,1789851040,0.1300
buy,ask,50.00,2026-09-19T20:50:40.783974Z,2,0.395900,072256d2-9d01-b4ba-e478-2b4b0369c056,True,KXBTC15M-26SEP191700-00,0.8700,01a0bb6f-7900-719b-9c8f-271c8d5a4b75,no,no,0,KXBTC15M-26SEP191700-00,072256d2-9d01-b4ba-e478-2b4b0369c056,1789851040,0.1300
buy,ask,25.00,2026-09-19T20:50:40.783974Z,2,0.197900,072256d2-9531-b237-f768-c2ba861af116,True,KXBTC15M-26SEP191700-00,0.8700,01a0bb6f-7900-719b-9c8f-271c8d5a4b75,no,no,0,KXBTC15M-26SEP191700-00,072256d2-9531-b237-f768-c2ba861af116,1789851040,0.1300
buy,ask,50.00,2026-09-19T20:50:40.783974Z,2,0.395800,072256d2-9119-b759-c20d-a95aa5216bee,True,KXBTC15M-26SEP191700-00,0.8700,01a0bb6f-7900-719b-9c8f-271c8d5a4b75,no,no,0,KXBTC15M-26SEP191700-00,072256d2-9119-b759-c20d-a95aa5216bee,1789851040,0.1300
buy,ask,100.00,2026-09-19T20:50:40.783974Z,2,0.791700,072256d2-9119-b519-ecc4-10740d8688d2,True,KXBTC15M-26SEP191700-00,0.8700,01a0bb6f-7900-719b-9c8f-271c8d5a4b75,no,no,0,KXBTC15M-26SEP191700-00,072256d2-9119-b519-ecc4-10740d8688d2,1789851040,0.1300
buy,ask,46.00,2026-09-19T20:50:40.783974Z,2,0.364200,072256d2-9119-b507-ca61-18c3076958f2,True,KXBTC15M-26SEP191700-00,0.8700,01a0bb6f-7900-719b-9c8f-271c8d5a4b75,no,no,0,KXBTC15M-26SEP191700-00,072256d2-9119-b507-ca61-18c3076958f2,1789851040,0.1300
buy,ask,297.00,2026-09-19T20:50:40.783974Z,2,2.351400,072256d2-9119-b3fa-c9aa-c19a3410bfd9,True,KXBTC15M-26SEP191700-00,0.8700,01a0bb6f-7900-719b-9c8f-271c8d5a4b75,no,no,0,KXBTC15M-26SEP191700-00,072256d2-9119-b3fa-c9aa-c19a3410bfd9,1789851040,0.1300
buy,ask,0.01,2026-09-19T20:50:40.783974Z,2,0.000100,072256d2-8591-bf07-d353-374a669cc471,True,KXBTC15M-26SEP191700-00,0.8700,01a0bb6f-7900-719b-9c8f-271c8d5a4b75,no,no,0,KXBTC15M-26SEP191700-00,072256d2-8591-bf07-d353-374a669cc471,1789851040,0.1300
buy,ask,0.01,2026-09-19T20:50:40.783974Z,2,0.000100,072256d2-8591-bb8d-f3f6-d8e6bfce75fa,True,KXBTC15M-26SEP191700-00,0.8700,01a0bb6f-7900-719b-9c8f-271c8d5a4b75,no,no,0,KXBTC15M-26SEP191700-00,072256d2-8591-bb8d-f3f6-d8e6bfce75fa,1789851040,0.1300
buy,ask,2.00,2026-09-19T20:50:40.783974Z,2,0.015800,072256d2-8591-b2a4-f1c7-187de10daf1c,True,KXBTC15M-26SEP191700-00,0.8700,01a0bb6f-7900-719b-9c8f-271c8d5a4b75,no,no,0,KXBTC15M-26SEP191700-00,072256d2-8591-b2a4-f1c7-187de10daf1c,1789851040,0.1300
buy,ask,10.00,2026-09-19T20:50:40.783974Z,2,0.079200,072256d2-8179-b06f-eba4-64e0b59792a0,True,KXBTC15M-26SEP191700-00,0.8700,01a0bb6f-7900-719b-9c8f-271c8d5a4b75,no,no,0,KXBTC15M-26SEP191700-00,072256d2-8179-b06f-eba4-64e0b59792a0,1789851040,0.1300
buy,ask,13.27,2026-09-19T20:47:57.522805Z,2,0.178800,072256df-0559-99d3-6cd2-c628f25dc30d,True,KXBTC15M-26SEP191700-00,0.7400,01a0bb6c-fc48-787c-b92e-0b97e6f38585,no,no,0,KXBTC15M-26SEP191700-00,072256df-0559-99d3-6cd2-c628f25dc30d,1789850877,0.2600
sell,ask,552.30,2026-09-19T20:13:53.051419Z,2,0.000000,0722567a-e7a1-85d1-6e3d-8166b5701dcf,False,KXBTC15M-26SEP191615-15,0.0020,01a0bb4d-c800-7f3b-a4ee-116ef0ee75cf,no,no,0,KXBTC15M-26SEP191615-15,0722567a-e7a1-85d1-6e3d-8166b5701dcf,1789848833,0.9980
sell,ask,257.65,2026-09-19T20:13:52.650009Z,2,0.000000,0722567a-e801-bd31-eee8-95bdc162694f,False,KXBTC15M-26SEP191615-15,0.0020,01a0bb4d-c800-7f3b-a4ee-116ef0ee75cf,no,no,0,KXBTC15M-26SEP191615-15,0722567a-e801-bd31-eee8-95bdc162694f,1789848832,0.9980
sell,ask,0.01,2026-09-19T20:13:52.385661Z,2,0.000080,0722567a-e801-8627-2e59-e5dd55d42548,True,KXBTC15M-26SEP191615-15,0.0020,01a0bb4d-c800-7f3b-a4ee-116ef0ee75cf,no,no,0,KXBTC15M-26SEP191615-15,0722567a-e801-8627-2e59-e5dd55d42548,1789848832,0.9980
sell,ask,1562.77,2026-09-19T20:13:52.385661Z,2,0.218360,0722567a-e419-87f3-3287-92144b61ec9b,True,KXBTC15M-26SEP191615-15,0.0020,01a0bb4d-c800-7f3b-a4ee-116ef0ee75cf,no,no,0,KXBTC15M-26SEP191615-15,0722567a-e419-87f3-3287-92144b61ec9b,1789848832,0.9980
sell,ask,100.09,2026-09-19T20:13:52.385661Z,2,0.014020,0722567a-e419-834a-0229-66ff917e9818,True,KXBTC15M-26SEP191615-15,0.0020,01a0bb4d-c800-7f3b-a4ee-116ef0ee75cf,no,no,0,KXBTC15M-26SEP191615-15,0722567a-e419-834a-0229-66ff917e9818,1789848832,0.9980
buy,bid,0.19,2026-09-19T20:10:03.426415Z,2,0.000800,0722566f-8601-9178-67dd-6e77fad14242,True,KXBTC15M-26SEP191615-15,0.0600,01a0bb4a-4978-7a51-bb1a-11782ad85858,yes,yes,0,KXBTC15M-26SEP191615-15,0722566f-8601-9178-67dd-6e77fad14242,1789848603,0.9400
buy,bid,4.60,2026-09-19T20:10:03.426415Z,2,0.018100,0722566e-a391-968b-66e5-509d18994581,True,KXBTC15M-26SEP191615-15,0.0600,01a0bb4a-4978-7a51-bb1a-11782ad85858,yes,yes,0,KXBTC15M-26SEP191615-15,0722566e-a391-968b-66e5-509d18994581,1789848603,0.9400
buy,bid,0.64,2026-09-19T20:10:03.426415Z,2,0.002500,0722566d-3e91-9f2b-7eb1-beba17c607d6,True,KXBTC15M-26SEP191615-15,0.0600,01a0bb4a-4978-7a51-bb1a-11782ad85858,yes,yes,0,KXBTC15M-26SEP191615-15,0722566d-3e91-9f2b-7eb1-beba17c607d6,1789848603,0.9400
buy,bid,100.00,2026-09-19T20:10:03.426415Z,2,0.394800,0722566b-dba9-94eb-5b52-b0885d5ccfa2,True,KXBTC15M-26SEP191615-15,0.0600,01a0bb4a-4978-7a51-bb1a-11782ad85858,yes,yes,0,KXBTC15M-26SEP191615-15,0722566b-dba9-94eb-5b52-b0885d5ccfa2,1789848603,0.9400
buy,bid,673.09,2026-09-19T20:10:03.426415Z,2,2.657400,07225668-3c09-991d-60ca-8d319a1302f3,True,KXBTC15M-26SEP191615-15,0.0600,01a0bb4a-4978-7a51-bb1a-11782ad85858,yes,yes,0,KXBTC15M-26SEP191615-15,07225668-3c09-991d-60ca-8d319a1302f3,1789848603,0.9400
buy,bid,260.34,2026-09-19T20:10:03.426415Z,2,1.027900,07225661-b5f1-9561-77a6-abe1c5fbfde5,True,KXBTC15M-26SEP191615-15,0.0600,01a0bb4a-4978-7a51-bb1a-11782ad85858,yes,yes,0,KXBTC15M-26SEP191615-15,07225661-b5f1-9561-77a6-abe1c5fbfde5,1789848603,0.9400
buy,bid,363.23,2026-09-19T20:02:15.279026Z,2,5.438600,0722564f-b411-8b86-d9a8-0081dfd63061,True,KXBTC15M-26SEP191615-15,0.3100,01a0bb43-2558-7ede-9e34-47cfc601f5b6,yes,yes,0,KXBTC15M-26SEP191615-15,0722564f-b411-8b86-d9a8-0081dfd63061,1789848135,0.6900
buy,bid,14.00,2026-09-19T20:02:15.279026Z,2,0.209600,0722564f-8cc1-8bb6-fb3e-5ca529715d61,True,KXBTC15M-26SEP191615-15,0.3100,01a0bb43-2558-7ede-9e34-47cfc601f5b6,yes,yes,0,KXBTC15M-26SEP191615-15,0722564f-8cc1-8bb6-fb3e-5ca529715d61,1789848135,0.6900
buy,bid,10.00,2026-09-19T20:02:15.279026Z,2,0.149800,0722564f-8cc1-8baf-cc17-9ddadd40744e,True,KXBTC15M-26SEP191615-15,0.3100,01a0bb43-2558-7ede-9e34-47cfc601f5b6,yes,yes,0,KXBTC15M-26SEP191615-15,0722564f-8cc1-8baf-cc17-9ddadd40744e,1789848135,0.6900
buy,bid,0.01,2026-09-19T20:02:15.279026Z,2,0.000100,0722564f-8cc1-891f-dfa6-c30a9086a2c5,True,KXBTC15M-26SEP191615-15,0.3100,01a0bb43-2558-7ede-9e34-47cfc601f5b6,yes,yes,0,KXBTC15M-26SEP191615-15,0722564f-8cc1-891f-dfa6-c30a9086a2c5,1789848135,0.6900
buy,bid,0.01,2026-09-19T20:02:15.279026Z,2,0.000200,0722564f-8cc1-843e-e9d8-403c49f684a3,True,KXBTC15M-26SEP191615-15,0.3100,01a0bb43-2558-7ede-9e34-47cfc601f5b6,yes,yes,0,KXBTC15M-26SEP191615-15,0722564f-8cc1-843e-e9d8-403c49f684a3,1789848135,0.6900
buy,bid,0.10,2026-09-19T20:02:15.279026Z,2,0.001500,0722564f-88e9-8f69-e746-226642d5f295,True,KXBTC15M-26SEP191615-15,0.3100,01a0bb43-2558-7ede-9e34-47cfc601f5b6,yes,yes,0,KXBTC15M-26SEP191615-15,0722564f-88e9-8f69-e746-226642d5f295,1789848135,0.6900
buy,bid,1.00,2026-09-19T20:02:15.279026Z,2,0.014900,0722564f-88e9-89d2-f0ab-f7192df20f54,True,KXBTC15M-26SEP191615-15,0.3100,01a0bb43-2558-7ede-9e34-47cfc601f5b6,yes,yes,0,KXBTC15M-26SEP191615-15,0722564f-88e9-89d2-f0ab-f7192df20f54,1789848135,0.6900
buy,bid,0.01,2026-09-19T20:02:15.279026Z,2,0.000200,0722564f-88e9-860c-f53b-eeb8ac0a9047,True,KXBTC15M-26SEP191615-15,0.3100,01a0bb43-2558-7ede-9e34-47cfc601f5b6,yes,yes,0,KXBTC15M-26SEP191615-15,0722564f-88e9-860c-f53b-eeb8ac0a9047,1789848135,0.6900
buy,bid,0.01,2026-09-19T20:02:15.279026Z,2,0.000200,0722564f-88e9-82c4-fa0d-0049725aa85d,True,KXBTC15M-26SEP191615-15,0.3100,01a0bb43-2558-7ede-9e34-47cfc601f5b6,yes,yes,0,KXBTC15M-26SEP191615-15,0722564f-88e9-82c4-fa0d-0049725aa85d,1789848135,0.6900
buy,bid,0.01,2026-09-19T20:02:15.279026Z,2,0.000100,0722564f-88e9-8070-fb83-49afb4a55bad,True,KXBTC15M-26SEP191615-15,0.3100,01a0bb43-2558-7ede-9e34-47cfc601f5b6,yes,yes,0,KXBTC15M-26SEP191615-15,0722564f-88e9-8070-fb83-49afb4a55bad,1789848135,0.6900
buy,bid,754.90,2026-09-19T20:02:15.279026Z,2,11.303200,0722564f-80d9-8866-c14a-012af1ae48b9,True,KXBTC15M-26SEP191615-15,0.3100,01a0bb43-2558-7ede-9e34-47cfc601f5b6,yes,yes,0,KXBTC15M-26SEP191615-15,0722564f-80d9-8866-c14a-012af1ae48b9,1789848135,0.6900
buy,bid,2.00,2026-09-19T20:02:15.279026Z,2,0.029900,0722564f-80d9-8356-f7c8-90cc49624a8d,True,KXBTC15M-26SEP191615-15,0.3100,01a0bb43-2558-7ede-9e34-47cfc601f5b6,yes,yes,0,KXBTC15M-26SEP191615-15,0722564f-80d9-8356-f7c8-90cc49624a8d,1789848135,0.6900
buy,bid,200.00,2026-09-19T20:02:15.279026Z,2,2.994600,0722564e-7fa1-87e4-e5e3-e1c8a36cee55,True,KXBTC15M-26SEP191615-15,0.3100,01a0bb43-2558-7ede-9e34-47cfc601f5b6,yes,yes,0,KXBTC15M-26SEP191615-15,0722564e-7fa1-87e4-e5e3-e1c8a36cee55,1789848135,0.6900
buy,bid,37.61,2026-09-19T20:02:15.279026Z,2,0.563200,0722564e-4a69-861c-dfd1-4b3782ed3bb0,True,KXBTC15M-26SEP191615-15,0.3100,01a0bb43-2558-7ede-9e34-47cfc601f5b6,yes,yes,0,KXBTC15M-26SEP191615-15,0722564e-4a69-861c-dfd1-4b3782ed3bb0,1789848135,0.6900
buy,bid,35.60,2026-09-19T20:02:15.279026Z,2,0.533000,0722564e-4a69-8550-f5a6-37b9a7f96b1f,True,KXBTC15M-26SEP191615-15,0.3100,01a0bb43-2558-7ede-9e34-47cfc601f5b6,yes,yes,0,KXBTC15M-26SEP191615-15,0722564e-4a69-8550-f5a6-37b9a7f96b1f,1789848135,0.6900
buy,bid,10.47,2026-09-19T20:00:29.623627Z,2,0.170900,07225647-9a69-af39-8d04-af6638137fb0,True,KXBTC15M-26SEP191615-15,0.3700,01a0bb41-8748-766c-86e7-887dc2775e9f,yes,yes,0,KXBTC15M-26SEP191615-15,07225647-9a69-af39-8d04-af6638137fb0,1789848029,0.6300
buy,bid,5.00,2026-09-19T20:00:29.623627Z,2,0.081600,07225647-6259-a793-bc3c-723debfa6ef9,True,KXBTC15M-26SEP191615-15,0.3700,01a0bb41-8748-766c-86e7-887dc2775e9f,yes,yes,0,KXBTC15M-26SEP191615-15,07225647-6259-a793-bc3c-723debfa6ef9,1789848029,0.6300
buy,bid,2012.87,2026-09-19T19:59:51.172638Z,2,0.140770,07225643-1ce1-bbe4-b68a-65a1a9a7e50e,True,KXBTC15M-26SEP191600-00,0.0010,01a0bb40-f2d8-73a9-8d86-a4158037878e,yes,yes,0,KXBTC15M-26SEP191600-00,07225643-1ce1-bbe4-b68a-65a1a9a7e50e,1789847991,0.9990
buy,ask,9.90,2026-09-19T19:43:16.866266Z,2,0.007600,072257e2-8e41-9ef1-ca7e-5386d100401f,True,KXBTC15M-26SEP191545-45,0.9890,01a0bb31-c420-7b49-9075-2f8a842fc928,no,no,0,KXBTC15M-26SEP191545-45,072257e2-8e41-9ef1-ca7e-5386d100401f,1789846996,0.0110
buy,bid,2.10,2026-09-19T19:29:18.658854Z,2,0.000600,07225784-09e1-96c4-c232-7d5bc0e63866,True,KXBTC15M-26SEP191530-30,0.0040,01a0bb24-fab0-79e8-9ee6-1381c9ddfb27,yes,yes,0,KXBTC15M-26SEP191530-30,07225784-09e1-96c4-c232-7d5bc0e63866,1789846158,0.9960
buy,bid,1600.00,2026-09-19T19:29:18.658854Z,2,0.446200,07225784-09e1-9691-d778-bd51d0822ad5,True,KXBTC15M-26SEP191530-30,0.0040,01a0bb24-fab0-79e8-9ee6-1381c9ddfb27,yes,yes,0,KXBTC15M-26SEP191530-30,07225784-09e1-9691-d778-bd51d0822ad5,1789846158,0.9960
buy,bid,368.87,2026-09-19T19:29:18.658854Z,2,0.102880,07225784-09e1-95b3-feeb-3f9f20b49291,True,KXBTC15M-26SEP191530-30,0.0040,01a0bb24-fab0-79e8-9ee6-1381c9ddfb27,yes,yes,0,KXBTC15M-26SEP191530-30,07225784-09e1-95b3-feeb-3f9f20b49291,1789846158,0.9960
buy,bid,4.73,2026-09-19T18:43:29.934499Z,2,0.000990,07225117-2521-9b05-8432-9a9133d59e0d,True,KXBTC15M-26SEP191445-45,0.0030,01a0bafb-0868-7b0b-81c8-c87d1f05f9df,yes,yes,0,KXBTC15M-26SEP191445-45,07225117-2521-9b05-8432-9a9133d59e0d,1789843409,0.9970
buy,bid,0.01,2026-09-19T18:43:29.934499Z,2,0.000030,07225117-2521-97cd-a240-f9aacb9c5c57,True,KXBTC15M-26SEP191445-45,0.0030,01a0bafb-0868-7b0b-81c8-c87d1f05f9df,yes,yes,0,KXBTC15M-26SEP191445-45,07225117-2521-97cd-a240-f9aacb9c5c57,1789843409,0.9970
buy,bid,1.00,2026-09-19T18:43:29.934499Z,2,0.000200,07225117-2521-9706-bfbf-9e8b4e7da095,True,KXBTC15M-26SEP191445-45,0.0030,01a0bafb-0868-7b0b-81c8-c87d1f05f9df,yes,yes,0,KXBTC15M-26SEP191445-45,07225117-2521-9706-bfbf-9e8b4e7da095,1789843409,0.9970
buy,bid,1190.98,2026-09-19T18:43:29.934499Z,2,0.249340,07225117-2521-966e-bf93-82f76379c272,True,KXBTC15M-26SEP191445-45,0.0030,01a0bafb-0868-7b0b-81c8-c87d1f05f9df,yes,yes,0,KXBTC15M-26SEP191445-45,07225117-2521-966e-bf93-82f76379c272,1789843409,0.9970
buy,bid,4.62,2026-09-19T18:43:29.934499Z,2,0.000860,07225117-2521-93b1-93c6-6624b0eb8152,True,KXBTC15M-26SEP191445-45,0.0030,01a0bafb-0868-7b0b-81c8-c87d1f05f9df,yes,yes,0,KXBTC15M-26SEP191445-45,07225117-2521-93b1-93c6-6624b0eb8152,1789843409,0.9970
buy,bid,0.01,2026-09-19T18:43:29.934499Z,2,0.000030,07225117-2521-9346-b97a-1b45ad1d4710,True,KXBTC15M-26SEP191445-45,0.0030,01a0bafb-0868-7b0b-81c8-c87d1f05f9df,yes,yes,0,KXBTC15M-26SEP191445-45,07225117-2521-9346-b97a-1b45ad1d4710,1789843409,0.9970
buy,bid,247.09,2026-09-19T18:43:29.934499Z,2,0.051770,07225117-2139-9c95-a2b1-916658fce0be,True,KXBTC15M-26SEP191445-45,0.0030,01a0bafb-0868-7b0b-81c8-c87d1f05f9df,yes,yes,0,KXBTC15M-26SEP191445-45,07225117-2139-9c95-a2b1-916658fce0be,1789843409,0.9970
buy,bid,500.00,2026-09-19T18:43:29.934499Z,2,0.104600,07225117-2139-989e-b8b1-249ee1234e39,True,KXBTC15M-26SEP191445-45,0.0030,01a0bafb-0868-7b0b-81c8-c87d1f05f9df,yes,yes,0,KXBTC15M-26SEP191445-45,07225117-2139-989e-b8b1-249ee1234e39,1789843409,0.9970
buy,bid,0.10,2026-09-19T18:43:29.934499Z,2,0.000100,07225117-2139-97dd-a75d-6593e5c4a497,True,KXBTC15M-26SEP191445-45,0.0030,01a0bafb-0868-7b0b-81c8-c87d1f05f9df,yes,yes,0,KXBTC15M-26SEP191445-45,07225117-2139-97dd-a75d-6593e5c4a497,1789843409,0.9970
buy,bid,20.05,2026-09-19T18:43:29.934499Z,2,0.004250,07225117-2139-9607-a623-f0664e7e2f3c,True,KXBTC15M-26SEP191445-45,0.0030,01a0bafb-0868-7b0b-81c8-c87d1f05f9df,yes,yes,0,KXBTC15M-26SEP191445-45,07225117-2139-9607-a623-f0664e7e2f3c,1789843409,0.9970
sell,ask,1403.88,2026-09-19T18:28:46.54168Z,2,0.391580,0722515b-bfb9-bd7e-3c89-8fb7ee41e546,True,KXBTC15M-26SEP191430-30,0.0040,01a0baed-8f30-7162-ab5b-2d11f4620900,no,no,0,KXBTC15M-26SEP191430-30,0722515b-bfb9-bd7e-3c89-8fb7ee41e546,1789842526,0.9960
sell,ask,603.19,2026-09-19T18:28:46.54168Z,2,0.168240,0722515b-b789-b738-0ba9-2f254a2965ba,True,KXBTC15M-26SEP191430-30,0.0040,01a0baed-8f30-7162-ab5b-2d11f4620900,no,no,0,KXBTC15M-26SEP191430-30,0722515b-b789-b738-0ba9-2f254a2965ba,1789842526,0.9960
buy,bid,125.81,2026-09-19T18:28:00.393158Z,2,0.061170,0722515f-b999-97cd-3d8b-f7678e3a186f,True,KXBTC15M-26SEP191430-30,0.0070,01a0baec-db80-796e-a589-44fc2a8a2370,yes,yes,0,KXBTC15M-26SEP191430-30,0722515f-b999-97cd-3d8b-f7678e3a186f,1789842480,0.9930
buy,bid,1640.12,2026-09-19T18:28:00.393158Z,2,0.798040,0722515f-b999-96d1-389c-74cbb59f9287,True,KXBTC15M-26SEP191430-30,0.0070,01a0baec-db80-796e-a589-44fc2a8a2370,yes,yes,0,KXBTC15M-26SEP191430-30,0722515f-b999-96d1-389c-74cbb59f9287,1789842480,0.9930
buy,bid,231.14,2026-09-19T18:28:00.393158Z,2,0.112480,0722515f-b999-9046-37f9-9fde319788ea,True,KXBTC15M-26SEP191430-30,0.0070,01a0baec-db80-796e-a589-44fc2a8a2370,yes,yes,0,KXBTC15M-26SEP191430-30,0722515f-b999-9046-37f9-9fde319788ea,1789842480,0.9930
buy,bid,10.00,2026-09-19T18:28:00.393158Z,2,0.004900,0722515f-0021-92e0-3541-10c6c777f1eb,True,KXBTC15M-26SEP191430-30,0.0070,01a0baec-db80-796e-a589-44fc2a8a2370,yes,yes,0,KXBTC15M-26SEP191430-30,0722515f-0021-92e0-3541-10c6c777f1eb,1789842480,0.9930
sell,ask,484.28,2026-09-19T18:26:54.896737Z,2,1.050140,07225144-bf71-8f26-cef3-004400403cdd,True,KXBTC15M-26SEP191430-30,0.0320,01a0baeb-d9b0-7c41-9740-1fb97b2c5f55,no,no,0,KXBTC15M-26SEP191430-30,07225144-bf71-8f26-cef3-004400403cdd,1789842414,0.9680
sell,ask,4.00,2026-09-19T18:26:54.896737Z,2,0.008400,07225144-bf71-8cf5-c08a-e6cc9a29f479,True,KXBTC15M-26SEP191430-30,0.0310,01a0baeb-d9b0-7c41-9740-1fb97b2c5f55,no,no,0,KXBTC15M-26SEP191430-30,07225144-bf71-8cf5-c08a-e6cc9a29f479,1789842414,0.9690
sell,ask,10.00,2026-09-19T18:26:54.896737Z,2,0.021000,07225144-bf71-8ce0-f891-e27ae7e66b75,True,KXBTC15M-26SEP191430-30,0.0310,01a0baeb-d9b0-7c41-9740-1fb97b2c5f55,no,no,0,KXBTC15M-26SEP191430-30,07225144-bf71-8ce0-f891-e27ae7e66b75,1789842414,0.9690
sell,ask,25.00,2026-09-19T18:26:54.896737Z,2,0.054200,07225144-bf71-8ca8-c570-0d2542a415d4,True,KXBTC15M-26SEP191430-30,0.0320,01a0baeb-d9b0-7c41-9740-1fb97b2c5f55,no,no,0,KXBTC15M-26SEP191430-30,07225144-bf71-8ca8-c570-0d2542a415d4,1789842414,0.9680
sell,ask,17.00,2026-09-19T18:26:54.896737Z,2,0.036800,07225144-bf71-8bd6-d357-e9ae7084bf7e,True,KXBTC15M-26SEP191430-30,0.0320,01a0baeb-d9b0-7c41-9740-1fb97b2c5f55,no,no,0,KXBTC15M-26SEP191430-30,07225144-bf71-8bd6-d357-e9ae7084bf7e,1789842414,0.9680
sell,ask,8.00,2026-09-19T18:26:54.896737Z,2,0.017300,07225144-bf71-8935-e6bb-5f2aa265a01e,True,KXBTC15M-26SEP191430-30,0.0320,01a0baeb-d9b0-7c41-9740-1fb97b2c5f55,no,no,0,KXBTC15M-26SEP191430-30,07225144-bf71-8935-e6bb-5f2aa265a01e,1789842414,0.9680
sell,ask,169.00,2026-09-19T18:26:54.896737Z,2,0.355400,07225144-bf71-8870-ff16-3c2e83c3bb62,True,KXBTC15M-26SEP191430-30,0.0310,01a0baeb-d9b0-7c41-9740-1fb97b2c5f55,no,no,0,KXBTC15M-26SEP191430-30,07225144-bf71-8870-ff16-3c2e83c3bb62,1789842414,0.9690
sell,ask,25.00,2026-09-19T18:26:54.896737Z,2,0.052400,07225144-bf71-8643-f136-9d3823219b44,True,KXBTC15M-26SEP191430-30,0.0310,01a0baeb-d9b0-7c41-9740-1fb97b2c5f55,no,no,0,KXBTC15M-26SEP191430-30,07225144-bf71-8643-f136-9d3823219b44,1789842414,0.9690
sell,ask,0.01,2026-09-19T18:26:54.896737Z,2,0.000090,07225144-bf71-82c1-c768-1f7b9a4d5b65,True,KXBTC15M-26SEP191430-30,0.0310,01a0baeb-d9b0-7c41-9740-1fb97b2c5f55,no,no,0,KXBTC15M-26SEP191430-30,07225144-bf71-82c1-c768-1f7b9a4d5b65,1789842414,0.9690
sell,ask,0.01,2026-09-19T18:26:54.896737Z,2,0.000090,07225144-bf71-8230-d328-26ae89bdde1f,True,KXBTC15M-26SEP191430-30,0.0310,01a0baeb-d9b0-7c41-9740-1fb97b2c5f55,no,no,0,KXBTC15M-26SEP191430-30,07225144-bf71-8230-d328-26ae89bdde1f,1789842414,0.9690
sell,ask,29.00,2026-09-19T18:26:54.896737Z,2,0.062900,07225144-b309-88be-ef9a-0ef4c6a6b5e7,True,KXBTC15M-26SEP191430-30,0.0320,01a0baeb-d9b0-7c41-9740-1fb97b2c5f55,no,no,0,KXBTC15M-26SEP191430-30,07225144-b309-88be-ef9a-0ef4c6a6b5e7,1789842414,0.9680
sell,ask,56.47,2026-09-19T18:26:54.896737Z,2,0.118830,07225144-b309-8423-c46a-fa3f724a100b,True,KXBTC15M-26SEP191430-30,0.0310,01a0baeb-d9b0-7c41-9740-1fb97b2c5f55,no,no,0,KXBTC15M-26SEP191430-30,07225144-b309-8423-c46a-fa3f724a100b,1789842414,0.9690
sell,ask,1192.94,2026-09-19T18:26:54.896737Z,2,2.664780,07225144-b309-8190-e46b-a31ca48d660a,True,KXBTC15M-26SEP191430-30,0.0330,01a0baeb-d9b0-7c41-9740-1fb97b2c5f55,no,no,0,KXBTC15M-26SEP191430-30,07225144-b309-8190-e46b-a31ca48d660a,1789842414,0.9670
sell,ask,12.00,2026-09-19T18:26:54.896737Z,2,0.026000,07225144-b309-815b-d68c-0777ea6be654,True,KXBTC15M-26SEP191430-30,0.0320,01a0baeb-d9b0-7c41-9740-1fb97b2c5f55,no,no,0,KXBTC15M-26SEP191430-30,07225144-b309-815b-d68c-0777ea6be654,1789842414,0.9680
buy,bid,8.00,2026-09-19T18:23:50.733233Z,2,0.034500,0722514d-2cc9-8fcf-6b01-c3532ecfe594,True,KXBTC15M-26SEP191430-30,0.0660,01a0bae9-0af0-7f00-b4b1-28506e4bba7d,yes,yes,0,KXBTC15M-26SEP191430-30,0722514d-2cc9-8fcf-6b01-c3532ecfe594,1789842230,0.9340
buy,bid,150.00,2026-09-19T18:23:50.733233Z,2,0.647300,0722514d-2cc9-8b67-472a-09a391ca85eb,True,KXBTC15M-26SEP191430-30,0.0660,01a0bae9-0af0-7f00-b4b1-28506e4bba7d,yes,yes,0,KXBTC15M-26SEP191430-30,0722514d-2cc9-8b67-472a-09a391ca85eb,1789842230,0.9340
buy,bid,0.01,2026-09-19T18:23:50.733233Z,2,0.000100,0722514d-2cc9-8a43-5c4d-b07f5fb8b14f,True,KXBTC15M-26SEP191430-30,0.0700,01a0bae9-0af0-7f00-b4b1-28506e4bba7d,yes,yes,0,KXBTC15M-26SEP191430-30,0722514d-2cc9-8a43-5c4d-b07f5fb8b14f,1789842230,0.9300
buy,bid,0.01,2026-09-19T18:23:50.733233Z,2,0.000000,0722514d-2cc9-8856-7403-3763a747e4f9,True,KXBTC15M-26SEP191430-30,0.0700,01a0bae9-0af0-7f00-b4b1-28506e4bba7d,yes,yes,0,KXBTC15M-26SEP191430-30,0722514d-2cc9-8856-7403-3763a747e4f9,1789842230,0.9300
buy,bid,1.00,2026-09-19T18:23:50.733233Z,2,0.004500,0722514d-2cc9-84df-7937-d91fc894b1ea,True,KXBTC15M-26SEP191430-30,0.0690,01a0bae9-0af0-7f00-b4b1-28506e4bba7d,yes,yes,0,KXBTC15M-26SEP191430-30,0722514d-2cc9-84df-7937-d91fc894b1ea,1789842230,0.9310
buy,bid,12.00,2026-09-19T18:23:50.733233Z,2,0.051800,0722514d-2cc9-83f7-5422-77635f61fdd4,True,KXBTC15M-26SEP191430-30,0.0660,01a0bae9-0af0-7f00-b4b1-28506e4bba7d,yes,yes,0,KXBTC15M-26SEP191430-30,0722514d-2cc9-83f7-5422-77635f61fdd4,1789842230,0.9340
buy,bid,21.00,2026-09-19T18:23:50.733233Z,2,0.090600,0722514d-2cc9-830c-483a-d40bcb9e897f,True,KXBTC15M-26SEP191430-30,0.0660,01a0bae9-0af0-7f00-b4b1-28506e4bba7d,yes,yes,0,KXBTC15M-26SEP191430-30,0722514d-2cc9-830c-483a-d40bcb9e897f,1789842230,0.9340
buy,bid,94.00,2026-09-19T18:23:50.733233Z,2,0.405600,0722514d-28e1-8411-60a1-800ff10b832a,True,KXBTC15M-26SEP191430-30,0.0660,01a0bae9-0af0-7f00-b4b1-28506e4bba7d,yes,yes,0,KXBTC15M-26SEP191430-30,0722514d-28e1-8411-60a1-800ff10b832a,1789842230,0.9340
buy,bid,12.00,2026-09-19T18:23:50.733233Z,2,0.052600,0722514d-28e1-833a-6bc3-79fe462f447e,True,KXBTC15M-26SEP191430-30,0.0670,01a0bae9-0af0-7f00-b4b1-28506e4bba7d,yes,yes,0,KXBTC15M-26SEP191430-30,0722514d-28e1-833a-6bc3-79fe462f447e,1789842230,0.9330
buy,bid,65.00,2026-09-19T18:23:50.733233Z,2,0.284400,0722514d-28e1-821e-4eb5-2d8fde12bc5a,True,KXBTC15M-26SEP191430-30,0.0670,01a0bae9-0af0-7f00-b4b1-28506e4bba7d,yes,yes,0,KXBTC15M-26SEP191430-30,0722514d-28e1-821e-4eb5-2d8fde12bc5a,1789842230,0.9330
buy,bid,66.00,2026-09-19T18:23:50.733233Z,2,0.296800,0722514d-2131-8a0c-5c01-585628a4779f,True,KXBTC15M-26SEP191430-30,0.0690,01a0bae9-0af0-7f00-b4b1-28506e4bba7d,yes,yes,0,KXBTC15M-26SEP191430-30,0722514d-2131-8a0c-5c01-585628a4779f,1789842230,0.9310
buy,bid,12.00,2026-09-19T18:23:50.733233Z,2,0.051100,0722514d-2131-8667-493e-9c5d3c9f9245,True,KXBTC15M-26SEP191430-30,0.0650,01a0bae9-0af0-7f00-b4b1-28506e4bba7d,yes,yes,0,KXBTC15M-26SEP191430-30,0722514d-2131-8667-493e-9c5d3c9f9245,1789842230,0.9350
buy,bid,130.00,2026-09-19T18:23:50.733233Z,2,0.592400,0722514d-2131-835f-45b9-507438fa028d,True,KXBTC15M-26SEP191430-30,0.0700,01a0bae9-0af0-7f00-b4b1-28506e4bba7d,yes,yes,0,KXBTC15M-26SEP191430-30,0722514d-2131-835f-45b9-507438fa028d,1789842230,0.9300
buy,bid,8.00,2026-09-19T18:23:50.733233Z,2,0.034000,0722514d-2131-81a1-60f1-a60a258f0c8d,True,KXBTC15M-26SEP191430-30,0.0650,01a0bae9-0af0-7f00-b4b1-28506e4bba7d,yes,yes,0,KXBTC15M-26SEP191430-30,0722514d-2131-81a1-60f1-a60a258f0c8d,1789842230,0.9350
buy,bid,10.00,2026-09-19T18:23:50.733233Z,2,0.042500,0722514c-f7d1-8e2a-5431-d1a59a31015f,True,KXBTC15M-26SEP191430-30,0.0650,01a0bae9-0af0-7f00-b4b1-28506e4bba7d,yes,yes,0,KXBTC15M-26SEP191430-30,0722514c-f7d1-8e2a-5431-d1a59a31015f,1789842230,0.9350
buy,bid,10.00,2026-09-19T18:23:50.733233Z,2,0.041300,0722514c-f7d1-8663-60a2-e2d7644f48d0,True,KXBTC15M-26SEP191430-30,0.0630,01a0bae9-0af0-7f00-b4b1-28506e4bba7d,yes,yes,0,KXBTC15M-26SEP191430-30,0722514c-f7d1-8663-60a2-e2d7644f48d0,1789842230,0.9370
buy,bid,10.00,2026-09-19T18:23:50.733233Z,2,0.042000,0722514c-f7d1-824a-58b5-5c741fe1fd64,True,KXBTC15M-26SEP191430-30,0.0640,01a0bae9-0af0-7f00-b4b1-28506e4bba7d,yes,yes,0,KXBTC15M-26SEP191430-30,0722514c-f7d1-824a-58b5-5c741fe1fd64,1789842230,0.9360
buy,bid,364.87,2026-09-19T18:23:50.733233Z,2,1.485340,0722514c-eb79-8a44-6db0-39ec185a824a,True,KXBTC15M-26SEP191430-30,0.0620,01a0bae9-0af0-7f00-b4b1-28506e4bba7d,yes,yes,0,KXBTC15M-26SEP191430-30,0722514c-eb79-8a44-6db0-39ec185a824a,1789842230,0.9380
buy,bid,34.82,2026-09-19T18:23:50.733233Z,2,0.158700,0722514c-d4f9-8e29-5206-58360874d044,True,KXBTC15M-26SEP191430-30,0.0700,01a0bae9-0af0-7f00-b4b1-28506e4bba7d,yes,yes,0,KXBTC15M-26SEP191430-30,0722514c-d4f9-8e29-5206-58360874d044,1789842230,0.9300
buy,bid,8.00,2026-09-19T18:23:50.733233Z,2,0.035000,0722514c-d4f9-8680-74df-9146f8d8723c,True,KXBTC15M-26SEP191430-30,0.0670,01a0bae9-0af0-7f00-b4b1-28506e4bba7d,yes,yes,0,KXBTC15M-26SEP191430-30,0722514c-d4f9-8680-74df-9146f8d8723c,1789842230,0.9330
buy,bid,1000.00,2026-09-19T18:23:50.733233Z,2,4.254200,0722514c-c821-8fd8-466e-7870982e0ce0,True,KXBTC15M-26SEP191430-30,0.0650,01a0bae9-0af0-7f00-b4b1-28506e4bba7d,yes,yes,0,KXBTC15M-26SEP191430-30,0722514c-c821-8fd8-466e-7870982e0ce0,1789842230,0.9350
buy,bid,16.00,2026-09-19T18:23:50.733233Z,2,0.066100,0722514c-2a91-883e-79c7-e9cb662b1180,True,KXBTC15M-26SEP191430-30,0.0630,01a0bae9-0af0-7f00-b4b1-28506e4bba7d,yes,yes,0,KXBTC15M-26SEP191430-30,0722514c-2a91-883e-79c7-e9cb662b1180,1789842230,0.9370
buy,ask,412.25,2026-09-19T18:12:55.546961Z,2,0.342100,072251af-0d89-a7c5-4a93-92d692c1191b,True,KXBTC15M-26SEP191415-15,0.9880,01a0badf-0c58-77e4-b7a9-3a2125cf6213,no,no,0,KXBTC15M-26SEP191415-15,072251af-0d89-a7c5-4a93-92d692c1191b,1789841575,0.0120
buy,ask,500.00,2026-09-19T18:12:55.546961Z,2,0.449100,072251a3-3d39-afaf-4b84-a3052b7ef946,True,KXBTC15M-26SEP191415-15,0.9870,01a0badf-0c58-77e4-b7a9-3a2125cf6213,no,no,0,KXBTC15M-26SEP191415-15,072251a3-3d39-afaf-4b84-a3052b7ef946,1789841575,0.0130
buy,ask,0.01,2026-09-19T18:12:55.546961Z,2,0.000030,072251a3-3d39-ae51-7981-1038cee847f6,True,KXBTC15M-26SEP191415-15,0.9870,01a0badf-0c58-77e4-b7a9-3a2125cf6213,no,no,0,KXBTC15M-26SEP191415-15,072251a3-3d39-ae51-7981-1038cee847f6,1789841575,0.0130
buy,ask,25.00,2026-09-19T18:12:55.546961Z,2,0.022500,072251a3-3d39-adad-41a2-d28719922fef,True,KXBTC15M-26SEP191415-15,0.9870,01a0badf-0c58-77e4-b7a9-3a2125cf6213,no,no,0,KXBTC15M-26SEP191415-15,072251a3-3d39-adad-41a2-d28719922fef,1789841575,0.0130
buy,ask,0.01,2026-09-19T18:12:55.546961Z,2,0.000030,072251a3-3d39-aaab-61a0-2185542e1c82,True,KXBTC15M-26SEP191415-15,0.9870,01a0badf-0c58-77e4-b7a9-3a2125cf6213,no,no,0,KXBTC15M-26SEP191415-15,072251a3-3d39-aaab-61a0-2185542e1c82,1789841575,0.0130
buy,ask,600.00,2026-09-19T18:12:55.546961Z,2,0.538900,072251a3-3d39-a7d7-5606-a2805b44ad63,True,KXBTC15M-26SEP191415-15,0.9870,01a0badf-0c58-77e4-b7a9-3a2125cf6213,no,no,0,KXBTC15M-26SEP191415-15,072251a3-3d39-a7d7-5606-a2805b44ad63,1789841575,0.0130
buy,ask,150.00,2026-09-19T18:12:55.546961Z,2,0.134700,072251a3-3d39-a70e-46b4-20962f52c973,True,KXBTC15M-26SEP191415-15,0.9870,01a0badf-0c58-77e4-b7a9-3a2125cf6213,no,no,0,KXBTC15M-26SEP191415-15,072251a3-3d39-a70e-46b4-20962f52c973,1789841575,0.0130
buy,ask,0.01,2026-09-19T18:12:55.546961Z,2,0.000030,072251a3-3d39-a331-432a-b2d9fcfc1bd8,True,KXBTC15M-26SEP191415-15,0.9870,01a0badf-0c58-77e4-b7a9-3a2125cf6213,no,no,0,KXBTC15M-26SEP191415-15,072251a3-3d39-a331-432a-b2d9fcfc1bd8,1789841575,0.0130
buy,ask,34.99,2026-09-19T18:12:55.546961Z,2,0.031370,072251a3-3d39-a27d-5807-9968fbaa4ed6,True,KXBTC15M-26SEP191415-15,0.9870,01a0badf-0c58-77e4-b7a9-3a2125cf6213,no,no,0,KXBTC15M-26SEP191415-15,072251a3-3d39-a27d-5807-9968fbaa4ed6,1789841575,0.0130
buy,ask,217.50,2026-09-19T18:12:55.546961Z,2,0.195400,072251a3-3911-a27e-4659-2678999a0a33,True,KXBTC15M-26SEP191415-15,0.9870,01a0badf-0c58-77e4-b7a9-3a2125cf6213,no,no,0,KXBTC15M-26SEP191415-15,072251a3-3911-a27e-4659-2678999a0a33,1789841575,0.0130
sell,bid,50.78,2026-09-19T17:59:37.306338Z,2,0.007140,07225199-abf9-841f-5d2a-62e71c95ab5a,True,KXBTC15M-26SEP191400-00,0.9980,01a0bad2-df28-7fd1-b728-36973ce26a54,yes,yes,0,KXBTC15M-26SEP191400-00,07225199-abf9-841f-5d2a-62e71c95ab5a,1789840777,0.0020
sell,bid,159.27,2026-09-19T17:59:37.306338Z,2,0.022260,07225199-abf9-82eb-4897-e1543182c157,True,KXBTC15M-26SEP191400-00,0.9980,01a0bad2-df28-7fd1-b728-36973ce26a54,yes,yes,0,KXBTC15M-26SEP191400-00,07225199-abf9-82eb-4897-e1543182c157,1789840777,0.0020
sell,bid,50.30,2026-09-19T17:59:37.306338Z,2,0.007000,07225199-a7e1-8ed9-7a97-996c27279b79,True,KXBTC15M-26SEP191400-00,0.9980,01a0bad2-df28-7fd1-b728-36973ce26a54,yes,yes,0,KXBTC15M-26SEP191400-00,07225199-a7e1-8ed9-7a97-996c27279b79,1789840777,0.0020
sell,bid,79.12,2026-09-19T17:59:37.306338Z,2,0.011060,07225199-a7e1-8710-6550-b6c978d81db0,True,KXBTC15M-26SEP191400-00,0.9980,01a0bad2-df28-7fd1-b728-36973ce26a54,yes,yes,0,KXBTC15M-26SEP191400-00,07225199-a7e1-8710-6550-b6c978d81db0,1789840777,0.0020
sell,bid,102.18,2026-09-19T17:59:37.306338Z,2,0.014040,07225199-a7e1-84aa-6853-d1f1ddc1b6e4,True,KXBTC15M-26SEP191400-00,0.9980,01a0bad2-df28-7fd1-b728-36973ce26a54,yes,yes,0,KXBTC15M-26SEP191400-00,07225199-a7e1-84aa-6853-d1f1ddc1b6e4,1789840777,0.0020
sell,bid,0.01,2026-09-19T17:59:37.306338Z,2,0.000080,07225199-a7e1-84a1-5ac3-929e29130eb5,True,KXBTC15M-26SEP191400-00,0.9980,01a0bad2-df28-7fd1-b728-36973ce26a54,yes,yes,0,KXBTC15M-26SEP191400-00,07225199-a7e1-84a1-5ac3-929e29130eb5,1789840777,0.0020
sell,bid,58.05,2026-09-19T17:59:37.306338Z,2,0.008100,07225199-a7e1-83fd-6ea3-c42b6d513d74,True,KXBTC15M-26SEP191400-00,0.9980,01a0bad2-df28-7fd1-b728-36973ce26a54,yes,yes,0,KXBTC15M-26SEP191400-00,07225199-a7e1-83fd-6ea3-c42b6d513d74,1789840777,0.0020
sell,bid,0.01,2026-09-19T17:59:37.306338Z,2,0.000080,07225199-a7e1-8286-7cab-958c53952654,True,KXBTC15M-26SEP191400-00,0.9980,01a0bad2-df28-7fd1-b728-36973ce26a54,yes,yes,0,KXBTC15M-26SEP191400-00,07225199-a7e1-8286-7cab-958c53952654,1789840777,0.0020
sell,bid,22.16,2026-09-19T17:59:37.306338Z,2,0.003180,07225199-a7e1-823a-53df-61697347810a,True,KXBTC15M-26SEP191400-00,0.9980,01a0bad2-df28-7fd1-b728-36973ce26a54,yes,yes,0,KXBTC15M-26SEP191400-00,07225199-a7e1-823a-53df-61697347810a,1789840777,0.0020
sell,bid,123.11,2026-09-19T17:59:37.306338Z,2,0.017180,07225199-a389-8d96-4995-50a1f5c87df9,True,KXBTC15M-26SEP191400-00,0.9980,01a0bad2-df28-7fd1-b728-36973ce26a54,yes,yes,0,KXBTC15M-26SEP191400-00,07225199-a389-8d96-4995-50a1f5c87df9,1789840777,0.0020
sell,bid,1001.00,2026-09-19T17:59:37.306338Z,2,0.139900,07225199-a389-8a3b-6ca9-a77f1d5bc249,True,KXBTC15M-26SEP191400-00,0.9980,01a0bad2-df28-7fd1-b728-36973ce26a54,yes,yes,0,KXBTC15M-26SEP191400-00,07225199-a389-8a3b-6ca9-a77f1d5bc249,1789840777,0.0020
sell,bid,273.44,2026-09-19T17:59:37.306338Z,2,0.038220,07225199-a389-847d-5d0e-776312b2ede7,True,KXBTC15M-26SEP191400-00,0.9980,01a0bad2-df28-7fd1-b728-36973ce26a54,yes,yes,0,KXBTC15M-26SEP191400-00,07225199-a389-847d-5d0e-776312b2ede7,1789840777,0.0020
buy,ask,600.00,2026-09-19T17:59:19.048752Z,2,0.497900,07225198-fbb9-8d2d-60ee-9962f1b8f27e,True,KXBTC15M-26SEP191400-00,0.9880,01a0bad2-98d8-7e1f-b40b-5fcc777d358a,no,no,0,KXBTC15M-26SEP191400-00,07225198-fbb9-8d2d-60ee-9962f1b8f27e,1789840759,0.0120
buy,ask,149.55,2026-09-19T17:59:19.048752Z,2,0.113850,07225198-f791-8ff8-59b8-ed4f7f52f0d1,True,KXBTC15M-26SEP191400-00,0.9890,01a0bad2-98d8-7e1f-b40b-5fcc777d358a,no,no,0,KXBTC15M-26SEP191400-00,07225198-f791-8ff8-59b8-ed4f7f52f0d1,1789840759,0.0110
buy,ask,177.86,2026-09-19T17:59:19.048752Z,2,0.135460,07225198-f791-8fd8-438c-debb0a214559,True,KXBTC15M-26SEP191400-00,0.9890,01a0bad2-98d8-7e1f-b40b-5fcc777d358a,no,no,0,KXBTC15M-26SEP191400-00,07225198-f791-8fd8-438c-debb0a214559,1789840759,0.0110
buy,ask,500.00,2026-09-19T17:59:19.048752Z,2,0.380800,07225198-f791-8eb9-7013-32feebecc65a,True,KXBTC15M-26SEP191400-00,0.9890,01a0bad2-98d8-7e1f-b40b-5fcc777d358a,no,no,0,KXBTC15M-26SEP191400-00,07225198-f791-8eb9-7013-32feebecc65a,1789840759,0.0110
buy,ask,6.42,2026-09-19T17:59:19.048752Z,2,0.004920,07225198-f791-8cfb-4c58-76977ceb1918,True,KXBTC15M-26SEP191400-00,0.9890,01a0bad2-98d8-7e1f-b40b-5fcc777d358a,no,no,0,KXBTC15M-26SEP191400-00,07225198-f791-8cfb-4c58-76977ceb1918,1789840759,0.0110
buy,ask,0.01,2026-09-19T17:59:19.048752Z,2,0.000020,07225198-f791-8c08-726e-14051d9e08ab,True,KXBTC15M-26SEP191400-00,0.9880,01a0bad2-98d8-7e1f-b40b-5fcc777d358a,no,no,0,KXBTC15M-26SEP191400-00,07225198-f791-8c08-726e-14051d9e08ab,1789840759,0.0120
buy,ask,0.01,2026-09-19T17:59:19.048752Z,2,0.000020,07225198-f791-8bb7-4806-c7aa9af46136,True,KXBTC15M-26SEP191400-00,0.9880,01a0bad2-98d8-7e1f-b40b-5fcc777d358a,no,no,0,KXBTC15M-26SEP191400-00,07225198-f791-8bb7-4806-c7aa9af46136,1789840759,0.0120
buy,ask,19.82,2026-09-19T17:59:19.048752Z,2,0.015020,07225198-f791-8997-50b2-a8c82e447918,True,KXBTC15M-26SEP191400-00,0.9890,01a0bad2-98d8-7e1f-b40b-5fcc777d358a,no,no,0,KXBTC15M-26SEP191400-00,07225198-f791-8997-50b2-a8c82e447918,1789840759,0.0110
buy,ask,200.00,2026-09-19T17:59:19.048752Z,2,0.166000,07225198-f791-891d-5364-b04a935fe1bf,True,KXBTC15M-26SEP191400-00,0.9880,01a0bad2-98d8-7e1f-b40b-5fcc777d358a,no,no,0,KXBTC15M-26SEP191400-00,07225198-f791-891d-5364-b04a935fe1bf,1789840759,0.0120
buy,ask,250.00,2026-09-19T17:59:19.048752Z,2,0.207500,07225198-f791-877a-77b9-5062c0e8505d,True,KXBTC15M-26SEP191400-00,0.9880,01a0bad2-98d8-7e1f-b40b-5fcc777d358a,no,no,0,KXBTC15M-26SEP191400-00,07225198-f791-877a-77b9-5062c0e8505d,1789840759,0.0120
buy,ask,15.76,2026-09-19T17:59:19.048752Z,2,0.012060,07225198-f791-8714-469e-49e4c61af425,True,KXBTC15M-26SEP191400-00,0.9890,01a0bad2-98d8-7e1f-b40b-5fcc777d358a,no,no,0,KXBTC15M-26SEP191400-00,07225198-f791-8714-469e-49e4c61af425,1789840759,0.0110
buy,ask,789.60,2026-09-19T17:40:12.579416Z,2,12.027200,072251c5-79e1-83e8-f8fa-a5029d268947,True,KXBTC15M-26SEP191345-45,0.6800,01a0bac1-1860-7d41-9e54-4739e6741b39,no,no,0,KXBTC15M-26SEP191345-45,072251c5-79e1-83e8-f8fa-a5029d268947,1789839612,0.3200
buy,ask,970.40,2026-09-19T17:40:12.579416Z,2,14.781200,072251c5-79e1-8010-debc-5f71c31afe4a,True,KXBTC15M-26SEP191345-45,0.6800,01a0bac1-1860-7d41-9e54-4739e6741b39,no,no,0,KXBTC15M-26SEP191345-45,072251c5-79e1-8010-debc-5f71c31afe4a,1789839612,0.3200
buy,ask,19.00,2026-09-19T17:23:34.277886Z,2,0.087800,07225076-adc9-b04b-549b-f57df6770247,True,KXBTC15M-26SEP191330-30,0.9290,01a0bab1-ddf0-7093-b8d7-f85dd0838b26,no,no,0,KXBTC15M-26SEP191330-30,07225076-adc9-b04b-549b-f57df6770247,1789838614,0.0710
buy,ask,46.06,2026-09-19T17:23:25.024903Z,2,0.201520,07225077-59d9-9b44-7507-026930080271,True,KXBTC15M-26SEP191330-30,0.9330,01a0bab1-bac8-7ab8-b7cb-162697a1a7f5,no,no,0,KXBTC15M-26SEP191330-30,07225077-59d9-9b44-7507-026930080271,1789838605,0.0670
buy,ask,0.01,2026-09-19T17:23:25.024903Z,2,0.000090,07225077-51e9-9c42-7b3d-07d46c0d5482,True,KXBTC15M-26SEP191330-30,0.9310,01a0bab1-bac8-7ab8-b7cb-162697a1a7f5,no,no,0,KXBTC15M-26SEP191330-30,07225077-51e9-9c42-7b3d-07d46c0d5482,1789838605,0.0690
buy,ask,0.01,2026-09-19T17:23:25.024903Z,2,0.000000,07225077-51e9-9c17-6970-1ced22a02881,True,KXBTC15M-26SEP191330-30,0.9300,01a0bab1-bac8-7ab8-b7cb-162697a1a7f5,no,no,0,KXBTC15M-26SEP191330-30,07225077-51e9-9c17-6970-1ced22a02881,1789838605,0.0700
buy,ask,50.00,2026-09-19T17:23:25.024903Z,2,0.227900,07225077-51e9-97bd-5a05-4dddbefd5766,True,KXBTC15M-26SEP191330-30,0.9300,01a0bab1-bac8-7ab8-b7cb-162697a1a7f5,no,no,0,KXBTC15M-26SEP191330-30,07225077-51e9-97bd-5a05-4dddbefd5766,1789838605,0.0700
buy,ask,0.01,2026-09-19T17:23:25.024903Z,2,0.000090,07225077-51e9-9785-6892-e0b2947f42eb,True,KXBTC15M-26SEP191330-30,0.9310,01a0bab1-bac8-7ab8-b7cb-162697a1a7f5,no,no,0,KXBTC15M-26SEP191330-30,07225077-51e9-9785-6892-e0b2947f42eb,1789838605,0.0690
buy,ask,0.01,2026-09-19T17:23:25.024903Z,2,0.000100,07225077-51e9-95a9-7964-717369413ca5,True,KXBTC15M-26SEP191330-30,0.9300,01a0bab1-bac8-7ab8-b7cb-162697a1a7f5,no,no,0,KXBTC15M-26SEP191330-30,07225077-51e9-95a9-7964-717369413ca5,1789838605,0.0700
buy,ask,109.19,2026-09-19T17:23:25.024903Z,2,0.477830,07225077-4431-9c6e-7fb9-a80019ab9a1c,True,KXBTC15M-26SEP191330-30,0.9330,01a0bab1-bac8-7ab8-b7cb-162697a1a7f5,no,no,0,KXBTC15M-26SEP191330-30,07225077-4431-9c6e-7fb9-a80019ab9a1c,1789838605,0.0670
buy,ask,44.71,2026-09-19T17:23:25.024903Z,2,0.195570,07225077-4431-9a99-6bd1-787d9b367e7d,True,KXBTC15M-26SEP191330-30,0.9330,01a0bab1-bac8-7ab8-b7cb-162697a1a7f5,no,no,0,KXBTC15M-26SEP191330-30,07225077-4431-9a99-6bd1-787d9b367e7d,1789838605,0.0670
buy,ask,0.01,2026-09-19T17:23:15.277581Z,2,0.000080,07225077-dd59-8d09-8755-8efb875adb21,True,KXBTC15M-26SEP191330-30,0.9220,01a0bab1-93b8-7e7c-858e-2ee64a8f176b,no,no,0,KXBTC15M-26SEP191330-30,07225077-dd59-8d09-8755-8efb875adb21,1789838595,0.0780
buy,ask,58.00,2026-09-19T17:23:15.277581Z,2,0.292000,07225077-dd59-8cfb-ad7a-0ddb8ea0fa2d,True,KXBTC15M-26SEP191330-30,0.9220,01a0bab1-93b8-7e7c-858e-2ee64a8f176b,no,no,0,KXBTC15M-26SEP191330-30,07225077-dd59-8cfb-ad7a-0ddb8ea0fa2d,1789838595,0.0780
buy,ask,0.01,2026-09-19T17:23:15.277581Z,2,0.000080,07225077-dd59-8ad6-9076-fc34bf6a4efe,True,KXBTC15M-26SEP191330-30,0.9220,01a0bab1-93b8-7e7c-858e-2ee64a8f176b,no,no,0,KXBTC15M-26SEP191330-30,07225077-dd59-8ad6-9076-fc34bf6a4efe,1789838595,0.0780
buy,ask,25.00,2026-09-19T17:23:15.277581Z,2,0.124400,07225077-dd59-858a-8d94-c87458638cd2,True,KXBTC15M-26SEP191330-30,0.9230,01a0bab1-93b8-7e7c-858e-2ee64a8f176b,no,no,0,KXBTC15M-26SEP191330-30,07225077-dd59-858a-8d94-c87458638cd2,1789838595,0.0770
buy,ask,12.00,2026-09-19T17:23:15.277581Z,2,0.059700,07225077-c131-88e7-87aa-63f531a23672,True,KXBTC15M-26SEP191330-30,0.9230,01a0bab1-93b8-7e7c-858e-2ee64a8f176b,no,no,0,KXBTC15M-26SEP191330-30,07225077-c131-88e7-87aa-63f531a23672,1789838595,0.0770
buy,ask,1000.00,2026-09-19T17:23:15.277581Z,2,4.974900,07225077-c131-82f9-b37c-02e3ccb3b317,True,KXBTC15M-26SEP191330-30,0.9230,01a0bab1-93b8-7e7c-858e-2ee64a8f176b,no,no,0,KXBTC15M-26SEP191330-30,07225077-c131-82f9-b37c-02e3ccb3b317,1789838595,0.0770
buy,ask,76.33,2026-09-19T17:13:19.052024Z,2,0.026650,0722503d-a4e1-ae6d-ac1d-de620070129f,True,KXBTC15M-26SEP191315-15,0.9950,01a0baa8-7b98-7437-8fe4-ae73e683f6da,no,no,0,KXBTC15M-26SEP191315-15,0722503d-a4e1-ae6d-ac1d-de620070129f,1789837999,0.0050
buy,ask,3.00,2026-09-19T17:13:19.052024Z,2,0.001000,0722503c-e789-a990-9593-b712043921a8,True,KXBTC15M-26SEP191315-15,0.9950,01a0baa8-7b98-7437-8fe4-ae73e683f6da,no,no,0,KXBTC15M-26SEP191315-15,0722503c-e789-a990-9593-b712043921a8,1789837999,0.0050
buy,ask,25.00,2026-09-19T17:13:19.052024Z,2,0.008700,07225009-fc41-a719-91bf-5b5cc614589b,True,KXBTC15M-26SEP191315-15,0.9950,01a0baa8-7b98-7437-8fe4-ae73e683f6da,no,no,0,KXBTC15M-26SEP191315-15,07225009-fc41-a719-91bf-5b5cc614589b,1789837999,0.0050
buy,ask,10.67,2026-09-19T17:13:19.052024Z,2,0.003750,07225009-fc41-a609-9543-8b4eca1f8a76,True,KXBTC15M-26SEP191315-15,0.9950,01a0baa8-7b98-7437-8fe4-ae73e683f6da,no,no,0,KXBTC15M-26SEP191315-15,07225009-fc41-a609-9543-8b4eca1f8a76,1789837999,0.0050
buy,ask,100.00,2026-09-19T17:13:19.052024Z,2,0.034900,07225009-e431-a998-8d60-c1cac2db5e57,True,KXBTC15M-26SEP191315-15,0.9950,01a0baa8-7b98-7437-8fe4-ae73e683f6da,no,no,0,KXBTC15M-26SEP191315-15,07225009-e431-a998-8d60-c1cac2db5e57,1789837999,0.0050
buy,ask,90.00,2026-09-19T17:13:19.052024Z,2,0.031300,07225009-e059-adf4-8dab-6eb7959443ba,True,KXBTC15M-26SEP191315-15,0.9950,01a0baa8-7b98-7437-8fe4-ae73e683f6da,no,no,0,KXBTC15M-26SEP191315-15,07225009-e059-adf4-8dab-6eb7959443ba,1789837999,0.0050
buy,ask,30.00,2026-09-19T17:13:19.052024Z,2,0.010500,07225006-9b81-ae72-b638-ce4691e9192e,True,KXBTC15M-26SEP191315-15,0.9950,01a0baa8-7b98-7437-8fe4-ae73e683f6da,no,no,0,KXBTC15M-26SEP191315-15,07225006-9b81-ae72-b638-ce4691e9192e,1789837999,0.0050
buy,ask,35.00,2026-09-19T17:13:19.052024Z,2,0.012200,07225006-9b81-a4e2-aea3-cd7ddf0768e8,True,KXBTC15M-26SEP191315-15,0.9950,01a0baa8-7b98-7437-8fe4-ae73e683f6da,no,no,0,KXBTC15M-26SEP191315-15,07225006-9b81-a4e2-aea3-cd7ddf0768e8,1789837999,0.0050
buy,ask,30.00,2026-09-19T17:13:19.052024Z,2,0.010400,07225006-7291-a9ee-b13e-baecd5e66c35,True,KXBTC15M-26SEP191315-15,0.9950,01a0baa8-7b98-7437-8fe4-ae73e683f6da,no,no,0,KXBTC15M-26SEP191315-15,07225006-7291-a9ee-b13e-baecd5e66c35,1789837999,0.0050
buy,ask,35.00,2026-09-19T17:13:19.052024Z,2,0.012200,07225006-7291-a125-9403-96aee6f34008,True,KXBTC15M-26SEP191315-15,0.9950,01a0baa8-7b98-7437-8fe4-ae73e683f6da,no,no,0,KXBTC15M-26SEP191315-15,07225006-7291-a125-9403-96aee6f34008,1789837999,0.0050
buy,ask,30.00,2026-09-19T17:13:19.052024Z,2,0.010400,07225006-6709-ad50-8152-0fbdce93cd47,True,KXBTC15M-26SEP191315-15,0.9950,01a0baa8-7b98-7437-8fe4-ae73e683f6da,no,no,0,KXBTC15M-26SEP191315-15,07225006-6709-ad50-8152-0fbdce93cd47,1789837999,0.0050
buy,ask,35.00,2026-09-19T17:13:19.052024Z,2,0.012200,07225006-6709-a34d-ae85-411bcbbd14da,True,KXBTC15M-26SEP191315-15,0.9950,01a0baa8-7b98-7437-8fe4-ae73e683f6da,no,no,0,KXBTC15M-26SEP191315-15,07225006-6709-a34d-ae85-411bcbbd14da,1789837999,0.0050
buy,ask,35.00,2026-09-19T17:13:19.052024Z,2,0.012200,07225006-5e19-a9ca-8fc1-27eb0db45055,True,KXBTC15M-26SEP191315-15,0.9950,01a0baa8-7b98-7437-8fe4-ae73e683f6da,no,no,0,KXBTC15M-26SEP191315-15,07225006-5e19-a9ca-8fc1-27eb0db45055,1789837999,0.0050
buy,ask,30.00,2026-09-19T17:13:19.052024Z,2,0.010500,07225006-5e19-a120-98c1-e875572800fb,True,KXBTC15M-26SEP191315-15,0.9950,01a0baa8-7b98-7437-8fe4-ae73e683f6da,no,no,0,KXBTC15M-26SEP191315-15,07225006-5e19-a120-98c1-e875572800fb,1789837999,0.0050
buy,ask,200.00,2026-09-19T17:13:19.052024Z,2,0.069600,07225006-2e79-ae50-8ef3-f3782a893752,True,KXBTC15M-26SEP191315-15,0.9950,01a0baa8-7b98-7437-8fe4-ae73e683f6da,no,no,0,KXBTC15M-26SEP191315-15,07225006-2e79-ae50-8ef3-f3782a893752,1789837999,0.0050
buy,ask,35.00,2026-09-19T17:13:19.052024Z,2,0.012200,07225006-2a61-ac75-827d-b0b79496c8ad,True,KXBTC15M-26SEP191315-15,0.9950,01a0baa8-7b98-7437-8fe4-ae73e683f6da,no,no,0,KXBTC15M-26SEP191315-15,07225006-2a61-ac75-827d-b0b79496c8ad,1789837999,0.0050
buy,ask,30.00,2026-09-19T17:13:19.052024Z,2,0.010500,07225006-2a61-a832-9693-0f2122a20137,True,KXBTC15M-26SEP191315-15,0.9950,01a0baa8-7b98-7437-8fe4-ae73e683f6da,no,no,0,KXBTC15M-26SEP191315-15,07225006-2a61-a832-9693-0f2122a20137,1789837999,0.0050
buy,ask,30.00,2026-09-19T17:13:19.052024Z,2,0.010400,07225006-2a61-a71c-b345-1fd214a2334c,True,KXBTC15M-26SEP191315-15,0.9950,01a0baa8-7b98-7437-8fe4-ae73e683f6da,no,no,0,KXBTC15M-26SEP191315-15,07225006-2a61-a71c-b345-1fd214a2334c,1789837999,0.0050
buy,ask,35.00,2026-09-19T17:13:19.052024Z,2,0.012200,07225006-2a61-a37a-8854-cdd4768a0328,True,KXBTC15M-26SEP191315-15,0.9950,01a0baa8-7b98-7437-8fe4-ae73e683f6da,no,no,0,KXBTC15M-26SEP191315-15,07225006-2a61-a37a-8854-cdd4768a0328,1789837999,0.0050
buy,ask,100.00,2026-09-19T17:13:19.052024Z,2,0.034800,07225006-14d1-a646-9852-415328879ef3,True,KXBTC15M-26SEP191315-15,0.9950,01a0baa8-7b98-7437-8fe4-ae73e683f6da,no,no,0,KXBTC15M-26SEP191315-15,07225006-14d1-a646-9852-415328879ef3,1789837999,0.0050
buy,ask,25.00,2026-09-19T17:13:19.052024Z,2,0.008700,07225006-10f9-aefb-aa77-71eb2278396c,True,KXBTC15M-26SEP191315-15,0.9950,01a0baa8-7b98-7437-8fe4-ae73e683f6da,no,no,0,KXBTC15M-26SEP191315-15,07225006-10f9-aefb-aa77-71eb2278396c,1789837999,0.0050
buy,ask,35.00,2026-09-19T17:13:19.052024Z,2,0.012200,07225006-10f9-ab24-ada4-fc3821b160a2,True,KXBTC15M-26SEP191315-15,0.9950,01a0baa8-7b98-7437-8fe4-ae73e683f6da,no,no,0,KXBTC15M-26SEP191315-15,07225006-10f9-ab24-ada4-fc3821b160a2,1789837999,0.0050
buy,ask,30.00,2026-09-19T17:13:19.052024Z,2,0.010400,07225006-10f9-a7bf-b810-324e2da0a343,True,KXBTC15M-26SEP191315-15,0.9950,01a0baa8-7b98-7437-8fe4-ae73e683f6da,no,no,0,KXBTC15M-26SEP191315-15,07225006-10f9-a7bf-b810-324e2da0a343,1789837999,0.0050
buy,ask,30.00,2026-09-19T17:13:19.052024Z,2,0.010400,07225006-0571-a6e1-9543-3d4f40e9e5a4,True,KXBTC15M-26SEP191315-15,0.9950,01a0baa8-7b98-7437-8fe4-ae73e683f6da,no,no,0,KXBTC15M-26SEP191315-15,07225006-0571-a6e1-9543-3d4f40e9e5a4,1789837999,0.0050
buy,ask,100.00,2026-09-19T17:13:19.052024Z,2,0.034900,07225006-0571-a5fa-8617-2c4ecf2939b0,True,KXBTC15M-26SEP191315-15,0.9950,01a0baa8-7b98-7437-8fe4-ae73e683f6da,no,no,0,KXBTC15M-26SEP191315-15,07225006-0571-a5fa-8617-2c4ecf2939b0,1789837999,0.0050
buy,ask,35.00,2026-09-19T17:13:19.052024Z,2,0.012200,07225006-0571-a329-8cf0-efcb0671cbb0,True,KXBTC15M-26SEP191315-15,0.9950,01a0baa8-7b98-7437-8fe4-ae73e683f6da,no,no,0,KXBTC15M-26SEP191315-15,07225006-0571-a329-8cf0-efcb0671cbb0,1789837999,0.0050
buy,bid,100.00,2026-09-19T16:43:54.143052Z,2,0.791700,072250bb-bd69-b487-8de5-d60d411a79a0,True,KXBTC15M-26SEP191245-45,0.1300,01a0ba8d-8d10-7038-8a49-81e74905c178,yes,yes,0,KXBTC15M-26SEP191245-45,072250bb-bd69-b487-8de5-d60d411a79a0,1789836234,0.8700
buy,bid,47.30,2026-09-19T16:41:27.332616Z,2,0.652600,072250a6-75b9-b201-5db3-33e9a26c18ee,True,KXBTC15M-26SEP191245-45,0.2700,01a0ba8b-4ed8-7075-b8ae-6292399d194f,yes,yes,0,KXBTC15M-26SEP191245-45,072250a6-75b9-b201-5db3-33e9a26c18ee,1789836087,0.7300
buy,bid,30.00,2026-09-19T16:41:17.30016Z,2,0.310000,072250a7-bcc1-9c75-8c1f-556fe934276c,True,KXBTC15M-26SEP191245-45,0.1800,01a0ba8b-27c8-7854-8ffe-34a9ce59571a,yes,yes,0,KXBTC15M-26SEP191245-45,072250a7-bcc1-9c75-8c1f-556fe934276c,1789836077,0.8200
buy,bid,0.01,2026-09-19T16:41:17.30016Z,2,0.000100,072250a7-bcc1-9c28-a9b0-b99cfacb412f,True,KXBTC15M-26SEP191245-45,0.1800,01a0ba8b-27c8-7854-8ffe-34a9ce59571a,yes,yes,0,KXBTC15M-26SEP191245-45,072250a7-bcc1-9c28-a9b0-b99cfacb412f,1789836077,0.8200
buy,bid,0.01,2026-09-19T16:41:17.30016Z,2,0.000100,072250a7-bcc1-98b2-8714-2a76e0d61212,True,KXBTC15M-26SEP191245-45,0.1800,01a0ba8b-27c8-7854-8ffe-34a9ce59571a,yes,yes,0,KXBTC15M-26SEP191245-45,072250a7-bcc1-98b2-8714-2a76e0d61212,1789836077,0.8200
buy,bid,46.00,2026-09-19T16:41:17.30016Z,2,0.475300,072250a7-bcc1-96db-9e36-a8197f1282b2,True,KXBTC15M-26SEP191245-45,0.1800,01a0ba8b-27c8-7854-8ffe-34a9ce59571a,yes,yes,0,KXBTC15M-26SEP191245-45,072250a7-bcc1-96db-9e36-a8197f1282b2,1789836077,0.8200
buy,bid,665.73,2026-09-19T16:41:17.30016Z,2,6.878400,072250a7-bcc1-91c3-acb2-1847ed215d83,True,KXBTC15M-26SEP191245-45,0.1800,01a0ba8b-27c8-7854-8ffe-34a9ce59571a,yes,yes,0,KXBTC15M-26SEP191245-45,072250a7-bcc1-91c3-acb2-1847ed215d83,1789836077,0.8200
buy,bid,244.25,2026-09-19T16:41:17.30016Z,2,2.523600,072250a7-b8e9-93d3-9aec-a722b4982a03,True,KXBTC15M-26SEP191245-45,0.1800,01a0ba8b-27c8-7854-8ffe-34a9ce59571a,yes,yes,0,KXBTC15M-26SEP191245-45,072250a7-b8e9-93d3-9aec-a722b4982a03,1789836077,0.8200
buy,bid,14.00,2026-09-19T16:41:17.30016Z,2,0.144600,072250a7-8709-99fc-911f-973158d23a35,True,KXBTC15M-26SEP191245-45,0.1800,01a0ba8b-27c8-7854-8ffe-34a9ce59571a,yes,yes,0,KXBTC15M-26SEP191245-45,072250a7-8709-99fc-911f-973158d23a35,1789836077,0.8200
sell,ask,25.00,2026-09-19T16:39:16.384175Z,2,0.380800,072250ac-7fe9-bd82-783b-11782a52f857,True,KXBTC15M-26SEP191245-45,0.6800,01a0ba89-4f20-719c-ba4e-fd318c6b6207,no,no,0,KXBTC15M-26SEP191245-45,072250ac-7fe9-bd82-783b-11782a52f857,1789835956,0.3200
sell,ask,25.00,2026-09-19T16:39:16.384175Z,2,0.380800,072250ac-7bd1-b021-5ffa-65782aa995dc,True,KXBTC15M-26SEP191245-45,0.6800,01a0ba89-4f20-719c-ba4e-fd318c6b6207,no,no,0,KXBTC15M-26SEP191245-45,072250ac-7bd1-b021-5ffa-65782aa995dc,1789835956,0.3200
sell,ask,54.00,2026-09-19T16:39:16.384175Z,2,0.822600,072250ac-77b9-bfcd-5b40-8871d947eb77,True,KXBTC15M-26SEP191245-45,0.6800,01a0ba89-4f20-719c-ba4e-fd318c6b6207,no,no,0,KXBTC15M-26SEP191245-45,072250ac-77b9-bfcd-5b40-8871d947eb77,1789835956,0.3200
sell,ask,0.01,2026-09-19T16:39:16.384175Z,2,0.000100,072250ac-77b9-bf40-72ac-baa7a984e829,True,KXBTC15M-26SEP191245-45,0.6800,01a0ba89-4f20-719c-ba4e-fd318c6b6207,no,no,0,KXBTC15M-26SEP191245-45,072250ac-77b9-bf40-72ac-baa7a984e829,1789835956,0.3200
sell,ask,16.00,2026-09-19T16:39:16.384175Z,2,0.243700,072250ac-77b9-bb9b-46a9-0d3374cd4ed3,True,KXBTC15M-26SEP191245-45,0.6800,01a0ba89-4f20-719c-ba4e-fd318c6b6207,no,no,0,KXBTC15M-26SEP191245-45,072250ac-77b9-bb9b-46a9-0d3374cd4ed3,1789835956,0.3200
sell,ask,0.01,2026-09-19T16:39:16.384175Z,2,0.000200,072250ac-77b9-bb90-52c6-5dfb3c0a221b,True,KXBTC15M-26SEP191245-45,0.6800,01a0ba89-4f20-719c-ba4e-fd318c6b6207,no,no,0,KXBTC15M-26SEP191245-45,072250ac-77b9-bb90-52c6-5dfb3c0a221b,1789835956,0.3200
sell,ask,789.09,2026-09-19T16:39:16.384175Z,2,12.019400,072250ac-77b9-b882-6022-2d0a21376ae0,True,KXBTC15M-26SEP191245-45,0.6800,01a0ba89-4f20-719c-ba4e-fd318c6b6207,no,no,0,KXBTC15M-26SEP191245-45,072250ac-77b9-b882-6022-2d0a21376ae0,1789835956,0.3200
sell,ask,500.00,2026-09-19T16:39:16.384175Z,2,7.616000,072250ac-77b9-b6a4-6585-1463963e7c13,True,KXBTC15M-26SEP191245-45,0.6800,01a0ba89-4f20-719c-ba4e-fd318c6b6207,no,no,0,KXBTC15M-26SEP191245-45,072250ac-77b9-b6a4-6585-1463963e7c13,1789835956,0.3200
sell,ask,1.00,2026-09-19T16:39:16.384175Z,2,0.015200,072250ac-77b9-b694-5b48-f0b2bc4a250d,True,KXBTC15M-26SEP191245-45,0.6800,01a0ba89-4f20-719c-ba4e-fd318c6b6207,no,no,0,KXBTC15M-26SEP191245-45,072250ac-77b9-b694-5b48-f0b2bc4a250d,1789835956,0.3200
sell,ask,50.00,2026-09-19T16:39:16.384175Z,2,0.761600,072250ac-77b9-b512-5a5b-4d3fbacd3a6f,True,KXBTC15M-26SEP191245-45,0.6800,01a0ba89-4f20-719c-ba4e-fd318c6b6207,no,no,0,KXBTC15M-26SEP191245-45,072250ac-77b9-b512-5a5b-4d3fbacd3a6f,1789835956,0.3200
sell,ask,14.00,2026-09-19T16:39:16.384175Z,2,0.213300,072250ac-77b9-b1e1-7559-a881d5791264,True,KXBTC15M-26SEP191245-45,0.6800,01a0ba89-4f20-719c-ba4e-fd318c6b6207,no,no,0,KXBTC15M-26SEP191245-45,072250ac-77b9-b1e1-7559-a881d5791264,1789835956,0.3200
sell,ask,1000.00,2026-09-19T16:39:16.384175Z,2,15.232000,072250ac-73a1-baaa-70e3-30846225fbd8,True,KXBTC15M-26SEP191245-45,0.6800,01a0ba89-4f20-719c-ba4e-fd318c6b6207,no,no,0,KXBTC15M-26SEP191245-45,072250ac-73a1-baaa-70e3-30846225fbd8,1789835956,0.3200
sell,ask,739.58,2026-09-19T16:39:16.384175Z,2,11.265300,072250ac-0301-b4cd-736e-b0256410c349,True,KXBTC15M-26SEP191245-45,0.6800,01a0ba89-4f20-719c-ba4e-fd318c6b6207,no,no,0,KXBTC15M-26SEP191245-45,072250ac-0301-b4cd-736e-b0256410c349,1789835956,0.3200
buy,bid,666.00,2026-09-19T16:36:19.123594Z,2,10.606000,0722509c-fee1-b7b4-5a13-1a399b7f4a5e,True,KXBTC15M-26SEP191245-45,0.3500,01a0ba86-9bb8-728f-b771-4605e63ba3ae,yes,yes,0,KXBTC15M-26SEP191245-45,0722509c-fee1-b7b4-5a13-1a399b7f4a5e,1789835779,0.6500
buy,bid,34.13,2026-09-19T16:36:19.123594Z,2,0.543500,0722509c-fee1-b38e-6960-da41dd1a0445,True,KXBTC15M-26SEP191245-45,0.3500,01a0ba86-9bb8-728f-b771-4605e63ba3ae,yes,yes,0,KXBTC15M-26SEP191245-45,0722509c-fee1-b38e-6960-da41dd1a0445,1789835779,0.6500
buy,bid,1200.00,2026-09-19T16:36:19.123594Z,2,19.110000,0722509c-fd09-bc6b-5e6f-bb9d8c44a383,True,KXBTC15M-26SEP191245-45,0.3500,01a0ba86-9bb8-728f-b771-4605e63ba3ae,yes,yes,0,KXBTC15M-26SEP191245-45,0722509c-fd09-bc6b-5e6f-bb9d8c44a383,1789835779,0.6500
buy,bid,27.00,2026-09-19T16:36:19.123594Z,2,0.430000,0722509c-f931-b012-56b6-b80214ee9825,True,KXBTC15M-26SEP191245-45,0.3500,01a0ba86-9bb8-728f-b771-4605e63ba3ae,yes,yes,0,KXBTC15M-26SEP191245-45,0722509c-f931-b012-56b6-b80214ee9825,1789835779,0.6500
buy,bid,0.01,2026-09-19T16:36:19.123594Z,2,0.000100,0722509c-f559-bb65-70f7-5b2cdf96329f,True,KXBTC15M-26SEP191245-45,0.3500,01a0ba86-9bb8-728f-b771-4605e63ba3ae,yes,yes,0,KXBTC15M-26SEP191245-45,0722509c-f559-bb65-70f7-5b2cdf96329f,1789835779,0.6500
buy,bid,0.01,2026-09-19T16:36:19.123594Z,2,0.000200,0722509c-f559-b754-4107-89a9431d4112,True,KXBTC15M-26SEP191245-45,0.3500,01a0ba86-9bb8-728f-b771-4605e63ba3ae,yes,yes,0,KXBTC15M-26SEP191245-45,0722509c-f559-b754-4107-89a9431d4112,1789835779,0.6500
buy,bid,1.00,2026-09-19T16:36:19.123594Z,2,0.016000,0722509c-f559-b5cd-5af8-6dafa215ee38,True,KXBTC15M-26SEP191245-45,0.3500,01a0ba86-9bb8-728f-b771-4605e63ba3ae,yes,yes,0,KXBTC15M-26SEP191245-45,0722509c-f559-b5cd-5af8-6dafa215ee38,1789835779,0.6500
buy,bid,51.00,2026-09-19T16:36:19.123594Z,2,0.812200,0722509c-f559-b4f9-7526-9c21710d3c16,True,KXBTC15M-26SEP191245-45,0.3500,01a0ba86-9bb8-728f-b771-4605e63ba3ae,yes,yes,0,KXBTC15M-26SEP191245-45,0722509c-f559-b4f9-7526-9c21710d3c16,1789835779,0.6500
buy,bid,39.93,2026-09-19T16:36:19.123594Z,2,0.635800,0722509c-f559-b05c-658f-443cccc1e78b,True,KXBTC15M-26SEP191245-45,0.3500,01a0ba86-9bb8-728f-b771-4605e63ba3ae,yes,yes,0,KXBTC15M-26SEP191245-45,0722509c-f559-b05c-658f-443cccc1e78b,1789835779,0.6500
buy,bid,562.99,2026-09-19T16:36:19.123594Z,2,8.843500,0722509c-eaa9-b04e-61e8-ffaeac7359e2,True,KXBTC15M-26SEP191245-45,0.3400,01a0ba86-9bb8-728f-b771-4605e63ba3ae,yes,yes,0,KXBTC15M-26SEP191245-45,0722509c-eaa9-b04e-61e8-ffaeac7359e2,1789835779,0.6600
buy,bid,687.93,2026-09-19T16:36:19.123594Z,2,10.955300,0722509c-e6d1-b8d1-537c-1bc2c2d65ef7,True,KXBTC15M-26SEP191245-45,0.3500,01a0ba86-9bb8-728f-b771-4605e63ba3ae,yes,yes,0,KXBTC15M-26SEP191245-45,0722509c-e6d1-b8d1-537c-1bc2c2d65ef7,1789835779,0.6500
buy,bid,30.00,2026-09-19T16:36:19.123594Z,2,0.477800,0722509c-e2f9-b2aa-597a-d1331b11089d,True,KXBTC15M-26SEP191245-45,0.3500,01a0ba86-9bb8-728f-b771-4605e63ba3ae,yes,yes,0,KXBTC15M-26SEP191245-45,0722509c-e2f9-b2aa-597a-d1331b11089d,1789835779,0.6500
buy,bid,185.65,2026-09-19T16:24:10.704255Z,2,1.148700,0722539e-ebc9-8fff-441d-2c1aa21c82d5,True,KXBTC15M-26SEP191230-30,0.0980,01a0ba7b-7c10-7e78-b70e-2906d52785b3,yes,yes,0,KXBTC15M-26SEP191230-30,0722539e-ebc9-8fff-441d-2c1aa21c82d5,1789835050,0.9020
buy,bid,1.00,2026-09-19T16:24:10.704255Z,2,0.006200,0722539e-e7e1-8945-45f6-f38eec261361,True,KXBTC15M-26SEP191230-30,0.0970,01a0ba7b-7c10-7e78-b70e-2906d52785b3,yes,yes,0,KXBTC15M-26SEP191230-30,0722539e-e7e1-8945-45f6-f38eec261361,1789835050,0.9030
buy,bid,12.48,2026-09-19T16:24:10.704255Z,2,0.076460,07225396-9c31-8a18-5327-dd575a28f287,True,KXBTC15M-26SEP191230-30,0.0970,01a0ba7b-7c10-7e78-b70e-2906d52785b3,yes,yes,0,KXBTC15M-26SEP191230-30,07225396-9c31-8a18-5327-dd575a28f287,1789835050,0.9030
buy,bid,55.00,2026-09-19T16:24:10.704255Z,2,0.343400,07225396-8c51-8c5e-7c5a-da5fd2af057a,True,KXBTC15M-26SEP191230-30,0.0990,01a0ba7b-7c10-7e78-b70e-2906d52785b3,yes,yes,0,KXBTC15M-26SEP191230-30,07225396-8c51-8c5e-7c5a-da5fd2af057a,1789835050,0.9010
buy,bid,1.00,2026-09-19T16:24:10.704255Z,2,0.006300,07225396-8c51-8b28-5b91-76a6906bb3b7,True,KXBTC15M-26SEP191230-30,0.0990,01a0ba7b-7c10-7e78-b70e-2906d52785b3,yes,yes,0,KXBTC15M-26SEP191230-30,07225396-8c51-8b28-5b91-76a6906bb3b7,1789835050,0.9010
buy,bid,8.00,2026-09-19T16:24:10.704255Z,2,0.049500,07225396-8c51-8745-6843-fc8cc6a08bb3,True,KXBTC15M-26SEP191230-30,0.0980,01a0ba7b-7c10-7e78-b70e-2906d52785b3,yes,yes,0,KXBTC15M-26SEP191230-30,07225396-8c51-8745-6843-fc8cc6a08bb3,1789835050,0.9020
buy,bid,1.00,2026-09-19T16:24:10.704255Z,2,0.006200,07225396-8c51-8209-4f2e-a1e2215ebac6,True,KXBTC15M-26SEP191230-30,0.0990,01a0ba7b-7c10-7e78-b70e-2906d52785b3,yes,yes,0,KXBTC15M-26SEP191230-30,07225396-8c51-8209-4f2e-a1e2215ebac6,1789835050,0.9010
buy,bid,50.06,2026-09-19T16:24:10.704255Z,2,0.312640,07225396-8c51-805d-4ba3-57219ec1ea38,True,KXBTC15M-26SEP191230-30,0.0990,01a0ba7b-7c10-7e78-b70e-2906d52785b3,yes,yes,0,KXBTC15M-26SEP191230-30,07225396-8c51-805d-4ba3-57219ec1ea38,1789835050,0.9010
buy,bid,28.17,2026-09-19T16:24:10.704255Z,2,0.172790,07225396-8401-83f4-4d69-decbf660ff16,True,KXBTC15M-26SEP191230-30,0.0970,01a0ba7b-7c10-7e78-b70e-2906d52785b3,yes,yes,0,KXBTC15M-26SEP191230-30,07225396-8401-83f4-4d69-decbf660ff16,1789835050,0.9030
buy,bid,37.64,2026-09-19T16:24:10.704255Z,2,0.230780,07225396-8401-8124-5cf2-ad2333c13010,True,KXBTC15M-26SEP191230-30,0.0970,01a0ba7b-7c10-7e78-b70e-2906d52785b3,yes,yes,0,KXBTC15M-26SEP191230-30,07225396-8401-8124-5cf2-ad2333c13010,1789835050,0.9030
buy,bid,617.36,2026-09-19T16:23:29.574279Z,2,6.914500,07225391-bf91-92e9-2a07-37dc74e23e44,True,KXBTC15M-26SEP191230-30,0.2000,01a0ba7a-dbe8-7b08-aada-19a9ef0178fe,yes,yes,0,KXBTC15M-26SEP191230-30,07225391-bf91-92e9-2a07-37dc74e23e44,1789835009,0.8000
buy,bid,0.01,2026-09-19T16:23:29.574279Z,2,0.000100,07225391-bf91-920e-058c-df8296ab3be4,True,KXBTC15M-26SEP191230-30,0.2000,01a0ba7a-dbe8-7b08-aada-19a9ef0178fe,yes,yes,0,KXBTC15M-26SEP191230-30,07225391-bf91-920e-058c-df8296ab3be4,1789835009,0.8000
buy,bid,27.35,2026-09-19T16:23:29.574279Z,2,0.306300,07225391-b7a1-9ccd-2d1c-d65b5bcd6567,True,KXBTC15M-26SEP191230-30,0.2000,01a0ba7a-dbe8-7b08-aada-19a9ef0178fe,yes,yes,0,KXBTC15M-26SEP191230-30,07225391-b7a1-9ccd-2d1c-d65b5bcd6567,1789835009,0.8000
buy,bid,0.01,2026-09-19T16:23:29.574279Z,2,0.000100,07225391-b449-9e71-1294-b1a76ed48e92,True,KXBTC15M-26SEP191230-30,0.2000,01a0ba7a-dbe8-7b08-aada-19a9ef0178fe,yes,yes,0,KXBTC15M-26SEP191230-30,07225391-b449-9e71-1294-b1a76ed48e92,1789835009,0.8000
buy,bid,1000.00,2026-09-19T16:23:29.574279Z,2,11.200000,07225391-b449-9d34-12c4-53376f74f70c,True,KXBTC15M-26SEP191230-30,0.2000,01a0ba7a-dbe8-7b08-aada-19a9ef0178fe,yes,yes,0,KXBTC15M-26SEP191230-30,07225391-b449-9d34-12c4-53376f74f70c,1789835009,0.8000
buy,bid,131.27,2026-09-19T16:23:29.574279Z,2,1.470200,07225391-b449-955d-0533-edc03f7ca34c,True,KXBTC15M-26SEP191230-30,0.2000,01a0ba7a-dbe8-7b08-aada-19a9ef0178fe,yes,yes,0,KXBTC15M-26SEP191230-30,07225391-b449-955d-0533-edc03f7ca34c,1789835009,0.8000
buy,bid,50.00,2026-09-19T16:23:29.574279Z,2,0.560000,07225391-b449-9547-36f8-0e5ca50b4a64,True,KXBTC15M-26SEP191230-30,0.2000,01a0ba7a-dbe8-7b08-aada-19a9ef0178fe,yes,yes,0,KXBTC15M-26SEP191230-30,07225391-b449-9547-36f8-0e5ca50b4a64,1789835009,0.8000
sell,ask,1.00,2026-09-19T16:20:44.86324Z,2,0.012100,07225399-7501-bc26-90fc-1e883a4b1b62,True,KXBTC15M-26SEP191230-30,0.2200,01a0ba78-5760-73a5-8d83-ed81b73a2bf7,no,no,0,KXBTC15M-26SEP191230-30,07225399-7501-bc26-90fc-1e883a4b1b62,1789834844,0.7800
sell,ask,76.00,2026-09-19T16:20:44.86324Z,2,0.912900,07225399-7501-b8db-9be3-0a5ad8ed0c7a,True,KXBTC15M-26SEP191230-30,0.2200,01a0ba78-5760-73a5-8d83-ed81b73a2bf7,no,no,0,KXBTC15M-26SEP191230-30,07225399-7501-b8db-9be3-0a5ad8ed0c7a,1789834844,0.7800
sell,ask,50.00,2026-09-19T16:20:44.86324Z,2,0.600600,07225399-7501-b646-a5cb-3dba2bdae9a2,True,KXBTC15M-26SEP191230-30,0.2200,01a0ba78-5760-73a5-8d83-ed81b73a2bf7,no,no,0,KXBTC15M-26SEP191230-30,07225399-7501-b646-a5cb-3dba2bdae9a2,1789834844,0.7800
sell,ask,564.15,2026-09-19T16:20:44.86324Z,2,6.776600,07225399-7501-b519-b6c7-572f9df8506f,True,KXBTC15M-26SEP191230-30,0.2200,01a0ba78-5760-73a5-8d83-ed81b73a2bf7,no,no,0,KXBTC15M-26SEP191230-30,07225399-7501-b519-b6c7-572f9df8506f,1789834844,0.7800
sell,ask,1000.00,2026-09-19T16:20:44.86324Z,2,12.012000,07225399-7501-b186-bfe3-02a11d43a3a0,True,KXBTC15M-26SEP191230-30,0.2200,01a0ba78-5760-73a5-8d83-ed81b73a2bf7,no,no,0,KXBTC15M-26SEP191230-30,07225399-7501-b186-bfe3-02a11d43a3a0,1789834844,0.7800
sell,ask,106.85,2026-09-19T16:20:44.86324Z,2,1.283500,07225399-71e9-b9bf-9eb0-8bcdbc874029,True,KXBTC15M-26SEP191230-30,0.2200,01a0ba78-5760-73a5-8d83-ed81b73a2bf7,no,no,0,KXBTC15M-26SEP191230-30,07225399-71e9-b9bf-9eb0-8bcdbc874029,1789834844,0.7800
sell,ask,2.00,2026-09-19T16:20:44.86324Z,2,0.024000,07225399-4c91-be8d-b6fe-ad536246ca74,True,KXBTC15M-26SEP191230-30,0.2200,01a0ba78-5760-73a5-8d83-ed81b73a2bf7,no,no,0,KXBTC15M-26SEP191230-30,07225399-4c91-be8d-b6fe-ad536246ca74,1789834844,0.7800
buy,bid,46.00,2026-09-19T16:19:30.802684Z,2,0.619600,072253ab-f7c1-b61e-9e1f-4990e47ad9d4,True,KXBTC15M-26SEP191230-30,0.2600,01a0ba77-3650-7214-810b-2001f70dc109,yes,yes,0,KXBTC15M-26SEP191230-30,072253ab-f7c1-b61e-9e1f-4990e47ad9d4,1789834770,0.7400
buy,bid,2.00,2026-09-19T16:19:30.802684Z,2,0.026900,072253ab-f3d9-bb6b-8d6e-f7e2a54415e8,True,KXBTC15M-26SEP191230-30,0.2600,01a0ba77-3650-7214-810b-2001f70dc109,yes,yes,0,KXBTC15M-26SEP191230-30,072253ab-f3d9-bb6b-8d6e-f7e2a54415e8,1789834770,0.7400
buy,bid,30.00,2026-09-19T16:19:30.802684Z,2,0.404100,072253ab-f3d9-b779-985c-a4f563daa152,True,KXBTC15M-26SEP191230-30,0.2600,01a0ba77-3650-7214-810b-2001f70dc109,yes,yes,0,KXBTC15M-26SEP191230-30,072253ab-f3d9-b779-985c-a4f563daa152,1789834770,0.7400
buy,bid,47.72,2026-09-19T16:19:30.802684Z,2,0.642700,072253ab-f3d9-b55f-900a-387cf097d773,True,KXBTC15M-26SEP191230-30,0.2600,01a0ba77-3650-7214-810b-2001f70dc109,yes,yes,0,KXBTC15M-26SEP191230-30,072253ab-f3d9-b55f-900a-387cf097d773,1789834770,0.7400
buy,bid,260.20,2026-09-19T16:19:30.802684Z,2,3.504300,072253ab-f3d9-b3aa-b118-62402622a863,True,KXBTC15M-26SEP191230-30,0.2600,01a0ba77-3650-7214-810b-2001f70dc109,yes,yes,0,KXBTC15M-26SEP191230-30,072253ab-f3d9-b3aa-b118-62402622a863,1789834770,0.7400
buy,bid,934.38,2026-09-19T16:19:30.802684Z,2,12.584300,072253ab-f3d9-b303-a37c-0ffdfb71a4a2,True,KXBTC15M-26SEP191230-30,0.2600,01a0ba77-3650-7214-810b-2001f70dc109,yes,yes,0,KXBTC15M-26SEP191230-30,072253ab-f3d9-b303-a37c-0ffdfb71a4a2,1789834770,0.7400
buy,bid,1.00,2026-09-19T16:19:30.802684Z,2,0.013400,072253ab-ef11-bdeb-b785-f8929a2295a0,True,KXBTC15M-26SEP191230-30,0.2600,01a0ba77-3650-7214-810b-2001f70dc109,yes,yes,0,KXBTC15M-26SEP191230-30,072253ab-ef11-bdeb-b785-f8929a2295a0,1789834770,0.7400
buy,bid,386.02,2026-09-19T16:19:30.802684Z,2,5.199000,072253ab-ef11-ba84-96a4-fb4cfc74ddbd,True,KXBTC15M-26SEP191230-30,0.2600,01a0ba77-3650-7214-810b-2001f70dc109,yes,yes,0,KXBTC15M-26SEP191230-30,072253ab-ef11-ba84-96a4-fb4cfc74ddbd,1789834770,0.7400
buy,bid,50.00,2026-09-19T16:19:30.802684Z,2,0.673400,072253ab-ef11-b9d0-b384-7e1d877e13e2,True,KXBTC15M-26SEP191230-30,0.2600,01a0ba77-3650-7214-810b-2001f70dc109,yes,yes,0,KXBTC15M-26SEP191230-30,072253ab-ef11-b9d0-b384-7e1d877e13e2,1789834770,0.7400
buy,bid,0.01,2026-09-19T16:19:30.802684Z,2,0.000200,072253ab-ef11-b589-ba2f-fc09b5daf052,True,KXBTC15M-26SEP191230-30,0.2600,01a0ba77-3650-7214-810b-2001f70dc109,yes,yes,0,KXBTC15M-26SEP191230-30,072253ab-ef11-b589-ba2f-fc09b5daf052,1789834770,0.7400
buy,bid,0.01,2026-09-19T16:19:30.802684Z,2,0.000100,072253ab-ef11-b2ab-8537-fd0db86d3108,True,KXBTC15M-26SEP191230-30,0.2600,01a0ba77-3650-7214-810b-2001f70dc109,yes,yes,0,KXBTC15M-26SEP191230-30,072253ab-ef11-b2ab-8537-fd0db86d3108,1789834770,0.7400
buy,bid,42.66,2026-09-19T16:19:30.802684Z,2,0.574500,072253ab-ca69-ba63-9461-56e4bb1a3b73,True,KXBTC15M-26SEP191230-30,0.2600,01a0ba77-3650-7214-810b-2001f70dc109,yes,yes,0,KXBTC15M-26SEP191230-30,072253ab-ca69-ba63-9461-56e4bb1a3b73,1789834770,0.7400
buy,bid,280.50,2026-09-19T16:12:39.044114Z,2,0.117100,072253b3-2f91-bbb8-69b2-83354e26ed73,True,KXBTC15M-26SEP191215-15,0.0060,01a0ba70-f0d8-71ac-b50a-41f450600f03,yes,yes,0,KXBTC15M-26SEP191215-15,072253b3-2f91-bbb8-69b2-83354e26ed73,1789834359,0.9940
buy,bid,36.00,2026-09-19T16:12:39.044114Z,2,0.015100,072253b3-2f91-ba82-62ce-a459cc9901e7,True,KXBTC15M-26SEP191215-15,0.0060,01a0ba70-f0d8-71ac-b50a-41f450600f03,yes,yes,0,KXBTC15M-26SEP191215-15,072253b3-2f91-ba82-62ce-a459cc9901e7,1789834359,0.9940
buy,bid,500.00,2026-09-19T16:12:39.044114Z,2,0.208700,072253b3-2f91-b8d6-68c5-a1eda57d2f96,True,KXBTC15M-26SEP191215-15,0.0060,01a0ba70-f0d8-71ac-b50a-41f450600f03,yes,yes,0,KXBTC15M-26SEP191215-15,072253b3-2f91-b8d6-68c5-a1eda57d2f96,1789834359,0.9940
buy,bid,507.00,2026-09-19T16:12:39.044114Z,2,0.211700,072253b3-2f91-b5b0-41c8-78737e347a36,True,KXBTC15M-26SEP191215-15,0.0060,01a0ba70-f0d8-71ac-b50a-41f450600f03,yes,yes,0,KXBTC15M-26SEP191215-15,072253b3-2f91-b5b0-41c8-78737e347a36,1789834359,0.9940
buy,bid,25.00,2026-09-19T16:12:39.044114Z,2,0.010400,072253b3-2f91-b49b-4d0b-9694cc85648d,True,KXBTC15M-26SEP191215-15,0.0060,01a0ba70-f0d8-71ac-b50a-41f450600f03,yes,yes,0,KXBTC15M-26SEP191215-15,072253b3-2f91-b49b-4d0b-9694cc85648d,1789834359,0.9940
buy,bid,17.00,2026-09-19T16:12:39.044114Z,2,0.007100,072253b3-2f91-b21d-6fcb-f9f477c841ab,True,KXBTC15M-26SEP191215-15,0.0060,01a0ba70-f0d8-71ac-b50a-41f450600f03,yes,yes,0,KXBTC15M-26SEP191215-15,072253b3-2f91-b21d-6fcb-f9f477c841ab,1789834359,0.9940
buy,bid,1.00,2026-09-19T16:12:39.044114Z,2,0.000400,072253b3-2f91-b0a2-5e74-0e81b138055a,True,KXBTC15M-26SEP191215-15,0.0060,01a0ba70-f0d8-71ac-b50a-41f450600f03,yes,yes,0,KXBTC15M-26SEP191215-15,072253b3-2f91-b0a2-5e74-0e81b138055a,1789834359,0.9940
buy,bid,176.28,2026-09-19T16:12:39.044114Z,2,0.061400,072253ac-b691-ba24-703f-9f718d279274,True,KXBTC15M-26SEP191215-15,0.0050,01a0ba70-f0d8-71ac-b50a-41f450600f03,yes,yes,0,KXBTC15M-26SEP191215-15,072253ac-b691-ba24-703f-9f718d279274,1789834359,0.9950
buy,bid,7.22,2026-09-19T16:12:39.044114Z,2,0.002500,072253ac-7f21-b363-695a-ff8142c61c0b,True,KXBTC15M-26SEP191215-15,0.0050,01a0ba70-f0d8-71ac-b50a-41f450600f03,yes,yes,0,KXBTC15M-26SEP191215-15,072253ac-7f21-b363-695a-ff8142c61c0b,1789834359,0.9950
buy,bid,50.00,2026-09-19T16:12:39.044114Z,2,0.017400,072253ac-7b39-bd42-474f-7c885a544f96,True,KXBTC15M-26SEP191215-15,0.0050,01a0ba70-f0d8-71ac-b50a-41f450600f03,yes,yes,0,KXBTC15M-26SEP191215-15,072253ac-7b39-bd42-474f-7c885a544f96,1789834359,0.9950
buy,bid,90.00,2026-09-19T16:12:39.044114Z,2,0.031300,072253ac-7b39-b6fb-5419-5aa638c76cce,True,KXBTC15M-26SEP191215-15,0.0050,01a0ba70-f0d8-71ac-b50a-41f450600f03,yes,yes,0,KXBTC15M-26SEP191215-15,072253ac-7b39-b6fb-5419-5aa638c76cce,1789834359,0.9950
buy,bid,100.00,2026-09-19T16:12:39.044114Z,2,0.034900,072253ac-7711-b12a-6533-0ee4ebf4e09e,True,KXBTC15M-26SEP191215-15,0.0050,01a0ba70-f0d8-71ac-b50a-41f450600f03,yes,yes,0,KXBTC15M-26SEP191215-15,072253ac-7711-b12a-6533-0ee4ebf4e09e,1789834359,0.9950
sell,bid,1758.66,2026-09-19T15:58:53.863376Z,2,0.123040,072253f2-f771-a11a-75fa-ae1c73a38563,True,KXBTC15M-26SEP191200-00,0.9990,01a0ba64-5648-764d-b5e6-f1730d8e2dd1,yes,yes,0,KXBTC15M-26SEP191200-00,072253f2-f771-a11a-75fa-ae1c73a38563,1789833533,0.0010
buy,ask,12.00,2026-09-19T15:55:18.714314Z,2,0.010700,072253e5-3f61-ab7d-0ac1-5ecd770ed9aa,True,KXBTC15M-26SEP191200-00,0.9870,01a0ba61-0e70-7695-a47d-0e7db2d407a1,no,no,0,KXBTC15M-26SEP191200-00,072253e5-3f61-ab7d-0ac1-5ecd770ed9aa,1789833318,0.0130
buy,ask,35.00,2026-09-19T15:55:18.714314Z,2,0.031500,072253e5-37b1-ad3a-19f0-56a932025fd9,True,KXBTC15M-26SEP191200-00,0.9870,01a0ba61-0e70-7695-a47d-0e7db2d407a1,no,no,0,KXBTC15M-26SEP191200-00,072253e5-37b1-ad3a-19f0-56a932025fd9,1789833318,0.0130
buy,ask,0.01,2026-09-19T15:55:18.714314Z,2,0.000050,072253e5-37b1-aad2-255a-863c661ac6ae,True,KXBTC15M-26SEP191200-00,0.9850,01a0ba61-0e70-7695-a47d-0e7db2d407a1,no,no,0,KXBTC15M-26SEP191200-00,072253e5-37b1-aad2-255a-863c661ac6ae,1789833318,0.0150
buy,ask,0.01,2026-09-19T15:55:18.714314Z,2,0.000050,072253e5-37b1-a6b5-0e82-6896bdf28442,True,KXBTC15M-26SEP191200-00,0.9850,01a0ba61-0e70-7695-a47d-0e7db2d407a1,no,no,0,KXBTC15M-26SEP191200-00,072253e5-37b1-a6b5-0e82-6896bdf28442,1789833318,0.0150
buy,ask,1.00,2026-09-19T15:55:18.714314Z,2,0.001000,072253e5-37b1-a5d9-2d09-dd67477378d2,True,KXBTC15M-26SEP191200-00,0.9850,01a0ba61-0e70-7695-a47d-0e7db2d407a1,no,no,0,KXBTC15M-26SEP191200-00,072253e5-37b1-a5d9-2d09-dd67477378d2,1789833318,0.0150
buy,ask,273.64,2026-09-19T15:55:18.714314Z,2,0.283100,072253e5-3349-a55f-3fc2-eecd0a7ae742,True,KXBTC15M-26SEP191200-00,0.9850,01a0ba61-0e70-7695-a47d-0e7db2d407a1,no,no,0,KXBTC15M-26SEP191200-00,072253e5-3349-a55f-3fc2-eecd0a7ae742,1789833318,0.0150
buy,ask,17.00,2026-09-19T15:55:18.714314Z,2,0.015300,072253e4-f631-addb-1d43-5ff3e3dc7158,True,KXBTC15M-26SEP191200-00,0.9870,01a0ba61-0e70-7695-a47d-0e7db2d407a1,no,no,0,KXBTC15M-26SEP191200-00,072253e4-f631-addb-1d43-5ff3e3dc7158,1789833318,0.0130
buy,ask,10.00,2026-09-19T15:55:18.714314Z,2,0.009600,072253e4-f5c9-afc8-0c57-1090a9bdc512,True,KXBTC15M-26SEP191200-00,0.9860,01a0ba61-0e70-7695-a47d-0e7db2d407a1,no,no,0,KXBTC15M-26SEP191200-00,072253e4-f5c9-afc8-0c57-1090a9bdc512,1789833318,0.0140
buy,ask,8.00,2026-09-19T15:55:18.714314Z,2,0.007100,072253e4-f1e1-a602-3216-de4a264204a7,True,KXBTC15M-26SEP191200-00,0.9870,01a0ba61-0e70-7695-a47d-0e7db2d407a1,no,no,0,KXBTC15M-26SEP191200-00,072253e4-f1e1-a602-3216-de4a264204a7,1789833318,0.0130
buy,ask,10.00,2026-09-19T15:55:18.714314Z,2,0.009000,072253e4-ee01-af3c-28d2-a1cf43ccea14,True,KXBTC15M-26SEP191200-00,0.9870,01a0ba61-0e70-7695-a47d-0e7db2d407a1,no,no,0,KXBTC15M-26SEP191200-00,072253e4-ee01-af3c-28d2-a1cf43ccea14,1789833318,0.0130
buy,ask,1.40,2026-09-19T15:55:18.714314Z,2,0.001300,072253e4-ea19-a33f-18f7-f2237acea725,True,KXBTC15M-26SEP191200-00,0.9870,01a0ba61-0e70-7695-a47d-0e7db2d407a1,no,no,0,KXBTC15M-26SEP191200-00,072253e4-ea19-a33f-18f7-f2237acea725,1789833318,0.0130
buy,ask,39.64,2026-09-19T15:55:18.714314Z,2,0.038260,072253e4-d6f1-aec6-23e7-9ededab02178,True,KXBTC15M-26SEP191200-00,0.9860,01a0ba61-0e70-7695-a47d-0e7db2d407a1,no,no,0,KXBTC15M-26SEP191200-00,072253e4-d6f1-aec6-23e7-9ededab02178,1789833318,0.0140
buy,ask,13.87,2026-09-19T15:55:18.714314Z,2,0.013380,072253e4-d6f1-ab98-147f-35881dfa4f5f,True,KXBTC15M-26SEP191200-00,0.9860,01a0ba61-0e70-7695-a47d-0e7db2d407a1,no,no,0,KXBTC15M-26SEP191200-00,072253e4-d6f1-ab98-147f-35881dfa4f5f,1789833318,0.0140
buy,ask,13.73,2026-09-19T15:55:18.714314Z,2,0.013320,072253e4-d6f1-a646-1653-07f3b743d713,True,KXBTC15M-26SEP191200-00,0.9860,01a0ba61-0e70-7695-a47d-0e7db2d407a1,no,no,0,KXBTC15M-26SEP191200-00,072253e4-d6f1-a646-1653-07f3b743d713,1789833318,0.0140
buy,ask,119.00,2026-09-19T15:55:18.714314Z,2,0.115000,072253e4-d289-a851-3bc4-c176d242dc3a,True,KXBTC15M-26SEP191200-00,0.9860,01a0ba61-0e70-7695-a47d-0e7db2d407a1,no,no,0,KXBTC15M-26SEP191200-00,072253e4-d289-a851-3bc4-c176d242dc3a,1789833318,0.0140
buy,ask,24.87,2026-09-19T15:55:18.714314Z,2,0.024080,072253e4-cad9-ac37-28f6-ebdad0a91378,True,KXBTC15M-26SEP191200-00,0.9860,01a0ba61-0e70-7695-a47d-0e7db2d407a1,no,no,0,KXBTC15M-26SEP191200-00,072253e4-cad9-ac37-28f6-ebdad0a91378,1789833318,0.0140
buy,ask,486.32,2026-09-19T15:55:18.714314Z,2,0.469880,072253d3-9d89-ab80-3cdb-af0dcf00c1e8,True,KXBTC15M-26SEP191200-00,0.9860,01a0ba61-0e70-7695-a47d-0e7db2d407a1,no,no,0,KXBTC15M-26SEP191200-00,072253d3-9d89-ab80-3cdb-af0dcf00c1e8,1789833318,0.0140
buy,ask,230.00,2026-09-19T15:55:18.714314Z,2,0.206600,072253d3-99a1-af03-3874-3103f0a984cc,True,KXBTC15M-26SEP191200-00,0.9870,01a0ba61-0e70-7695-a47d-0e7db2d407a1,no,no,0,KXBTC15M-26SEP191200-00,072253d3-99a1-af03-3874-3103f0a984cc,1789833318,0.0130
buy,ask,96.00,2026-09-19T15:55:18.714314Z,2,0.086200,072253d3-99a1-ae77-1188-cca890733d7c,True,KXBTC15M-26SEP191200-00,0.9870,01a0ba61-0e70-7695-a47d-0e7db2d407a1,no,no,0,KXBTC15M-26SEP191200-00,072253d3-99a1-ae77-1188-cca890733d7c,1789833318,0.0130
buy,ask,344.94,2026-09-19T15:55:18.714314Z,2,0.286280,072253d3-99a1-ac56-0db7-ed8e3e98633c,True,KXBTC15M-26SEP191200-00,0.9880,01a0ba61-0e70-7695-a47d-0e7db2d407a1,no,no,0,KXBTC15M-26SEP191200-00,072253d3-99a1-ac56-0db7-ed8e3e98633c,1789833318,0.0120
buy,ask,19.23,2026-09-19T15:55:18.714314Z,2,0.017290,072253d3-99a1-a116-06f2-d2e69b267511,True,KXBTC15M-26SEP191200-00,0.9870,01a0ba61-0e70-7695-a47d-0e7db2d407a1,no,no,0,KXBTC15M-26SEP191200-00,072253d3-99a1-a116-06f2-d2e69b267511,1789833318,0.0130
buy,ask,3.00,2026-09-19T15:55:18.714314Z,2,0.002700,072253d3-91f1-aa96-3754-366c557929aa,True,KXBTC15M-26SEP191200-00,0.9870,01a0ba61-0e70-7695-a47d-0e7db2d407a1,no,no,0,KXBTC15M-26SEP191200-00,072253d3-91f1-aa96-3754-366c557929aa,1789833318,0.0130
buy,bid,25.86,2026-09-19T15:41:44.90688Z,2,0.025040,0722531b-6fc1-8b15-a40e-6b6d3e478733,True,KXBTC15M-26SEP191145-45,0.0140,01a0ba54-a2c0-7db5-8ff4-a4d25fc610d5,yes,yes,0,KXBTC15M-26SEP191145-45,0722531b-6fc1-8b15-a40e-6b6d3e478733,1789832504,0.9860
buy,bid,1.00,2026-09-19T15:40:25.77798Z,2,0.003300,0722531e-d689-a957-77a5-78e180538816,True,KXBTC15M-26SEP191145-45,0.0490,01a0ba53-6e28-7439-b972-4c5775c4326a,yes,yes,0,KXBTC15M-26SEP191145-45,0722531e-d689-a957-77a5-78e180538816,1789832425,0.9510
buy,bid,10.00,2026-09-19T15:40:25.77798Z,2,0.031300,0722531e-d689-a8bc-575c-b7056528fe2e,True,KXBTC15M-26SEP191145-45,0.0470,01a0ba53-6e28-7439-b972-4c5775c4326a,yes,yes,0,KXBTC15M-26SEP191145-45,0722531e-d689-a8bc-575c-b7056528fe2e,1789832425,0.9530
buy,bid,1.00,2026-09-19T15:40:25.77798Z,2,0.003200,0722531e-d689-a84c-761e-d2239ec88bf2,True,KXBTC15M-26SEP191145-45,0.0480,01a0ba53-6e28-7439-b972-4c5775c4326a,yes,yes,0,KXBTC15M-26SEP191145-45,0722531e-d689-a84c-761e-d2239ec88bf2,1789832425,0.9520
buy,bid,0.01,2026-09-19T15:40:25.77798Z,2,0.000130,0722531e-d689-a600-53e2-834a4a6dbc40,True,KXBTC15M-26SEP191145-45,0.0530,01a0ba53-6e28-7439-b972-4c5775c4326a,yes,yes,0,KXBTC15M-26SEP191145-45,0722531e-d689-a600-53e2-834a4a6dbc40,1789832425,0.9470
buy,bid,1.00,2026-09-19T15:40:25.77798Z,2,0.003500,0722531e-d689-a337-52b3-f2ecd3dea5a4,True,KXBTC15M-26SEP191145-45,0.0530,01a0ba53-6e28-7439-b972-4c5775c4326a,yes,yes,0,KXBTC15M-26SEP191145-45,0722531e-d689-a337-52b3-f2ecd3dea5a4,1789832425,0.9470
buy,bid,1.00,2026-09-19T15:40:25.77798Z,2,0.003200,0722531e-d689-a1d8-446b-eb1d43ed90a5,True,KXBTC15M-26SEP191145-45,0.0470,01a0ba53-6e28-7439-b972-4c5775c4326a,yes,yes,0,KXBTC15M-26SEP191145-45,0722531e-d689-a1d8-446b-eb1d43ed90a5,1789832425,0.9530
buy,bid,0.01,2026-09-19T15:40:25.77798Z,2,0.000030,0722531e-d689-a098-5852-ac6a9e5c31a4,True,KXBTC15M-26SEP191145-45,0.0530,01a0ba53-6e28-7439-b972-4c5775c4326a,yes,yes,0,KXBTC15M-26SEP191145-45,0722531e-d689-a098-5852-ac6a9e5c31a4,1789832425,0.9470
buy,bid,198.98,2026-09-19T15:40:25.77798Z,2,0.661600,0722531e-d2e1-aeaf-6c33-97ca4209fa1d,True,KXBTC15M-26SEP191145-45,0.0500,01a0ba53-6e28-7439-b972-4c5775c4326a,yes,yes,0,KXBTC15M-26SEP191145-45,0722531e-d2e1-aeaf-6c33-97ca4209fa1d,1789832425,0.9500
buy,bid,10.00,2026-09-19T15:40:25.77798Z,2,0.033900,0722531e-d2e1-ad5a-734b-684030733d97,True,KXBTC15M-26SEP191145-45,0.0510,01a0ba53-6e28-7439-b972-4c5775c4326a,yes,yes,0,KXBTC15M-26SEP191145-45,0722531e-d2e1-ad5a-734b-684030733d97,1789832425,0.9490
buy,bid,10.00,2026-09-19T15:40:25.77798Z,2,0.031300,0722531e-d2e1-ac7f-5718-30952cfd413a,True,KXBTC15M-26SEP191145-45,0.0470,01a0ba53-6e28-7439-b972-4c5775c4326a,yes,yes,0,KXBTC15M-26SEP191145-45,0722531e-d2e1-ac7f-5718-30952cfd413a,1789832425,0.9530
buy,bid,50.00,2026-09-19T15:40:25.77798Z,2,0.166200,0722531e-d2e1-ab2f-5f22-1938eb274c6f,True,KXBTC15M-26SEP191145-45,0.0500,01a0ba53-6e28-7439-b972-4c5775c4326a,yes,yes,0,KXBTC15M-26SEP191145-45,0722531e-d2e1-ab2f-5f22-1938eb274c6f,1789832425,0.9500
buy,bid,462.20,2026-09-19T15:40:25.77798Z,2,1.419900,0722531e-d2e1-a92d-686b-6d0a40235753,True,KXBTC15M-26SEP191145-45,0.0460,01a0ba53-6e28-7439-b972-4c5775c4326a,yes,yes,0,KXBTC15M-26SEP191145-45,0722531e-d2e1-a92d-686b-6d0a40235753,1789832425,0.9540
buy,bid,997.95,2026-09-19T15:40:25.77798Z,2,3.255250,0722531e-d2e1-a777-6a48-2e2fcb5c1602,True,KXBTC15M-26SEP191145-45,0.0490,01a0ba53-6e28-7439-b972-4c5775c4326a,yes,yes,0,KXBTC15M-26SEP191145-45,0722531e-d2e1-a777-6a48-2e2fcb5c1602,1789832425,0.9510
buy,bid,1.00,2026-09-19T15:40:25.77798Z,2,0.003100,0722531e-d2e1-a12b-45f6-ed40e4cb1752,True,KXBTC15M-26SEP191145-45,0.0470,01a0ba53-6e28-7439-b972-4c5775c4326a,yes,yes,0,KXBTC15M-26SEP191145-45,0722531e-d2e1-a12b-45f6-ed40e4cb1752,1789832425,0.9530
buy,ask,3.00,2026-09-19T15:27:16.842598Z,2,0.006100,0722535f-bcb1-8b26-0ceb-efbabf8742c9,True,KXBTC15M-26SEP191130-30,0.9700,01a0ba47-6420-7cd1-aa56-83d1f633a7f3,no,no,0,KXBTC15M-26SEP191130-30,0722535f-bcb1-8b26-0ceb-efbabf8742c9,1789831636,0.0300
buy,ask,0.35,2026-09-19T15:27:16.842598Z,2,0.000700,0722535c-9ba1-8ed0-0e99-705245af95da,True,KXBTC15M-26SEP191130-30,0.9700,01a0ba47-6420-7cd1-aa56-83d1f633a7f3,no,no,0,KXBTC15M-26SEP191130-30,0722535c-9ba1-8ed0-0e99-705245af95da,1789831636,0.0300
buy,ask,600.00,2026-09-19T15:27:16.842598Z,2,1.261600,0722535a-f4a1-8f17-007b-d2a500abba85,True,KXBTC15M-26SEP191130-30,0.9690,01a0ba47-6420-7cd1-aa56-83d1f633a7f3,no,no,0,KXBTC15M-26SEP191130-30,0722535a-f4a1-8f17-007b-d2a500abba85,1789831636,0.0310
buy,ask,25.00,2026-09-19T15:27:16.842598Z,2,0.052500,0722535a-f4a1-8e37-1348-fe874ac33704,True,KXBTC15M-26SEP191130-30,0.9690,01a0ba47-6420-7cd1-aa56-83d1f633a7f3,no,no,0,KXBTC15M-26SEP191130-30,0722535a-f4a1-8e37-1348-fe874ac33704,1789831636,0.0310
buy,ask,182.63,2026-09-19T15:27:16.842598Z,2,0.384030,0722535a-f4a1-8b23-117e-bcf6b59f9ad6,True,KXBTC15M-26SEP191130-30,0.9690,01a0ba47-6420-7cd1-aa56-83d1f633a7f3,no,no,0,KXBTC15M-26SEP191130-30,0722535a-f4a1-8b23-117e-bcf6b59f9ad6,1789831636,0.0310
buy,ask,0.01,2026-09-19T15:27:16.842598Z,2,0.000010,0722535a-f4a1-88ad-2525-5b412fe7bde0,True,KXBTC15M-26SEP191130-30,0.9690,01a0ba47-6420-7cd1-aa56-83d1f633a7f3,no,no,0,KXBTC15M-26SEP191130-30,0722535a-f4a1-88ad-2525-5b412fe7bde0,1789831636,0.0310
buy,ask,12.98,2026-09-19T15:27:16.842598Z,2,0.027280,0722535a-f4a1-835a-2253-52e2985ead7e,True,KXBTC15M-26SEP191130-30,0.9690,01a0ba47-6420-7cd1-aa56-83d1f633a7f3,no,no,0,KXBTC15M-26SEP191130-30,0722535a-f4a1-835a-2253-52e2985ead7e,1789831636,0.0310
buy,ask,2.00,2026-09-19T15:27:16.842598Z,2,0.004300,0722535a-f4a1-823b-243f-e143a3e25898,True,KXBTC15M-26SEP191130-30,0.9690,01a0ba47-6420-7cd1-aa56-83d1f633a7f3,no,no,0,KXBTC15M-26SEP191130-30,0722535a-f4a1-823b-243f-e143a3e25898,1789831636,0.0310
buy,ask,0.01,2026-09-19T15:27:16.842598Z,2,0.000110,0722535a-f4a1-802a-1a20-ec056ea83eb7,True,KXBTC15M-26SEP191130-30,0.9690,01a0ba47-6420-7cd1-aa56-83d1f633a7f3,no,no,0,KXBTC15M-26SEP191130-30,0722535a-f4a1-802a-1a20-ec056ea83eb7,1789831636,0.0310
buy,ask,452.72,2026-09-19T15:27:16.842598Z,2,0.922200,07225359-fed1-85e3-1e4a-9b20caec8e44,True,KXBTC15M-26SEP191130-30,0.9700,01a0ba47-6420-7cd1-aa56-83d1f633a7f3,no,no,0,KXBTC15M-26SEP191130-30,07225359-fed1-85e3-1e4a-9b20caec8e44,1789831636,0.0300
buy,ask,6.66,2026-09-19T15:27:16.842598Z,2,0.013600,07225321-6f79-869c-2d56-1fb0f99c9d97,True,KXBTC15M-26SEP191130-30,0.9700,01a0ba47-6420-7cd1-aa56-83d1f633a7f3,no,no,0,KXBTC15M-26SEP191130-30,07225321-6f79-869c-2d56-1fb0f99c9d97,1789831636,0.0300
buy,ask,1.09,2026-09-19T15:27:16.842598Z,2,0.002200,07225321-5db1-86a2-0601-dbc3afebb626,True,KXBTC15M-26SEP191130-30,0.9700,01a0ba47-6420-7cd1-aa56-83d1f633a7f3,no,no,0,KXBTC15M-26SEP191130-30,07225321-5db1-86a2-0601-dbc3afebb626,1789831636,0.0300
buy,ask,200.00,2026-09-19T15:27:16.842598Z,2,0.407400,07225320-8fb9-87b1-1744-473de131e570,True,KXBTC15M-26SEP191130-30,0.9700,01a0ba47-6420-7cd1-aa56-83d1f633a7f3,no,no,0,KXBTC15M-26SEP191130-30,07225320-8fb9-87b1-1744-473de131e570,1789831636,0.0300
buy,ask,200.00,2026-09-19T15:27:16.842598Z,2,0.407400,07225320-8301-8d20-2f90-2f206ecbf55f,True,KXBTC15M-26SEP191130-30,0.9700,01a0ba47-6420-7cd1-aa56-83d1f633a7f3,no,no,0,KXBTC15M-26SEP191130-30,07225320-8301-8d20-2f90-2f206ecbf55f,1789831636,0.0300
buy,bid,0.01,2026-09-19T15:04:43.143846Z,2,0.000100,072252f8-40f1-8f0a-ee08-1b766be7ce28,True,KXBTC15M-26SEP191115-15,0.1400,01a0ba32-bef8-7f0a-9531-cf4a0942d3b6,yes,yes,0,KXBTC15M-26SEP191115-15,072252f8-40f1-8f0a-ee08-1b766be7ce28,1789830283,0.8600
buy,bid,1.00,2026-09-19T15:04:43.143846Z,2,0.008500,072252f8-40f1-8db5-e022-6186ccc1ae37,True,KXBTC15M-26SEP191115-15,0.1400,01a0ba32-bef8-7f0a-9531-cf4a0942d3b6,yes,yes,0,KXBTC15M-26SEP191115-15,072252f8-40f1-8db5-e022-6186ccc1ae37,1789830283,0.8600
buy,bid,0.10,2026-09-19T15:04:43.143846Z,2,0.000900,072252f8-40f1-8bfd-d893-d816a500dbf1,True,KXBTC15M-26SEP191115-15,0.1400,01a0ba32-bef8-7f0a-9531-cf4a0942d3b6,yes,yes,0,KXBTC15M-26SEP191115-15,072252f8-40f1-8bfd-d893-d816a500dbf1,1789830283,0.8600
buy,bid,218.19,2026-09-19T15:04:43.143846Z,2,1.839000,072252f8-40f1-8bcc-d77d-e9bb629a5c86,True,KXBTC15M-26SEP191115-15,0.1400,01a0ba32-bef8-7f0a-9531-cf4a0942d3b6,yes,yes,0,KXBTC15M-26SEP191115-15,072252f8-40f1-8bcc-d77d-e9bb629a5c86,1789830283,0.8600
buy,bid,100.00,2026-09-19T15:04:43.143846Z,2,0.842800,072252f8-40f1-896e-f473-d1c1a29e2c1d,True,KXBTC15M-26SEP191115-15,0.1400,01a0ba32-bef8-7f0a-9531-cf4a0942d3b6,yes,yes,0,KXBTC15M-26SEP191115-15,072252f8-40f1-896e-f473-d1c1a29e2c1d,1789830283,0.8600
buy,bid,1000.00,2026-09-19T15:04:43.143846Z,2,8.428000,072252f8-40f1-891d-c5c0-b107786b933d,True,KXBTC15M-26SEP191115-15,0.1400,01a0ba32-bef8-7f0a-9531-cf4a0942d3b6,yes,yes,0,KXBTC15M-26SEP191115-15,072252f8-40f1-891d-c5c0-b107786b933d,1789830283,0.8600
buy,bid,46.00,2026-09-19T15:04:43.143846Z,2,0.387600,072252f8-40f1-882a-cc52-4747a19e271a,True,KXBTC15M-26SEP191115-15,0.1400,01a0ba32-bef8-7f0a-9531-cf4a0942d3b6,yes,yes,0,KXBTC15M-26SEP191115-15,072252f8-40f1-882a-cc52-4747a19e271a,1789830283,0.8600
buy,bid,210.11,2026-09-19T15:04:43.143846Z,2,1.770800,072252f8-40f1-84bc-d315-ba958319ccbd,True,KXBTC15M-26SEP191115-15,0.1400,01a0ba32-bef8-7f0a-9531-cf4a0942d3b6,yes,yes,0,KXBTC15M-26SEP191115-15,072252f8-40f1-84bc-d315-ba958319ccbd,1789830283,0.8600
buy,bid,50.00,2026-09-19T15:04:43.143846Z,2,0.421400,072252f8-40f1-84b0-ff94-336cfeac4c7e,True,KXBTC15M-26SEP191115-15,0.1400,01a0ba32-bef8-7f0a-9531-cf4a0942d3b6,yes,yes,0,KXBTC15M-26SEP191115-15,072252f8-40f1-84b0-ff94-336cfeac4c7e,1789830283,0.8600
buy,bid,5.00,2026-09-19T15:04:43.143846Z,2,0.042100,072252f8-40f1-83cc-d354-f6be8b68beb2,True,KXBTC15M-26SEP191115-15,0.1400,01a0ba32-bef8-7f0a-9531-cf4a0942d3b6,yes,yes,0,KXBTC15M-26SEP191115-15,072252f8-40f1-83cc-d354-f6be8b68beb2,1789830283,0.8600
buy,bid,0.01,2026-09-19T15:04:43.143846Z,2,0.000000,072252f8-40f1-830c-f164-d460957a8335,True,KXBTC15M-26SEP191115-15,0.1400,01a0ba32-bef8-7f0a-9531-cf4a0942d3b6,yes,yes,0,KXBTC15M-26SEP191115-15,072252f8-40f1-830c-f164-d460957a8335,1789830283,0.8600
sell,ask,129.95,2026-09-19T14:46:33.521235Z,2,2.273200,072252aa-7929-baf2-6406-35242f38f5ef,True,KXBTC15M-26SEP191100-00,0.5100,01a0ba22-1d28-71c7-b740-f217c2f75dfa,no,no,0,KXBTC15M-26SEP191100-00,072252aa-7929-baf2-6406-35242f38f5ef,1789829193,0.4900
sell,ask,500.00,2026-09-19T14:46:33.521235Z,2,8.746500,072252aa-7929-b310-7827-d17be0e16166,True,KXBTC15M-26SEP191100-00,0.5100,01a0ba22-1d28-71c7-b740-f217c2f75dfa,no,no,0,KXBTC15M-26SEP191100-00,072252aa-7929-b310-7827-d17be0e16166,1789829193,0.4900
sell,ask,100.00,2026-09-19T14:46:33.521235Z,2,1.749300,072252aa-6de1-ba34-7c15-9775074e7937,True,KXBTC15M-26SEP191100-00,0.5100,01a0ba22-1d28-71c7-b740-f217c2f75dfa,no,no,0,KXBTC15M-26SEP191100-00,072252aa-6de1-ba34-7c15-9775074e7937,1789829193,0.4900
sell,ask,1000.00,2026-09-19T14:46:33.521235Z,2,17.493000,072252aa-6de1-b761-7af5-ca309ec3b061,True,KXBTC15M-26SEP191100-00,0.5100,01a0ba22-1d28-71c7-b740-f217c2f75dfa,no,no,0,KXBTC15M-26SEP191100-00,072252aa-6de1-b761-7af5-ca309ec3b061,1789829193,0.4900
sell,ask,651.41,2026-09-19T14:46:33.521235Z,2,11.395200,072252aa-6de1-b592-6ac2-e84ed7eb67d5,True,KXBTC15M-26SEP191100-00,0.5100,01a0ba22-1d28-71c7-b740-f217c2f75dfa,no,no,0,KXBTC15M-26SEP191100-00,072252aa-6de1-b592-6ac2-e84ed7eb67d5,1789829193,0.4900
sell,ask,281.17,2026-09-19T14:46:33.521235Z,2,4.918500,072252aa-6de1-b563-4483-37ff6c6d7f7b,True,KXBTC15M-26SEP191100-00,0.5100,01a0ba22-1d28-71c7-b740-f217c2f75dfa,no,no,0,KXBTC15M-26SEP191100-00,072252aa-6de1-b563-4483-37ff6c6d7f7b,1789829193,0.4900
sell,ask,25.00,2026-09-19T14:46:33.521235Z,2,0.437300,072252aa-65d1-b7bf-5f3e-59f855956e02,True,KXBTC15M-26SEP191100-00,0.5100,01a0ba22-1d28-71c7-b740-f217c2f75dfa,no,no,0,KXBTC15M-26SEP191100-00,072252aa-65d1-b7bf-5f3e-59f855956e02,1789829193,0.4900
buy,bid,2000.00,2026-09-19T14:46:11.496712Z,2,34.314000,072252a6-dbd9-a8b9-03c5-6b3539009b64,True,KXBTC15M-26SEP191100-00,0.4300,01a0ba21-c738-7750-aebe-631ea8830c93,yes,yes,0,KXBTC15M-26SEP191100-00,072252a6-dbd9-a8b9-03c5-6b3539009b64,1789829171,0.5700
buy,bid,561.80,2026-09-19T14:46:11.496712Z,2,9.638800,072252a6-dbd9-a447-1b61-05bcbab9ff6b,True,KXBTC15M-26SEP191100-00,0.4300,01a0ba21-c738-7750-aebe-631ea8830c93,yes,yes,0,KXBTC15M-26SEP191100-00,072252a6-dbd9-a447-1b61-05bcbab9ff6b,1789829171,0.5700
buy,bid,125.73,2026-09-19T14:46:11.496712Z,2,2.157200,072252a6-dbd9-a204-276b-c1a3da57fb44,True,KXBTC15M-26SEP191100-00,0.4300,01a0ba21-c738-7750-aebe-631ea8830c93,yes,yes,0,KXBTC15M-26SEP191100-00,072252a6-dbd9-a204-276b-c1a3da57fb44,1789829171,0.5700
buy,ask,1733.37,2026-09-19T14:44:25.994979Z,2,23.915400,072252a0-8d89-a566-1eed-d76a33a64e53,True,KXBTC15M-26SEP191045-45,0.7300,01a0ba20-2928-75dc-ac3b-df65722d1924,no,no,0,KXBTC15M-26SEP191045-45,072252a0-8d89-a566-1eed-d76a33a64e53,1789829065,0.2700
sell,bid,2442.03,2026-09-19T14:43:21.96139Z,2,0.000000,07225263-9389-ac76-9a88-317a0aaa6b8c,False,KXBTC15M-26SEP191045-45,0.3300,01a0ba1f-2f28-7da8-a2ec-c9dd87e581fc,yes,yes,0,KXBTC15M-26SEP191045-45,07225263-9389-ac76-9a88-317a0aaa6b8c,1789829001,0.6700
sell,bid,1366.84,2026-09-19T14:43:21.96052Z,2,0.000000,07225263-9389-aa2a-eab2-a44a3c63db44,False,KXBTC15M-26SEP191045-45,0.3300,01a0ba1f-2f28-7da8-a2ec-c9dd87e581fc,yes,yes,0,KXBTC15M-26SEP191045-45,07225263-9389-aa2a-eab2-a44a3c63db44,1789829001,0.6700
buy,ask,500.00,2026-09-19T14:39:25.913042Z,2,2.952300,07225275-d4e1-bef0-6712-401a99b3d2e8,True,KXBTC15M-26SEP191045-45,0.9070,01a0ba1b-9548-73e8-b3d0-c91d8951c8ac,no,no,0,KXBTC15M-26SEP191045-45,07225275-d4e1-bef0-6712-401a99b3d2e8,1789828765,0.0930
buy,ask,500.00,2026-09-19T14:39:25.913042Z,2,2.952300,07225275-d4e1-b12b-487b-74d9857a6e10,True,KXBTC15M-26SEP191045-45,0.9070,01a0ba1b-9548-73e8-b3d0-c91d8951c8ac,no,no,0,KXBTC15M-26SEP191045-45,07225275-d4e1-b12b-487b-74d9857a6e10,1789828765,0.0930
buy,ask,2000.00,2026-09-19T14:39:25.913042Z,2,11.466000,07225275-c069-bec7-641b-6831e7559669,True,KXBTC15M-26SEP191045-45,0.9100,01a0ba1b-9548-73e8-b3d0-c91d8951c8ac,no,no,0,KXBTC15M-26SEP191045-45,07225275-c069-bec7-641b-6831e7559669,1789828765,0.0900
buy,ask,47.85,2026-09-19T14:39:25.913042Z,2,0.274300,07225275-c069-bc3a-49c6-f29d600f227c,True,KXBTC15M-26SEP191045-45,0.9100,01a0ba1b-9548-73e8-b3d0-c91d8951c8ac,no,no,0,KXBTC15M-26SEP191045-45,07225275-c069-bc3a-49c6-f29d600f227c,1789828765,0.0900
buy,ask,12.00,2026-09-19T14:39:25.913042Z,2,0.070200,07225275-c069-ba5d-4d24-83885a7d7e21,True,KXBTC15M-26SEP191045-45,0.9080,01a0ba1b-9548-73e8-b3d0-c91d8951c8ac,no,no,0,KXBTC15M-26SEP191045-45,07225275-c069-ba5d-4d24-83885a7d7e21,1789828765,0.0920
buy,ask,8.00,2026-09-19T14:39:25.913042Z,2,0.046800,07225275-c069-ba50-6759-33f452275acb,True,KXBTC15M-26SEP191045-45,0.9080,01a0ba1b-9548-73e8-b3d0-c91d8951c8ac,no,no,0,KXBTC15M-26SEP191045-45,07225275-c069-ba50-6759-33f452275acb,1789828765,0.0920
buy,ask,0.01,2026-09-19T14:39:25.913042Z,2,0.000030,07225275-c069-b890-5818-92ff45578a97,True,KXBTC15M-26SEP191045-45,0.9070,01a0ba1b-9548-73e8-b3d0-c91d8951c8ac,no,no,0,KXBTC15M-26SEP191045-45,07225275-c069-b890-5818-92ff45578a97,1789828765,0.0930
buy,ask,34.00,2026-09-19T14:39:25.913042Z,2,0.200800,07225275-c069-b823-5e3a-e5adb717fd23,True,KXBTC15M-26SEP191045-45,0.9070,01a0ba1b-9548-73e8-b3d0-c91d8951c8ac,no,no,0,KXBTC15M-26SEP191045-45,07225275-c069-b823-5e3a-e5adb717fd23,1789828765,0.0930
buy,ask,8.00,2026-09-19T14:39:25.913042Z,2,0.046300,07225275-c069-b810-5421-429b77facbcd,True,KXBTC15M-26SEP191045-45,0.9090,01a0ba1b-9548-73e8-b3d0-c91d8951c8ac,no,no,0,KXBTC15M-26SEP191045-45,07225275-c069-b810-5421-429b77facbcd,1789828765,0.0910
buy,ask,33.00,2026-09-19T14:39:25.913042Z,2,0.192900,07225275-c069-b737-7234-6dc248e43afe,True,KXBTC15M-26SEP191045-45,0.9080,01a0ba1b-9548-73e8-b3d0-c91d8951c8ac,no,no,0,KXBTC15M-26SEP191045-45,07225275-c069-b737-7234-6dc248e43afe,1789828765,0.0920
buy,ask,12.00,2026-09-19T14:39:25.913042Z,2,0.070900,07225275-c069-b6ce-46cc-ab15d0e4f455,True,KXBTC15M-26SEP191045-45,0.9070,01a0ba1b-9548-73e8-b3d0-c91d8951c8ac,no,no,0,KXBTC15M-26SEP191045-45,07225275-c069-b6ce-46cc-ab15d0e4f455,1789828765,0.0930
buy,ask,12.00,2026-09-19T14:39:25.913042Z,2,0.069500,07225275-c069-b659-4daa-1e1e6acc0b52,True,KXBTC15M-26SEP191045-45,0.9090,01a0ba1b-9548-73e8-b3d0-c91d8951c8ac,no,no,0,KXBTC15M-26SEP191045-45,07225275-c069-b659-4daa-1e1e6acc0b52,1789828765,0.0910
buy,ask,8.00,2026-09-19T14:39:25.913042Z,2,0.047200,07225275-c069-b536-51fe-3c0d0d15a355,True,KXBTC15M-26SEP191045-45,0.9070,01a0ba1b-9548-73e8-b3d0-c91d8951c8ac,no,no,0,KXBTC15M-26SEP191045-45,07225275-c069-b536-51fe-3c0d0d15a355,1789828765,0.0930
buy,ask,0.01,2026-09-19T14:39:25.913042Z,2,0.000130,07225275-c069-b3b8-40c3-c06b73d08cc7,True,KXBTC15M-26SEP191045-45,0.9070,01a0ba1b-9548-73e8-b3d0-c91d8951c8ac,no,no,0,KXBTC15M-26SEP191045-45,07225275-c069-b3b8-40c3-c06b73d08cc7,1789828765,0.0930
buy,ask,600.00,2026-09-19T14:39:25.913042Z,2,3.542700,07225275-c069-b15e-7608-6687df5417d7,True,KXBTC15M-26SEP191045-45,0.9070,01a0ba1b-9548-73e8-b3d0-c91d8951c8ac,no,no,0,KXBTC15M-26SEP191045-45,07225275-c069-b15e-7608-6687df5417d7,1789828765,0.0930
buy,ask,34.00,2026-09-19T14:39:25.913042Z,2,0.198800,07225275-c069-b0eb-4d19-5ea3dc92bf2e,True,KXBTC15M-26SEP191045-45,0.9080,01a0ba1b-9548-73e8-b3d0-c91d8951c8ac,no,no,0,KXBTC15M-26SEP191045-45,07225275-c069-b0eb-4d19-5ea3dc92bf2e,1789828765,0.0920
sell,ask,141.84,2026-09-19T14:38:55.943967Z,2,1.123000,07225277-9c51-bf99-4263-7a0dad8f9214,True,KXBTC15M-26SEP191045-45,0.8700,01a0ba1b-2018-7339-b490-ddc1862ce7b3,no,no,0,KXBTC15M-26SEP191045-45,07225277-9c51-bf99-4263-7a0dad8f9214,1789828735,0.1300
buy,bid,141.84,2026-09-19T14:32:38.193251Z,2,2.123800,07225240-2a61-87a0-9ff0-d30f6001480d,True,KXBTC15M-26SEP191045-45,0.3100,01a0ba15-5f70-7f09-854f-54196e113e12,yes,yes,0,KXBTC15M-26SEP191045-45,07225240-2a61-87a0-9ff0-d30f6001480d,1789828358,0.6900
sell,ask,1654.15,2026-09-19T14:28:28.427329Z,2,0.115750,07225257-3da9-8a5b-6b66-f47eca8016a9,True,KXBTC15M-26SEP191030-30,0.0010,01a0ba11-8ee0-7d75-b0f6-859e29da3242,no,no,0,KXBTC15M-26SEP191030-30,07225257-3da9-8a5b-6b66-f47eca8016a9,1789828108,0.9990
sell,ask,102.87,2026-09-19T14:28:28.427329Z,2,0.007230,07225257-3679-8112-7058-3b55f825c658,True,KXBTC15M-26SEP191030-30,0.0010,01a0ba11-8ee0-7d75-b0f6-859e29da3242,no,no,0,KXBTC15M-26SEP191030-30,07225257-3679-8112-7058-3b55f825c658,1789828108,0.9990
sell,ask,1.00,2026-09-19T14:28:28.427329Z,2,0.000000,07225257-3191-8e42-4c92-f04ff7a27163,True,KXBTC15M-26SEP191030-30,0.0010,01a0ba11-8ee0-7d75-b0f6-859e29da3242,no,no,0,KXBTC15M-26SEP191030-30,07225257-3191-8e42-4c92-f04ff7a27163,1789828108,0.9990
sell,ask,1.00,2026-09-19T14:28:28.427329Z,2,0.000000,07225257-3191-850b-777d-64bb1db1e147,True,KXBTC15M-26SEP191030-30,0.0010,01a0ba11-8ee0-7d75-b0f6-859e29da3242,no,no,0,KXBTC15M-26SEP191030-30,07225257-3191-850b-777d-64bb1db1e147,1789828108,0.9990
sell,ask,46.00,2026-09-19T14:28:28.427329Z,2,0.003300,07225256-e499-8f5d-672a-57908e7ff4f2,True,KXBTC15M-26SEP191030-30,0.0010,01a0ba11-8ee0-7d75-b0f6-859e29da3242,no,no,0,KXBTC15M-26SEP191030-30,07225256-e499-8f5d-672a-57908e7ff4f2,1789828108,0.9990
sell,ask,1800.00,2026-09-19T14:28:18.309302Z,2,0.125900,07225254-9969-8b85-b767-cb80f0dfbb00,True,KXBTC15M-26SEP191030-30,0.0010,01a0ba11-67d0-7e61-8040-542ae38cbaaf,no,no,0,KXBTC15M-26SEP191030-30,07225254-9969-8b85-b767-cb80f0dfbb00,1789828098,0.9990
buy,bid,856.70,2026-09-19T14:21:10.764117Z,2,3.696800,0722522e-4149-bb05-b842-3d3e010fcb56,True,KXBTC15M-26SEP191030-30,0.0660,01a0ba0a-dff0-73db-850a-ea0fb58a71b1,yes,yes,0,KXBTC15M-26SEP191030-30,0722522e-4149-bb05-b842-3d3e010fcb56,1789827670,0.9340
buy,bid,8.00,2026-09-19T14:21:10.764117Z,2,0.034500,07225221-abf9-bf0a-97d8-e118aaa5c7aa,True,KXBTC15M-26SEP191030-30,0.0660,01a0ba0a-dff0-73db-850a-ea0fb58a71b1,yes,yes,0,KXBTC15M-26SEP191030-30,07225221-abf9-bf0a-97d8-e118aaa5c7aa,1789827670,0.9340
buy,bid,12.00,2026-09-19T14:21:10.764117Z,2,0.051800,07225221-a7e1-b264-9ba6-2ba3a7bbb828,True,KXBTC15M-26SEP191030-30,0.0660,01a0ba0a-dff0-73db-850a-ea0fb58a71b1,yes,yes,0,KXBTC15M-26SEP191030-30,07225221-a7e1-b264-9ba6-2ba3a7bbb828,1789827670,0.9340
buy,bid,69.00,2026-09-19T14:21:10.764117Z,2,0.297700,07225221-a3c9-bfc8-96dd-30eca39c4a4a,True,KXBTC15M-26SEP191030-30,0.0660,01a0ba0a-dff0-73db-850a-ea0fb58a71b1,yes,yes,0,KXBTC15M-26SEP191030-30,07225221-a3c9-bfc8-96dd-30eca39c4a4a,1789827670,0.9340
buy,bid,475.89,2026-09-19T14:21:10.764117Z,2,2.053440,07225221-a3c9-ba5b-bcce-ead410967bc3,True,KXBTC15M-26SEP191030-30,0.0660,01a0ba0a-dff0-73db-850a-ea0fb58a71b1,yes,yes,0,KXBTC15M-26SEP191030-30,07225221-a3c9-ba5b-bcce-ead410967bc3,1789827670,0.9340
buy,bid,600.00,2026-09-19T14:21:10.764117Z,2,2.589100,07225221-a3c9-b044-b5cc-979543a36836,True,KXBTC15M-26SEP191030-30,0.0660,01a0ba0a-dff0-73db-850a-ea0fb58a71b1,yes,yes,0,KXBTC15M-26SEP191030-30,07225221-a3c9-b044-b5cc-979543a36836,1789827670,0.9340
buy,bid,390.00,2026-09-19T14:21:10.764117Z,2,1.682900,07225221-a031-b948-9ab3-838efc9f3940,True,KXBTC15M-26SEP191030-30,0.0660,01a0ba0a-dff0-73db-850a-ea0fb58a71b1,yes,yes,0,KXBTC15M-26SEP191030-30,07225221-a031-b948-9ab3-838efc9f3940,1789827670,0.9340
buy,bid,10.00,2026-09-19T14:18:38.680773Z,2,0.094100,0722522a-bea1-a951-112d-a58c6e3b526a,True,KXBTC15M-26SEP191030-30,0.1600,01a0ba08-8e30-7732-aa1a-b72c7d397e1b,yes,yes,0,KXBTC15M-26SEP191030-30,0722522a-bea1-a951-112d-a58c6e3b526a,1789827518,0.8400
buy,bid,381.70,2026-09-19T14:18:38.680773Z,2,3.591000,0722522a-b289-aa0b-32cb-976160b00734,True,KXBTC15M-26SEP191030-30,0.1600,01a0ba08-8e30-7732-aa1a-b72c7d397e1b,yes,yes,0,KXBTC15M-26SEP191030-30,0722522a-b289-aa0b-32cb-976160b00734,1789827518,0.8400
buy,bid,50.00,2026-09-19T14:18:38.680773Z,2,0.470400,0722522a-b289-a2ca-0dec-8f3845542760,True,KXBTC15M-26SEP191030-30,0.1600,01a0ba08-8e30-7732-aa1a-b72c7d397e1b,yes,yes,0,KXBTC15M-26SEP191030-30,0722522a-b289-a2ca-0dec-8f3845542760,1789827518,0.8400
buy,bid,725.59,2026-09-19T14:18:38.680773Z,2,6.826400,0722522a-b289-a224-02e6-c4468339ca1c,True,KXBTC15M-26SEP191030-30,0.1600,01a0ba08-8e30-7732-aa1a-b72c7d397e1b,yes,yes,0,KXBTC15M-26SEP191030-30,0722522a-b289-a224-02e6-c4468339ca1c,1789827518,0.8400
buy,bid,10.00,2026-09-19T14:18:38.680773Z,2,0.094100,0722522a-4651-a7ef-2e80-f3086bb2ff5b,True,KXBTC15M-26SEP191030-30,0.1600,01a0ba08-8e30-7732-aa1a-b72c7d397e1b,yes,yes,0,KXBTC15M-26SEP191030-30,0722522a-4651-a7ef-2e80-f3086bb2ff5b,1789827518,0.8400
buy,bid,16.14,2026-09-19T14:15:39.765243Z,2,0.271200,07225212-7141-9694-d1e9-7c3181f70fa0,True,KXBTC15M-26SEP191030-30,0.4000,01a0ba05-d2f8-7a20-9377-90bcb1756e9a,yes,yes,0,KXBTC15M-26SEP191030-30,07225212-7141-9694-d1e9-7c3181f70fa0,1789827339,0.6000
buy,bid,164.83,2026-09-19T14:08:50.269271Z,1,0.192890,07225e01-c011-b886-da82-6d87232ea537,True,KXMVECROSSCATEGORY-S2026E33F3944B89-EE060429BF8,0.9830,01a0b9ff-9550-707f-9539-bf807094870e,yes,yes,0,KXMVECROSSCATEGORY-S2026E33F3944B89-EE060429BF8,07225e01-c011-b886-da82-6d87232ea537,1789826930,0.0170
buy,bid,48.46,2026-09-19T14:08:05.289077Z,1,0.185420,07225e05-73a9-b5ba-9e8e-c9853c917994,True,KXMVECROSSCATEGORY-S20268243814B1EE-05BC5ADE2A7,0.9420,01a0b9fe-e588-7126-89c1-88a9f990bfb8,yes,yes,0,KXMVECROSSCATEGORY-S20268243814B1EE-05BC5ADE2A7,07225e05-73a9-b5ba-9e8e-c9853c917994,1789826885,0.0580
buy,ask,30.12,2026-09-19T07:39:04.152504Z,2,0.283400,07225af0-ab19-9fd0-ce74-67e81c742b6d,True,KXBTC15M-26SEP190345-45,0.8400,01a0b89a-bdc0-7a61-9fbc-51e7b967d8a4,no,no,0,KXBTC15M-26SEP190345-45,07225af0-ab19-9fd0-ce74-67e81c742b6d,1789803544,0.1600
buy,ask,58.00,2026-09-19T07:39:04.152504Z,2,0.517600,07225af0-5921-9e66-d350-ef62b7427e91,True,KXBTC15M-26SEP190345-45,0.8500,01a0b89a-bdc0-7a61-9fbc-51e7b967d8a4,no,no,0,KXBTC15M-26SEP190345-45,07225af0-5921-9e66-d350-ef62b7427e91,1789803544,0.1500
buy,ask,5.00,2026-09-19T07:39:04.152504Z,2,0.044700,07225af0-5921-9d74-eccf-4035a3c9426f,True,KXBTC15M-26SEP190345-45,0.8500,01a0b89a-bdc0-7a61-9fbc-51e7b967d8a4,no,no,0,KXBTC15M-26SEP190345-45,07225af0-5921-9d74-eccf-4035a3c9426f,1789803544,0.1500
buy,ask,350.00,2026-09-19T07:39:04.152504Z,2,3.123800,07225af0-5921-9d49-e787-befd92771aa4,True,KXBTC15M-26SEP190345-45,0.8500,01a0b89a-bdc0-7a61-9fbc-51e7b967d8a4,no,no,0,KXBTC15M-26SEP190345-45,07225af0-5921-9d49-e787-befd92771aa4,1789803544,0.1500
buy,ask,10.00,2026-09-19T07:39:04.152504Z,2,0.089200,07225af0-5921-9b73-c761-784d27b52655,True,KXBTC15M-26SEP190345-45,0.8500,01a0b89a-bdc0-7a61-9fbc-51e7b967d8a4,no,no,0,KXBTC15M-26SEP190345-45,07225af0-5921-9b73-c761-784d27b52655,1789803544,0.1500
buy,ask,125.54,2026-09-19T07:39:04.152504Z,2,1.058000,07225af0-5921-9698-d915-a3aef44ee6ee,True,KXBTC15M-26SEP190345-45,0.8600,01a0b89a-bdc0-7a61-9fbc-51e7b967d8a4,no,no,0,KXBTC15M-26SEP190345-45,07225af0-5921-9698-d915-a3aef44ee6ee,1789803544,0.1400
buy,ask,100.00,2026-09-19T07:39:04.152504Z,2,0.892500,07225af0-5921-953b-ea4a-f5d61a383867,True,KXBTC15M-26SEP190345-45,0.8500,01a0b89a-bdc0-7a61-9fbc-51e7b967d8a4,no,no,0,KXBTC15M-26SEP190345-45,07225af0-5921-953b-ea4a-f5d61a383867,1789803544,0.1500
buy,ask,33.53,2026-09-19T07:39:04.152504Z,2,0.315500,07225af0-5921-93ba-e672-8e9ad00486ae,True,KXBTC15M-26SEP190345-45,0.8400,01a0b89a-bdc0-7a61-9fbc-51e7b967d8a4,no,no,0,KXBTC15M-26SEP190345-45,07225af0-5921-93ba-e672-8e9ad00486ae,1789803544,0.1600
buy,ask,49.00,2026-09-19T07:39:04.152504Z,2,0.437300,07225af0-5921-9047-dbee-ef0cb18c4682,True,KXBTC15M-26SEP190345-45,0.8500,01a0b89a-bdc0-7a61-9fbc-51e7b967d8a4,no,no,0,KXBTC15M-26SEP190345-45,07225af0-5921-9047-dbee-ef0cb18c4682,1789803544,0.1500
buy,ask,10.00,2026-09-19T07:39:04.152504Z,2,0.089300,07225af0-5569-9807-f8b2-53985b17e36d,True,KXBTC15M-26SEP190345-45,0.8500,01a0b89a-bdc0-7a61-9fbc-51e7b967d8a4,no,no,0,KXBTC15M-26SEP190345-45,07225af0-5569-9807-f8b2-53985b17e36d,1789803544,0.1500
buy,ask,40.00,2026-09-19T07:39:04.152504Z,2,0.357000,07225af0-4ed9-9ed6-c3fc-7217d400f09b,True,KXBTC15M-26SEP190345-45,0.8500,01a0b89a-bdc0-7a61-9fbc-51e7b967d8a4,no,no,0,KXBTC15M-26SEP190345-45,07225af0-4ed9-9ed6-c3fc-7217d400f09b,1789803544,0.1500
buy,ask,0.01,2026-09-19T07:39:04.152504Z,2,0.000100,07225af0-4ed9-9c95-d63d-65a4482faea2,True,KXBTC15M-26SEP190345-45,0.8400,01a0b89a-bdc0-7a61-9fbc-51e7b967d8a4,no,no,0,KXBTC15M-26SEP190345-45,07225af0-4ed9-9c95-d63d-65a4482faea2,1789803544,0.1600
buy,ask,0.01,2026-09-19T07:39:04.152504Z,2,0.000100,07225af0-4ed9-9bdc-e17e-e8f29c42d646,True,KXBTC15M-26SEP190345-45,0.8400,01a0b89a-bdc0-7a61-9fbc-51e7b967d8a4,no,no,0,KXBTC15M-26SEP190345-45,07225af0-4ed9-9bdc-e17e-e8f29c42d646,1789803544,0.1600
buy,ask,1.00,2026-09-19T07:39:04.152504Z,2,0.008900,07225af0-4ed9-9bb1-c8fe-d78cc7cfafb7,True,KXBTC15M-26SEP190345-45,0.8500,01a0b89a-bdc0-7a61-9fbc-51e7b967d8a4,no,no,0,KXBTC15M-26SEP190345-45,07225af0-4ed9-9bb1-c8fe-d78cc7cfafb7,1789803544,0.1500
buy,ask,44.00,2026-09-19T07:39:04.152504Z,2,0.414000,07225af0-4ed9-9404-c49c-53e7bae40e25,True,KXBTC15M-26SEP190345-45,0.8400,01a0b89a-bdc0-7a61-9fbc-51e7b967d8a4,no,no,0,KXBTC15M-26SEP190345-45,07225af0-4ed9-9404-c49c-53e7bae40e25,1789803544,0.1600
buy,ask,46.17,2026-09-19T07:39:04.152504Z,2,0.434300,07225af0-4ed9-927c-d6d6-718103d287f6,True,KXBTC15M-26SEP190345-45,0.8400,01a0b89a-bdc0-7a61-9fbc-51e7b967d8a4,no,no,0,KXBTC15M-26SEP190345-45,07225af0-4ed9-927c-d6d6-718103d287f6,1789803544,0.1600
buy,ask,311.00,2026-09-19T07:39:04.152504Z,2,2.775700,07225af0-4ed9-9226-eb04-fa97c07cdd37,True,KXBTC15M-26SEP190345-45,0.8500,01a0b89a-bdc0-7a61-9fbc-51e7b967d8a4,no,no,0,KXBTC15M-26SEP190345-45,07225af0-4ed9-9226-eb04-fa97c07cdd37,1789803544,0.1500
buy,ask,500.00,2026-09-19T07:39:04.152504Z,2,4.462500,07225af0-4ed9-90ec-f782-30c05d7e2024,True,KXBTC15M-26SEP190345-45,0.8500,01a0b89a-bdc0-7a61-9fbc-51e7b967d8a4,no,no,0,KXBTC15M-26SEP190345-45,07225af0-4ed9-90ec-f782-30c05d7e2024,1789803544,0.1500
buy,ask,1.00,2026-09-19T07:39:04.152504Z,2,0.008900,07225af0-4ac1-9b07-e4ed-94f5a4822c0d,True,KXBTC15M-26SEP190345-45,0.8500,01a0b89a-bdc0-7a61-9fbc-51e7b967d8a4,no,no,0,KXBTC15M-26SEP190345-45,07225af0-4ac1-9b07-e4ed-94f5a4822c0d,1789803544,0.1500
buy,ask,17.36,2026-09-19T07:39:04.152504Z,2,0.163300,07225af0-4ac1-966f-f331-b68ea1a70677,True,KXBTC15M-26SEP190345-45,0.8400,01a0b89a-bdc0-7a61-9fbc-51e7b967d8a4,no,no,0,KXBTC15M-26SEP190345-45,07225af0-4ac1-966f-f331-b68ea1a70677,1789803544,0.1600
buy,ask,500.00,2026-09-19T07:39:04.152504Z,2,4.462500,07225af0-4ac1-9331-cba1-fea361585352,True,KXBTC15M-26SEP190345-45,0.8500,01a0b89a-bdc0-7a61-9fbc-51e7b967d8a4,no,no,0,KXBTC15M-26SEP190345-45,07225af0-4ac1-9331-cba1-fea361585352,1789803544,0.1500
buy,ask,1000.00,2026-09-19T07:39:04.152504Z,2,8.925000,07225af0-42f1-9c80-f41c-a847de17343c,True,KXBTC15M-26SEP190345-45,0.8500,01a0b89a-bdc0-7a61-9fbc-51e7b967d8a4,no,no,0,KXBTC15M-26SEP190345-45,07225af0-42f1-9c80-f41c-a847de17343c,1789803544,0.1500
buy,ask,4.00,2026-09-19T07:39:04.152504Z,2,0.035700,07225af0-42f1-97b1-dceb-79305cc17a46,True,KXBTC15M-26SEP190345-45,0.8500,01a0b89a-bdc0-7a61-9fbc-51e7b967d8a4,no,no,0,KXBTC15M-26SEP190345-45,07225af0-42f1-97b1-dceb-79305cc17a46,1789803544,0.1500
sell,ask,0.98,2026-09-19T07:37:53.818987Z,2,0.013500,07225aff-2cb1-867a-1a46-e9c11cca2189,True,KXBTC15M-26SEP190345-45,0.7300,01a0b899-a868-7f46-a6cd-f96fbd164a7e,no,no,0,KXBTC15M-26SEP190345-45,07225aff-2cb1-867a-1a46-e9c11cca2189,1789803473,0.2700
sell,ask,19.00,2026-09-19T07:37:53.818987Z,2,0.268200,07225aff-0521-8dc8-03a8-340ffde20967,True,KXBTC15M-26SEP190345-45,0.7200,01a0b899-a868-7f46-a6cd-f96fbd164a7e,no,no,0,KXBTC15M-26SEP190345-45,07225aff-0521-8dc8-03a8-340ffde20967,1789803473,0.2800
sell,ask,0.01,2026-09-19T07:37:53.818987Z,2,0.000200,07225aff-0521-8506-1fcf-8c558642d623,True,KXBTC15M-26SEP190345-45,0.7200,01a0b899-a868-7f46-a6cd-f96fbd164a7e,no,no,0,KXBTC15M-26SEP190345-45,07225aff-0521-8506-1fcf-8c558642d623,1789803473,0.2800
sell,ask,0.01,2026-09-19T07:37:53.818987Z,2,0.000100,07225aff-0521-8370-2747-092b97f4d6d8,True,KXBTC15M-26SEP190345-45,0.7200,01a0b899-a868-7f46-a6cd-f96fbd164a7e,no,no,0,KXBTC15M-26SEP190345-45,07225aff-0521-8370-2747-092b97f4d6d8,1789803473,0.2800
buy,bid,20.00,2026-09-19T07:30:59.264585Z,2,0.349500,07225ade-0fb1-89e4-a636-f1aae9ae15d2,True,KXBTC15M-26SEP190345-45,0.4800,01a0b893-5738-7c02-89e4-248868d4734c,yes,yes,0,KXBTC15M-26SEP190345-45,07225ade-0fb1-89e4-a636-f1aae9ae15d2,1789803059,0.5200
buy,ask,127.00,2026-09-19T07:28:58.782445Z,2,0.053100,07225ad4-80e9-83a8-d40c-a7d0c772b624,True,KXBTC15M-26SEP190330-30,0.9940,01a0b891-7e90-7d84-9b69-f6c519e3a338,no,no,0,KXBTC15M-26SEP190330-30,07225ad4-80e9-83a8-d40c-a7d0c772b624,1789802938,0.0060
buy,ask,619.00,2026-09-19T07:27:16.836552Z,2,3.830200,07225ab0-30a1-bd02-935e-d49825ac9d8d,True,KXBTC15M-26SEP190330-30,0.9020,01a0b88f-f020-7108-8d60-ab4fc04f882c,no,no,0,KXBTC15M-26SEP190330-30,07225ab0-30a1-bd02-935e-d49825ac9d8d,1789802836,0.0980
buy,ask,2000.00,2026-09-19T07:27:16.836552Z,2,12.600000,07225ab0-30a1-b46c-97f0-323a0aeb669f,True,KXBTC15M-26SEP190330-30,0.9000,01a0b88f-f020-7108-8d60-ab4fc04f882c,no,no,0,KXBTC15M-26SEP190330-30,07225ab0-30a1-b46c-97f0-323a0aeb669f,1789802836,0.1000
buy,ask,40.00,2026-09-19T07:27:16.836552Z,2,0.274200,07225ab0-2001-b9d6-92c6-75eb03c9477d,True,KXBTC15M-26SEP190330-30,0.8900,01a0b88f-f020-7108-8d60-ab4fc04f882c,no,no,0,KXBTC15M-26SEP190330-30,07225ab0-2001-b9d6-92c6-75eb03c9477d,1789802836,0.1100
buy,ask,1.00,2026-09-19T07:27:16.836552Z,2,0.006300,07225ab0-2001-b7a1-99a1-c193f46b7b53,True,KXBTC15M-26SEP190330-30,0.9000,01a0b88f-f020-7108-8d60-ab4fc04f882c,no,no,0,KXBTC15M-26SEP190330-30,07225ab0-2001-b7a1-99a1-c193f46b7b53,1789802836,0.1000
buy,ask,40.00,2026-09-19T07:27:16.836552Z,2,0.252000,07225ab0-2001-b5e6-970d-ce2e5c1b79ca,True,KXBTC15M-26SEP190330-30,0.9000,01a0b88f-f020-7108-8d60-ab4fc04f882c,no,no,0,KXBTC15M-26SEP190330-30,07225ab0-2001-b5e6-970d-ce2e5c1b79ca,1789802836,0.1000
sell,ask,0.01,2026-09-19T07:26:50.636089Z,2,0.000030,07225ab1-a0d1-8b81-d042-dad5f526f60b,True,KXBTC15M-26SEP190330-30,0.9170,01a0b88f-8a90-7f8c-923b-eac75500962f,no,no,0,KXBTC15M-26SEP190330-30,07225ab1-a0d1-8b81-d042-dad5f526f60b,1789802810,0.0830
sell,ask,359.97,2026-09-19T07:26:50.636089Z,2,1.917810,07225ab1-a0d1-819e-cd1b-24ceeebd8fff,True,KXBTC15M-26SEP190330-30,0.9170,01a0b88f-8a90-7f8c-923b-eac75500962f,no,no,0,KXBTC15M-26SEP190330-30,07225ab1-a0d1-819e-cd1b-24ceeebd8fff,1789802810,0.0830
sell,ask,0.01,2026-09-19T07:26:50.636089Z,2,0.000130,07225ab1-a0d1-8153-eaa2-5a7a13529fa9,True,KXBTC15M-26SEP190330-30,0.9170,01a0b88f-8a90-7f8c-923b-eac75500962f,no,no,0,KXBTC15M-26SEP190330-30,07225ab1-a0d1-8153-eaa2-5a7a13529fa9,1789802810,0.0830
sell,ask,0.01,2026-09-19T07:26:50.636089Z,2,0.000030,07225ab1-a0d1-8126-fe53-ce5f917b9cdc,True,KXBTC15M-26SEP190330-30,0.9170,01a0b88f-8a90-7f8c-923b-eac75500962f,no,no,0,KXBTC15M-26SEP190330-30,07225ab1-a0d1-8126-fe53-ce5f917b9cdc,1789802810,0.0830
buy,bid,60.00,2026-09-19T07:25:40.672676Z,2,0.999200,07225ab7-91b9-bdde-bfce-948bafc5520c,True,KXBTC15M-26SEP190330-30,0.6100,01a0b88e-7920-728a-8b13-5b55dac70a40,yes,yes,0,KXBTC15M-26SEP190330-30,07225ab7-91b9-bdde-bfce-948bafc5520c,1789802740,0.3900
buy,bid,100.00,2026-09-19T07:18:03.192252Z,2,0.987700,07225a9a-87c9-aec0-5fc0-4989f04d89a8,True,KXBTC15M-26SEP190330-30,0.1700,01a0b887-7ff8-7718-b614-ac268df5a64b,yes,yes,0,KXBTC15M-26SEP190330-30,07225a9a-87c9-aec0-5fc0-4989f04d89a8,1789802283,0.8300
buy,bid,5.89,2026-09-19T07:17:49.891185Z,2,0.075300,07225a9a-6c69-9ef2-f750-d254b25d0e1e,True,KXBTC15M-26SEP190330-30,0.2400,01a0b887-4948-79dc-9677-2c9e8b27aaff,yes,yes,0,KXBTC15M-26SEP190330-30,07225a9a-6c69-9ef2-f750-d254b25d0e1e,1789802269,0.7600
buy,bid,50.00,2026-09-19T07:17:49.891185Z,2,0.638400,07225a9a-6c69-9d1c-c53d-6a3f226df1bb,True,KXBTC15M-26SEP190330-30,0.2400,01a0b887-4948-79dc-9677-2c9e8b27aaff,yes,yes,0,KXBTC15M-26SEP190330-30,07225a9a-6c69-9d1c-c53d-6a3f226df1bb,1789802269,0.7600
buy,bid,18.11,2026-09-19T07:17:49.891185Z,2,0.231300,07225a9a-6c69-9163-ebd8-2fb526a95e10,True,KXBTC15M-26SEP190330-30,0.2400,01a0b887-4948-79dc-9677-2c9e8b27aaff,yes,yes,0,KXBTC15M-26SEP190330-30,07225a9a-6c69-9163-ebd8-2fb526a95e10,1789802269,0.7600
buy,bid,25.00,2026-09-19T07:17:49.891185Z,2,0.319200,07225a9a-6c69-9144-d6cb-0ca716014566,True,KXBTC15M-26SEP190330-30,0.2400,01a0b887-4948-79dc-9677-2c9e8b27aaff,yes,yes,0,KXBTC15M-26SEP190330-30,07225a9a-6c69-9144-d6cb-0ca716014566,1789802269,0.7600
buy,bid,1.00,2026-09-19T07:17:49.891185Z,2,0.012700,07225a9a-6c69-9095-f4ac-591944655637,True,KXBTC15M-26SEP190330-30,0.2400,01a0b887-4948-79dc-9677-2c9e8b27aaff,yes,yes,0,KXBTC15M-26SEP190330-30,07225a9a-6c69-9095-f4ac-591944655637,1789802269,0.7600
buy,bid,100.00,2026-09-19T07:16:33.127398Z,2,1.441300,07225a9e-9939-b005-a692-62fe13ea8373,True,KXBTC15M-26SEP190330-30,0.2900,01a0b886-2068-7286-8bc8-7ab336a48309,yes,yes,0,KXBTC15M-26SEP190330-30,07225a9e-9939-b005-a692-62fe13ea8373,1789802193,0.7100
buy,bid,105.00,2026-09-19T07:09:50.890758Z,2,0.302500,07225980-1aa1-88bd-7dfc-b765cdb4436f,True,KXBTC15M-26SEP190315-15,0.0430,01a0b87f-fa30-7e38-b602-c7bb2a107570,yes,yes,0,KXBTC15M-26SEP190315-15,07225980-1aa1-88bd-7dfc-b765cdb4436f,1789801790,0.9570
buy,bid,64.00,2026-09-19T07:09:26.755955Z,2,0.256700,07225981-edb1-8fe9-e429-52cfd77cb24f,True,KXBTC15M-26SEP190315-15,0.0610,01a0b87f-9c70-7e64-9635-5ad0041d828b,yes,yes,0,KXBTC15M-26SEP190315-15,07225981-edb1-8fe9-e429-52cfd77cb24f,1789801766,0.9390
buy,bid,0.01,2026-09-19T07:09:26.755955Z,2,0.000010,07225981-edb1-8e6e-eaa9-7cf92c552c12,True,KXBTC15M-26SEP190315-15,0.0610,01a0b87f-9c70-7e64-9635-5ad0041d828b,yes,yes,0,KXBTC15M-26SEP190315-15,07225981-edb1-8e6e-eaa9-7cf92c552c12,1789801766,0.9390
buy,bid,8.00,2026-09-19T07:09:26.755955Z,2,0.031500,07225981-edb1-8e19-f7b8-b1e1d389f5d0,True,KXBTC15M-26SEP190315-15,0.0600,01a0b87f-9c70-7e64-9635-5ad0041d828b,yes,yes,0,KXBTC15M-26SEP190315-15,07225981-edb1-8e19-f7b8-b1e1d389f5d0,1789801766,0.9400
buy,bid,279.00,2026-09-19T07:09:26.755955Z,2,1.118700,07225981-edb1-8d2b-f126-4b8e3455dc22,True,KXBTC15M-26SEP190315-15,0.0610,01a0b87f-9c70-7e64-9635-5ad0041d828b,yes,yes,0,KXBTC15M-26SEP190315-15,07225981-edb1-8d2b-f126-4b8e3455dc22,1789801766,0.9390
buy,bid,500.00,2026-09-19T07:09:26.755955Z,2,2.004700,07225981-edb1-8c9d-f6b5-7657663ffde0,True,KXBTC15M-26SEP190315-15,0.0610,01a0b87f-9c70-7e64-9635-5ad0041d828b,yes,yes,0,KXBTC15M-26SEP190315-15,07225981-edb1-8c9d-f6b5-7657663ffde0,1789801766,0.9390
buy,bid,8.00,2026-09-19T07:09:26.755955Z,2,0.032100,07225981-edb1-8aa2-d179-2433c8a9e8e5,True,KXBTC15M-26SEP190315-15,0.0610,01a0b87f-9c70-7e64-9635-5ad0041d828b,yes,yes,0,KXBTC15M-26SEP190315-15,07225981-edb1-8aa2-d179-2433c8a9e8e5,1789801766,0.9390
buy,bid,8.00,2026-09-19T07:09:26.755955Z,2,0.032100,07225981-edb1-89e3-f1db-0ae0211473f9,True,KXBTC15M-26SEP190315-15,0.0610,01a0b87f-9c70-7e64-9635-5ad0041d828b,yes,yes,0,KXBTC15M-26SEP190315-15,07225981-edb1-89e3-f1db-0ae0211473f9,1789801766,0.9390
buy,bid,8.00,2026-09-19T07:09:26.755955Z,2,0.032100,07225981-edb1-89b3-ca04-01fa00b788df,True,KXBTC15M-26SEP190315-15,0.0610,01a0b87f-9c70-7e64-9635-5ad0041d828b,yes,yes,0,KXBTC15M-26SEP190315-15,07225981-edb1-89b3-ca04-01fa00b788df,1789801766,0.9390
buy,bid,392.00,2026-09-19T07:09:26.755955Z,2,1.571700,07225981-edb1-8708-c0dc-3fb2982174fd,True,KXBTC15M-26SEP190315-15,0.0610,01a0b87f-9c70-7e64-9635-5ad0041d828b,yes,yes,0,KXBTC15M-26SEP190315-15,07225981-edb1-8708-c0dc-3fb2982174fd,1789801766,0.9390
buy,bid,8.00,2026-09-19T07:09:26.755955Z,2,0.031600,07225981-edb1-864a-dfda-b3da35593590,True,KXBTC15M-26SEP190315-15,0.0600,01a0b87f-9c70-7e64-9635-5ad0041d828b,yes,yes,0,KXBTC15M-26SEP190315-15,07225981-edb1-864a-dfda-b3da35593590,1789801766,0.9400
buy,bid,44.00,2026-09-19T07:09:26.755955Z,2,0.173700,07225981-edb1-85c4-df8a-2f7ff67ffc81,True,KXBTC15M-26SEP190315-15,0.0600,01a0b87f-9c70-7e64-9635-5ad0041d828b,yes,yes,0,KXBTC15M-26SEP190315-15,07225981-edb1-85c4-df8a-2f7ff67ffc81,1789801766,0.9400
buy,bid,400.00,2026-09-19T07:09:26.755955Z,2,1.603800,07225981-edb1-83b2-cbe6-e25ec677708a,True,KXBTC15M-26SEP190315-15,0.0610,01a0b87f-9c70-7e64-9635-5ad0041d828b,yes,yes,0,KXBTC15M-26SEP190315-15,07225981-edb1-83b2-cbe6-e25ec677708a,1789801766,0.9390
buy,bid,1.00,2026-09-19T07:09:26.755955Z,2,0.004000,07225981-edb1-82a9-eae3-0bbdadc592a3,True,KXBTC15M-26SEP190315-15,0.0610,01a0b87f-9c70-7e64-9635-5ad0041d828b,yes,yes,0,KXBTC15M-26SEP190315-15,07225981-edb1-82a9-eae3-0bbdadc592a3,1789801766,0.9390
buy,bid,93.00,2026-09-19T07:09:26.755955Z,2,0.372900,07225981-edb1-82a4-c7d2-b6645bfff68a,True,KXBTC15M-26SEP190315-15,0.0610,01a0b87f-9c70-7e64-9635-5ad0041d828b,yes,yes,0,KXBTC15M-26SEP190315-15,07225981-edb1-82a4-c7d2-b6645bfff68a,1789801766,0.9390
buy,bid,200.00,2026-09-19T07:09:26.755955Z,2,0.801900,07225981-edb1-8169-db82-0fa4b3af8192,True,KXBTC15M-26SEP190315-15,0.0610,01a0b87f-9c70-7e64-9635-5ad0041d828b,yes,yes,0,KXBTC15M-26SEP190315-15,07225981-edb1-8169-db82-0fa4b3af8192,1789801766,0.9390
buy,bid,1.00,2026-09-19T07:09:26.755955Z,2,0.004000,07225981-edb1-8133-e923-4448d1dd141b,True,KXBTC15M-26SEP190315-15,0.0610,01a0b87f-9c70-7e64-9635-5ad0041d828b,yes,yes,0,KXBTC15M-26SEP190315-15,07225981-edb1-8133-e923-4448d1dd141b,1789801766,0.9390
buy,bid,93.00,2026-09-19T07:09:26.755955Z,2,0.372900,07225981-edb1-8113-cfa2-72213aca239b,True,KXBTC15M-26SEP190315-15,0.0610,01a0b87f-9c70-7e64-9635-5ad0041d828b,yes,yes,0,KXBTC15M-26SEP190315-15,07225981-edb1-8113-cfa2-72213aca239b,1789801766,0.9390
buy,bid,218.33,2026-09-19T07:09:26.755955Z,2,0.862000,07225981-edb1-8071-c4de-6d850031928c,True,KXBTC15M-26SEP190315-15,0.0600,01a0b87f-9c70-7e64-9635-5ad0041d828b,yes,yes,0,KXBTC15M-26SEP190315-15,07225981-edb1-8071-c4de-6d850031928c,1789801766,0.9400
buy,bid,0.01,2026-09-19T07:09:26.755955Z,2,0.000010,07225981-e949-8ab8-cd07-33b537af6c87,True,KXBTC15M-26SEP190315-15,0.0610,01a0b87f-9c70-7e64-9635-5ad0041d828b,yes,yes,0,KXBTC15M-26SEP190315-15,07225981-e949-8ab8-cd07-33b537af6c87,1789801766,0.9390
buy,bid,324.64,2026-09-19T07:09:26.755955Z,2,1.301640,07225981-e561-8add-cc33-9ee954c5d97f,True,KXBTC15M-26SEP190315-15,0.0610,01a0b87f-9c70-7e64-9635-5ad0041d828b,yes,yes,0,KXBTC15M-26SEP190315-15,07225981-e561-8add-cc33-9ee954c5d97f,1789801766,0.9390
buy,bid,0.01,2026-09-19T07:09:26.755955Z,2,0.000110,07225981-e561-82e1-fc93-6cabed829f77,True,KXBTC15M-26SEP190315-15,0.0610,01a0b87f-9c70-7e64-9635-5ad0041d828b,yes,yes,0,KXBTC15M-26SEP190315-15,07225981-e561-82e1-fc93-6cabed829f77,1789801766,0.9390
buy,bid,50.00,2026-09-19T07:09:26.755955Z,2,0.197400,07225981-e179-8284-f1bc-7e8210d32b9e,True,KXBTC15M-26SEP190315-15,0.0600,01a0b87f-9c70-7e64-9635-5ad0041d828b,yes,yes,0,KXBTC15M-26SEP190315-15,07225981-e179-8284-f1bc-7e8210d32b9e,1789801766,0.9400
buy,ask,31.00,2026-09-19T06:56:03.111138Z,2,0.229100,072259be-3931-8f11-ad44-39dd3fc4be6d,True,KXBTC15M-26SEP190300-00,0.8800,01a0b873-5bb8-7f84-8264-accccc850d7f,no,no,0,KXBTC15M-26SEP190300-00,072259be-3931-8f11-ad44-39dd3fc4be6d,1789800963,0.1200
buy,ask,1942.96,2026-09-19T06:56:03.111138Z,2,14.362400,072259be-3931-8957-8729-bfa3ae7a08b4,True,KXBTC15M-26SEP190300-00,0.8800,01a0b873-5bb8-7f84-8264-accccc850d7f,no,no,0,KXBTC15M-26SEP190300-00,072259be-3931-8957-8729-bfa3ae7a08b4,1789800963,0.1200
buy,ask,0.01,2026-09-19T06:56:03.111138Z,2,0.000100,072259be-3931-85c0-be9a-ec2b2e08ea7a,True,KXBTC15M-26SEP190300-00,0.8800,01a0b873-5bb8-7f84-8264-accccc850d7f,no,no,0,KXBTC15M-26SEP190300-00,072259be-3931-85c0-be9a-ec2b2e08ea7a,1789800963,0.1200
buy,ask,94.00,2026-09-19T06:56:03.111138Z,2,0.694900,072259be-3931-853a-9e9a-78f782e34c65,True,KXBTC15M-26SEP190300-00,0.8800,01a0b873-5bb8-7f84-8264-accccc850d7f,no,no,0,KXBTC15M-26SEP190300-00,072259be-3931-853a-9e9a-78f782e34c65,1789800963,0.1200
buy,ask,0.01,2026-09-19T06:56:03.111138Z,2,0.000100,072259be-3931-8422-8cea-c00dfded4182,True,KXBTC15M-26SEP190300-00,0.8800,01a0b873-5bb8-7f84-8264-accccc850d7f,no,no,0,KXBTC15M-26SEP190300-00,072259be-3931-8422-8cea-c00dfded4182,1789800963,0.1200
buy,ask,432.02,2026-09-19T06:56:03.111138Z,2,3.193500,072259be-3559-8a63-b51b-b5322eced640,True,KXBTC15M-26SEP190300-00,0.8800,01a0b873-5bb8-7f84-8264-accccc850d7f,no,no,0,KXBTC15M-26SEP190300-00,072259be-3559-8a63-b51b-b5322eced640,1789800963,0.1200
buy,bid,400.00,2026-09-19T06:39:49.945398Z,2,1.304700,072259f5-8701-bf0e-e94a-d587e2bf2626,True,KXBTC15M-26SEP190245-45,0.0490,01a0b864-7f08-719b-98bd-9c0a800f3759,yes,yes,0,KXBTC15M-26SEP190245-45,072259f5-8701-bf0e-e94a-d587e2bf2626,1789799989,0.9510
buy,bid,0.01,2026-09-19T06:39:49.945398Z,2,0.000090,072259f5-8701-be52-d60d-347a0f1207f8,True,KXBTC15M-26SEP190245-45,0.0490,01a0b864-7f08-719b-98bd-9c0a800f3759,yes,yes,0,KXBTC15M-26SEP190245-45,072259f5-8701-be52-d60d-347a0f1207f8,1789799989,0.9510
buy,bid,0.01,2026-09-19T06:39:49.945398Z,2,0.000090,072259f5-8701-bca9-d6af-50521c77a232,True,KXBTC15M-26SEP190245-45,0.0490,01a0b864-7f08-719b-98bd-9c0a800f3759,yes,yes,0,KXBTC15M-26SEP190245-45,072259f5-8701-bca9-d6af-50521c77a232,1789799989,0.9510
buy,bid,155.00,2026-09-19T06:39:49.945398Z,2,0.505600,072259f5-8701-bc9b-d803-d112cee1ada9,True,KXBTC15M-26SEP190245-45,0.0490,01a0b864-7f08-719b-98bd-9c0a800f3759,yes,yes,0,KXBTC15M-26SEP190245-45,072259f5-8701-bc9b-d803-d112cee1ada9,1789799989,0.9510
buy,bid,1000.00,2026-09-19T06:39:49.945398Z,2,3.198800,072259f5-8701-bab4-fdff-658f88539adf,True,KXBTC15M-26SEP190245-45,0.0480,01a0b864-7f08-719b-98bd-9c0a800f3759,yes,yes,0,KXBTC15M-26SEP190245-45,072259f5-8701-bab4-fdff-658f88539adf,1789799989,0.9520
buy,bid,500.00,2026-09-19T06:39:49.945398Z,2,1.630900,072259f5-8701-b8bc-f94a-eca867cf7f17,True,KXBTC15M-26SEP190245-45,0.0490,01a0b864-7f08-719b-98bd-9c0a800f3759,yes,yes,0,KXBTC15M-26SEP190245-45,072259f5-8701-b8bc-f94a-eca867cf7f17,1789799989,0.9510
buy,bid,0.01,2026-09-19T06:39:49.945398Z,2,0.000090,072259f5-8701-b6b1-d9ee-641d439552c5,True,KXBTC15M-26SEP190245-45,0.0490,01a0b864-7f08-719b-98bd-9c0a800f3759,yes,yes,0,KXBTC15M-26SEP190245-45,072259f5-8701-b6b1-d9ee-641d439552c5,1789799989,0.9510
buy,bid,83.42,2026-09-19T06:39:49.945398Z,2,0.272080,072259f5-8329-be01-d531-96d158dea1e8,True,KXBTC15M-26SEP190245-45,0.0490,01a0b864-7f08-719b-98bd-9c0a800f3759,yes,yes,0,KXBTC15M-26SEP190245-45,072259f5-8329-be01-d531-96d158dea1e8,1789799989,0.9510
buy,bid,83.42,2026-09-19T06:39:49.945398Z,2,0.266760,072259f5-8329-bd12-ed21-40ba8b75c9c3,True,KXBTC15M-26SEP190245-45,0.0480,01a0b864-7f08-719b-98bd-9c0a800f3759,yes,yes,0,KXBTC15M-26SEP190245-45,072259f5-8329-bd12-ed21-40ba8b75c9c3,1789799989,0.9520
sell,ask,5.00,2026-09-19T06:38:00.881562Z,2,0.024900,072259ea-f5a9-a926-f29e-b0185fb1be26,True,KXBTC15M-26SEP190245-45,0.0770,01a0b862-d540-76e9-97f5-05a5e11e82d6,no,no,0,KXBTC15M-26SEP190245-45,072259ea-f5a9-a926-f29e-b0185fb1be26,1789799880,0.9230
sell,ask,686.82,2026-09-19T06:38:00.881562Z,2,3.538500,072259ea-96d1-a557-e076-295e4bbf1110,True,KXBTC15M-26SEP190245-45,0.0800,01a0b862-d540-76e9-97f5-05a5e11e82d6,no,no,0,KXBTC15M-26SEP190245-45,072259ea-96d1-a557-e076-295e4bbf1110,1789799880,0.9200
sell,ask,37.00,2026-09-19T06:38:00.881562Z,2,0.188400,072259e9-8041-ad4b-db99-80fde5089f9c,True,KXBTC15M-26SEP190245-45,0.0790,01a0b862-d540-76e9-97f5-05a5e11e82d6,no,no,0,KXBTC15M-26SEP190245-45,072259e9-8041-ad4b-db99-80fde5089f9c,1789799880,0.9210
sell,ask,776.00,2026-09-19T06:38:00.881562Z,2,3.814600,072259e9-8041-aafe-ef07-8a1daa164489,True,KXBTC15M-26SEP190245-45,0.0760,01a0b862-d540-76e9-97f5-05a5e11e82d6,no,no,0,KXBTC15M-26SEP190245-45,072259e9-8041-aafe-ef07-8a1daa164489,1789799880,0.9240
sell,ask,772.18,2026-09-19T06:38:00.881562Z,2,3.795820,072259e9-7c61-a4d7-e784-d1e68540953d,True,KXBTC15M-26SEP190245-45,0.0760,01a0b862-d540-76e9-97f5-05a5e11e82d6,no,no,0,KXBTC15M-26SEP190245-45,072259e9-7c61-a4d7-e784-d1e68540953d,1789799880,0.9240
buy,bid,1000.00,2026-09-19T06:36:43.685197Z,2,5.269300,072259e7-0999-8f39-6897-c8b64ee863ea,True,KXBTC15M-26SEP190245-45,0.0820,01a0b861-a878-7e91-bba2-101e4e5fb997,yes,yes,0,KXBTC15M-26SEP190245-45,072259e7-0999-8f39-6897-c8b64ee863ea,1789799803,0.9180
buy,bid,254.05,2026-09-19T06:36:43.685197Z,2,1.338700,072259e7-0999-8ed0-416b-2c8612133e74,True,KXBTC15M-26SEP190245-45,0.0820,01a0b861-a878-7e91-bba2-101e4e5fb997,yes,yes,0,KXBTC15M-26SEP190245-45,072259e7-0999-8ed0-416b-2c8612133e74,1789799803,0.9180
buy,bid,8.00,2026-09-19T06:36:43.685197Z,2,0.042600,072259e7-0999-8e5f-6676-2cac3d5bdf1f,True,KXBTC15M-26SEP190245-45,0.0830,01a0b861-a878-7e91-bba2-101e4e5fb997,yes,yes,0,KXBTC15M-26SEP190245-45,072259e7-0999-8e5f-6676-2cac3d5bdf1f,1789799803,0.9170
buy,bid,8.00,2026-09-19T06:36:43.685197Z,2,0.042200,072259e7-0999-8ce0-5724-d0c67f563c9e,True,KXBTC15M-26SEP190245-45,0.0820,01a0b861-a878-7e91-bba2-101e4e5fb997,yes,yes,0,KXBTC15M-26SEP190245-45,072259e7-0999-8ce0-5724-d0c67f563c9e,1789799803,0.9180
buy,bid,0.01,2026-09-19T06:36:43.685197Z,2,0.000040,072259e7-0999-89da-6495-33a7166d3236,True,KXBTC15M-26SEP190245-45,0.0840,01a0b861-a878-7e91-bba2-101e4e5fb997,yes,yes,0,KXBTC15M-26SEP190245-45,072259e7-0999-89da-6495-33a7166d3236,1789799803,0.9160
buy,bid,0.01,2026-09-19T06:36:43.685197Z,2,0.000040,072259e7-0999-8700-79fd-8d8f1c170c4c,True,KXBTC15M-26SEP190245-45,0.0840,01a0b861-a878-7e91-bba2-101e4e5fb997,yes,yes,0,KXBTC15M-26SEP190245-45,072259e7-0999-8700-79fd-8d8f1c170c4c,1789799803,0.9160
buy,bid,6.93,2026-09-19T06:36:43.685197Z,2,0.037420,072259e7-0999-82e9-6a4e-be2446ba4e49,True,KXBTC15M-26SEP190245-45,0.0840,01a0b861-a878-7e91-bba2-101e4e5fb997,yes,yes,0,KXBTC15M-26SEP190245-45,072259e7-0999-82e9-6a4e-be2446ba4e49,1789799803,0.9160
buy,bid,1000.00,2026-09-19T06:36:43.685197Z,2,5.269300,072259e7-0149-8459-55ce-40b153864965,True,KXBTC15M-26SEP190245-45,0.0820,01a0b861-a878-7e91-bba2-101e4e5fb997,yes,yes,0,KXBTC15M-26SEP190245-45,072259e7-0149-8459-55ce-40b153864965,1789799803,0.9180
buy,ask,0.01,2026-09-19T06:27:05.150471Z,2,0.000060,0722593b-8c09-bd77-896c-d90d52a79103,True,KXBTC15M-26SEP190230-30,0.9840,01a0b858-d6a8-718f-855a-fbe87963ff07,no,no,0,KXBTC15M-26SEP190230-30,0722593b-8c09-bd77-896c-d90d52a79103,1789799225,0.0160
buy,ask,5.00,2026-09-19T06:27:05.150471Z,2,0.005500,0722593b-8c09-bd32-aa18-787136cad99c,True,KXBTC15M-26SEP190230-30,0.9840,01a0b858-d6a8-718f-855a-fbe87963ff07,no,no,0,KXBTC15M-26SEP190230-30,0722593b-8c09-bd32-aa18-787136cad99c,1789799225,0.0160
buy,ask,10.00,2026-09-19T06:27:05.150471Z,2,0.011000,0722593b-8c09-bc7e-a9c2-159858ae78ec,True,KXBTC15M-26SEP190230-30,0.9840,01a0b858-d6a8-718f-855a-fbe87963ff07,no,no,0,KXBTC15M-26SEP190230-30,0722593b-8c09-bc7e-a9c2-159858ae78ec,1789799225,0.0160
buy,ask,5.00,2026-09-19T06:27:05.150471Z,2,0.005500,0722593b-8c09-bc56-b490-67f2efb37109,True,KXBTC15M-26SEP190230-30,0.9840,01a0b858-d6a8-718f-855a-fbe87963ff07,no,no,0,KXBTC15M-26SEP190230-30,0722593b-8c09-bc56-b490-67f2efb37109,1789799225,0.0160
buy,ask,242.35,2026-09-19T06:27:05.150471Z,2,0.267000,0722593b-8c09-bada-b79f-03634702a024,True,KXBTC15M-26SEP190230-30,0.9840,01a0b858-d6a8-718f-855a-fbe87963ff07,no,no,0,KXBTC15M-26SEP190230-30,0722593b-8c09-bada-b79f-03634702a024,1789799225,0.0160
buy,ask,400.00,2026-09-19T06:27:05.150471Z,2,0.440800,0722593b-8c09-b9a0-ba1c-fb193d17a43f,True,KXBTC15M-26SEP190230-30,0.9840,01a0b858-d6a8-718f-855a-fbe87963ff07,no,no,0,KXBTC15M-26SEP190230-30,0722593b-8c09-b9a0-ba1c-fb193d17a43f,1789799225,0.0160
buy,ask,400.00,2026-09-19T06:27:05.150471Z,2,0.413700,0722593b-8c09-b709-a828-cf8a33e223d5,True,KXBTC15M-26SEP190230-30,0.9850,01a0b858-d6a8-718f-855a-fbe87963ff07,no,no,0,KXBTC15M-26SEP190230-30,0722593b-8c09-b709-a828-cf8a33e223d5,1789799225,0.0150
buy,ask,10.00,2026-09-19T06:27:05.150471Z,2,0.011000,0722593b-8c09-b520-a259-63a4f7c36f04,True,KXBTC15M-26SEP190230-30,0.9840,01a0b858-d6a8-718f-855a-fbe87963ff07,no,no,0,KXBTC15M-26SEP190230-30,0722593b-8c09-b520-a259-63a4f7c36f04,1789799225,0.0160
buy,ask,1.00,2026-09-19T06:27:05.150471Z,2,0.001000,0722593b-8c09-b499-94c4-1120d8f54960,True,KXBTC15M-26SEP190230-30,0.9840,01a0b858-d6a8-718f-855a-fbe87963ff07,no,no,0,KXBTC15M-26SEP190230-30,0722593b-8c09-b499-94c4-1120d8f54960,1789799225,0.0160
buy,ask,10.00,2026-09-19T06:27:05.150471Z,2,0.011100,0722593b-8c09-b476-be08-3ea11aa50028,True,KXBTC15M-26SEP190230-30,0.9840,01a0b858-d6a8-718f-855a-fbe87963ff07,no,no,0,KXBTC15M-26SEP190230-30,0722593b-8c09-b476-be08-3ea11aa50028,1789799225,0.0160
buy,ask,10.00,2026-09-19T06:27:05.150471Z,2,0.011000,0722593b-8c09-b35c-ac44-5496eb8f7f7e,True,KXBTC15M-26SEP190230-30,0.9840,01a0b858-d6a8-718f-855a-fbe87963ff07,no,no,0,KXBTC15M-26SEP190230-30,0722593b-8c09-b35c-ac44-5496eb8f7f7e,1789799225,0.0160
buy,ask,5.00,2026-09-19T06:27:05.150471Z,2,0.005600,0722593b-8c09-b342-a7a4-54a0f74946f1,True,KXBTC15M-26SEP190230-30,0.9840,01a0b858-d6a8-718f-855a-fbe87963ff07,no,no,0,KXBTC15M-26SEP190230-30,0722593b-8c09-b342-a7a4-54a0f74946f1,1789799225,0.0160
buy,ask,5.00,2026-09-19T06:27:05.150471Z,2,0.005500,0722593b-8c09-b2ea-93a1-cd833546f00f,True,KXBTC15M-26SEP190230-30,0.9840,01a0b858-d6a8-718f-855a-fbe87963ff07,no,no,0,KXBTC15M-26SEP190230-30,0722593b-8c09-b2ea-93a1-cd833546f00f,1789799225,0.0160
buy,ask,1.00,2026-09-19T06:27:05.150471Z,2,0.001100,0722593b-8c09-b2a8-b580-e911d2cf6a89,True,KXBTC15M-26SEP190230-30,0.9840,01a0b858-d6a8-718f-855a-fbe87963ff07,no,no,0,KXBTC15M-26SEP190230-30,0722593b-8c09-b2a8-b580-e911d2cf6a89,1789799225,0.0160
buy,ask,17.00,2026-09-19T06:27:05.150471Z,2,0.017600,0722593b-8861-be17-8230-c8b24f82e88c,True,KXBTC15M-26SEP190230-30,0.9850,01a0b858-d6a8-718f-855a-fbe87963ff07,no,no,0,KXBTC15M-26SEP190230-30,0722593b-8861-be17-8230-c8b24f82e88c,1789799225,0.0150
buy,ask,0.01,2026-09-19T06:27:05.150471Z,2,0.000060,0722593b-8861-b870-90ad-fc080486c9d7,True,KXBTC15M-26SEP190230-30,0.9840,01a0b858-d6a8-718f-855a-fbe87963ff07,no,no,0,KXBTC15M-26SEP190230-30,0722593b-8861-b870-90ad-fc080486c9d7,1789799225,0.0160
buy,ask,46.63,2026-09-19T06:27:05.150471Z,2,0.051480,0722593b-8861-b765-a53b-8484e8cc8d3a,True,KXBTC15M-26SEP190230-30,0.9840,01a0b858-d6a8-718f-855a-fbe87963ff07,no,no,0,KXBTC15M-26SEP190230-30,0722593b-8861-b765-a53b-8484e8cc8d3a,1789799225,0.0160
buy,ask,10.00,2026-09-19T06:27:05.150471Z,2,0.010300,0722593b-8861-b65f-bb2f-b0641f76fedb,True,KXBTC15M-26SEP190230-30,0.9850,01a0b858-d6a8-718f-855a-fbe87963ff07,no,no,0,KXBTC15M-26SEP190230-30,0722593b-8861-b65f-bb2f-b0641f76fedb,1789799225,0.0150
buy,ask,466.90,2026-09-19T06:27:05.150471Z,2,0.451200,0722593b-8861-b5e9-80be-c509d9972eb9,True,KXBTC15M-26SEP190230-30,0.9860,01a0b858-d6a8-718f-855a-fbe87963ff07,no,no,0,KXBTC15M-26SEP190230-30,0722593b-8861-b5e9-80be-c509d9972eb9,1789799225,0.0140
buy,ask,10.00,2026-09-19T06:27:05.150471Z,2,0.010400,0722593b-8861-b552-b9bb-3dbcde568e19,True,KXBTC15M-26SEP190230-30,0.9850,01a0b858-d6a8-718f-855a-fbe87963ff07,no,no,0,KXBTC15M-26SEP190230-30,0722593b-8861-b552-b9bb-3dbcde568e19,1789799225,0.0150
buy,ask,37.39,2026-09-19T06:27:05.150471Z,2,0.041140,0722593b-8861-b489-9ade-6876c782ba3f,True,KXBTC15M-26SEP190230-30,0.9840,01a0b858-d6a8-718f-855a-fbe87963ff07,no,no,0,KXBTC15M-26SEP190230-30,0722593b-8861-b489-9ade-6876c782ba3f,1789799225,0.0160
buy,ask,7.71,2026-09-19T06:27:05.150471Z,2,0.008560,0722593b-8861-b240-aa64-3159ca0d222c,True,KXBTC15M-26SEP190230-30,0.9840,01a0b858-d6a8-718f-855a-fbe87963ff07,no,no,0,KXBTC15M-26SEP190230-30,0722593b-8861-b240-aa64-3159ca0d222c,1789799225,0.0160
buy,ask,17.00,2026-09-19T06:26:36.147786Z,2,0.066100,07225939-f0e1-abd3-48ef-dbfd4c755cee,True,KXBTC15M-26SEP190230-30,0.9410,01a0b858-6560-75d9-bab0-4314887dba20,no,no,0,KXBTC15M-26SEP190230-30,07225939-f0e1-abd3-48ef-dbfd4c755cee,1789799196,0.0590
buy,ask,500.00,2026-09-19T06:26:36.147786Z,2,1.943200,07225939-f0e1-a19f-55f8-9bef7de55558,True,KXBTC15M-26SEP190230-30,0.9410,01a0b858-6560-75d9-bab0-4314887dba20,no,no,0,KXBTC15M-26SEP190230-30,07225939-f0e1-a19f-55f8-9bef7de55558,1789799196,0.0590
buy,ask,1.00,2026-09-19T06:26:36.147786Z,2,0.003900,07225939-f0e1-a0f1-6e59-43984e6ff52c,True,KXBTC15M-26SEP190230-30,0.9410,01a0b858-6560-75d9-bab0-4314887dba20,no,no,0,KXBTC15M-26SEP190230-30,07225939-f0e1-a0f1-6e59-43984e6ff52c,1789799196,0.0590
buy,ask,0.01,2026-09-19T06:26:08.879383Z,2,0.000090,07225908-1801-a7d2-fd5a-d4d1ddb56eaf,True,KXBTC15M-26SEP190230-30,0.9010,01a0b857-f800-765f-9904-b6076c30c7b4,no,no,0,KXBTC15M-26SEP190230-30,07225908-1801-a7d2-fd5a-d4d1ddb56eaf,1789799168,0.0990
buy,ask,1.00,2026-09-19T06:26:08.879383Z,2,0.006300,07225908-1801-a743-c9a2-d99e6f727319,True,KXBTC15M-26SEP190230-30,0.9010,01a0b857-f800-765f-9904-b6076c30c7b4,no,no,0,KXBTC15M-26SEP190230-30,07225908-1801-a743-c9a2-d99e6f727319,1789799168,0.0990
buy,ask,0.01,2026-09-19T06:26:08.879383Z,2,0.000090,07225908-1801-a660-fe12-e6310a45c502,True,KXBTC15M-26SEP190230-30,0.9010,01a0b857-f800-765f-9904-b6076c30c7b4,no,no,0,KXBTC15M-26SEP190230-30,07225908-1801-a660-fe12-e6310a45c502,1789799168,0.0990
buy,bid,3.00,2026-09-19T06:17:51.845236Z,2,0.052400,07225911-d4d1-a794-3ded-2321ab81dda1,True,KXBTC15M-26SEP190230-30,0.4700,01a0b850-6298-774e-a498-431c43bbde1b,yes,yes,0,KXBTC15M-26SEP190230-30,07225911-d4d1-a794-3ded-2321ab81dda1,1789798671,0.5300
buy,ask,2224.00,2026-09-19T06:14:26.077031Z,2,0.155600,07225975-0c41-ac02-9192-dfaf00f69dfb,True,KXBTC15M-26SEP190215-15,0.9990,01a0b84d-41d0-75f0-888b-fa18381560e8,no,no,0,KXBTC15M-26SEP190215-15,07225975-0c41-ac02-9192-dfaf00f69dfb,1789798466,0.0010
buy,bid,10.00,2026-09-19T05:55:27.991872Z,2,0.074000,072258d4-5681-b679-2fbe-1a2f52294c68,True,KXBTC15M-26SEP190200-00,0.1200,01a0b83b-e098-7274-ada8-2f3a1013909e,yes,yes,0,KXBTC15M-26SEP190200-00,072258d4-5681-b679-2fbe-1a2f52294c68,1789797327,0.8800
buy,bid,2219.00,2026-09-19T05:28:32.68649Z,2,0.310100,072258af-cc01-8fb1-1de4-72ba793ffee8,True,KXBTC15M-26SEP190130-30,0.0020,01a0b823-3c00-7c29-a881-e64a26defa95,yes,yes,0,KXBTC15M-26SEP190130-30,072258af-cc01-8fb1-1de4-72ba793ffee8,1789795712,0.9980
buy,ask,1.00,2026-09-19T04:40:34.147288Z,2,0.001300,07226833-c8e1-9f37-1810-2c2989d072ff,True,KXBTC15M-26SEP190045-45,0.9800,01a0b7f7-51d0-7adc-a635-5fb5ab66edd8,no,no,0,KXBTC15M-26SEP190045-45,07226833-c8e1-9f37-1810-2c2989d072ff,1789792834,0.0200
buy,ask,10.00,2026-09-19T04:40:34.147288Z,2,0.013700,07226833-23e9-9f94-1362-3c9649ebc050,True,KXBTC15M-26SEP190045-45,0.9800,01a0b7f7-51d0-7adc-a635-5fb5ab66edd8,no,no,0,KXBTC15M-26SEP190045-45,07226833-23e9-9f94-1362-3c9649ebc050,1789792834,0.0200
buy,ask,0.50,2026-09-19T04:40:34.147288Z,2,0.000700,07226832-efa1-92cf-2967-185b8ef1f302,True,KXBTC15M-26SEP190045-45,0.9800,01a0b7f7-51d0-7adc-a635-5fb5ab66edd8,no,no,0,KXBTC15M-26SEP190045-45,07226832-efa1-92cf-2967-185b8ef1f302,1789792834,0.0200
buy,ask,350.51,2026-09-19T04:40:34.147288Z,2,0.480900,07226830-ee69-9c7a-250d-c28a10e2cade,True,KXBTC15M-26SEP190045-45,0.9800,01a0b7f7-51d0-7adc-a635-5fb5ab66edd8,no,no,0,KXBTC15M-26SEP190045-45,07226830-ee69-9c7a-250d-c28a10e2cade,1789792834,0.0200
buy,ask,18.62,2026-09-19T04:40:34.147288Z,2,0.025500,0722682e-e7c1-9464-35eb-c597cca0dae5,True,KXBTC15M-26SEP190045-45,0.9800,01a0b7f7-51d0-7adc-a635-5fb5ab66edd8,no,no,0,KXBTC15M-26SEP190045-45,0722682e-e7c1-9464-35eb-c597cca0dae5,1789792834,0.0200
buy,ask,2.25,2026-09-19T04:40:34.147288Z,2,0.003000,0722682e-48b9-9018-0b27-fe594db86542,True,KXBTC15M-26SEP190045-45,0.9800,01a0b7f7-51d0-7adc-a635-5fb5ab66edd8,no,no,0,KXBTC15M-26SEP190045-45,0722682e-48b9-9018-0b27-fe594db86542,1789792834,0.0200
buy,ask,1.11,2026-09-19T04:40:34.147288Z,2,0.001600,0722682e-1959-9702-32cf-1841e201f008,True,KXBTC15M-26SEP190045-45,0.9800,01a0b7f7-51d0-7adc-a635-5fb5ab66edd8,no,no,0,KXBTC15M-26SEP190045-45,0722682e-1959-9702-32cf-1841e201f008,1789792834,0.0200
buy,ask,32.35,2026-09-19T04:40:34.147288Z,2,0.044400,0722682c-d669-90a3-3460-f51f67732bd7,True,KXBTC15M-26SEP190045-45,0.9800,01a0b7f7-51d0-7adc-a635-5fb5ab66edd8,no,no,0,KXBTC15M-26SEP190045-45,0722682c-d669-90a3-3460-f51f67732bd7,1789792834,0.0200
buy,ask,2.00,2026-09-19T04:40:34.147288Z,2,0.002800,0722682c-2509-9972-1aba-1dc8c8a844fd,True,KXBTC15M-26SEP190045-45,0.9800,01a0b7f7-51d0-7adc-a635-5fb5ab66edd8,no,no,0,KXBTC15M-26SEP190045-45,0722682c-2509-9972-1aba-1dc8c8a844fd,1789792834,0.0200
buy,ask,98.59,2026-09-19T04:40:34.147288Z,2,0.135200,0722682b-f6e9-9881-3512-abeaf654ef12,True,KXBTC15M-26SEP190045-45,0.9800,01a0b7f7-51d0-7adc-a635-5fb5ab66edd8,no,no,0,KXBTC15M-26SEP190045-45,0722682b-f6e9-9881-3512-abeaf654ef12,1789792834,0.0200
buy,ask,500.00,2026-09-19T04:40:34.147288Z,2,0.686000,0722682b-56c1-93e7-1e9e-85d06842817c,True,KXBTC15M-26SEP190045-45,0.9800,01a0b7f7-51d0-7adc-a635-5fb5ab66edd8,no,no,0,KXBTC15M-26SEP190045-45,0722682b-56c1-93e7-1e9e-85d06842817c,1789792834,0.0200
buy,ask,0.01,2026-09-19T04:40:34.147288Z,2,0.000020,0722682a-1691-97b9-27df-fb57e1d4a474,True,KXBTC15M-26SEP190045-45,0.9780,01a0b7f7-51d0-7adc-a635-5fb5ab66edd8,no,no,0,KXBTC15M-26SEP190045-45,0722682a-1691-97b9-27df-fb57e1d4a474,1789792834,0.0220
buy,ask,180.79,2026-09-19T04:40:34.147288Z,2,0.260190,0722682a-1691-9724-3610-ea5a8921782f,True,KXBTC15M-26SEP190045-45,0.9790,01a0b7f7-51d0-7adc-a635-5fb5ab66edd8,no,no,0,KXBTC15M-26SEP190045-45,0722682a-1691-9724-3610-ea5a8921782f,1789792834,0.0210
buy,ask,280.02,2026-09-19T04:40:34.147288Z,2,0.440560,0722682a-1691-9312-2c80-55b92ea94197,True,KXBTC15M-26SEP190045-45,0.9770,01a0b7f7-51d0-7adc-a635-5fb5ab66edd8,no,no,0,KXBTC15M-26SEP190045-45,0722682a-1691-9312-2c80-55b92ea94197,1789792834,0.0230
buy,ask,0.01,2026-09-19T04:40:34.147288Z,2,0.000020,0722682a-1691-9079-3388-c2e6031a9229,True,KXBTC15M-26SEP190045-45,0.9780,01a0b7f7-51d0-7adc-a635-5fb5ab66edd8,no,no,0,KXBTC15M-26SEP190045-45,0722682a-1691-9079-3388-c2e6031a9229,1789792834,0.0220
buy,ask,58.00,2026-09-19T04:40:34.147288Z,2,0.083400,0722682a-0d41-99ae-269a-1c4f3afeb3b4,True,KXBTC15M-26SEP190045-45,0.9790,01a0b7f7-51d0-7adc-a635-5fb5ab66edd8,no,no,0,KXBTC15M-26SEP190045-45,0722682a-0d41-99ae-269a-1c4f3afeb3b4,1789792834,0.0210
buy,ask,0.01,2026-09-19T04:40:34.147288Z,2,0.000020,0722682a-0d41-956b-3344-d5f307bc26ea,True,KXBTC15M-26SEP190045-45,0.9780,01a0b7f7-51d0-7adc-a635-5fb5ab66edd8,no,no,0,KXBTC15M-26SEP190045-45,0722682a-0d41-956b-3344-d5f307bc26ea,1789792834,0.0220
buy,ask,93.00,2026-09-19T04:40:34.147288Z,2,0.133900,0722682a-0d41-92b7-3760-1a552d84acf9,True,KXBTC15M-26SEP190045-45,0.9790,01a0b7f7-51d0-7adc-a635-5fb5ab66edd8,no,no,0,KXBTC15M-26SEP190045-45,0722682a-0d41-92b7-3760-1a552d84acf9,1789792834,0.0210
buy,ask,180.79,2026-09-19T04:40:34.147288Z,2,0.272280,0722682a-0aa9-93e3-0912-79c9dcdb2162,True,KXBTC15M-26SEP190045-45,0.9780,01a0b7f7-51d0-7adc-a635-5fb5ab66edd8,no,no,0,KXBTC15M-26SEP190045-45,0722682a-0aa9-93e3-0912-79c9dcdb2162,1789792834,0.0220
buy,ask,50.00,2026-09-19T04:40:34.147288Z,2,0.068600,07226829-d1d9-9f02-16d2-2de1ff8cb9af,True,KXBTC15M-26SEP190045-45,0.9800,01a0b7f7-51d0-7adc-a635-5fb5ab66edd8,no,no,0,KXBTC15M-26SEP190045-45,07226829-d1d9-9f02-16d2-2de1ff8cb9af,1789792834,0.0200
buy,ask,39.00,2026-09-19T04:40:34.147288Z,2,0.053500,07226829-c989-9248-1499-1c08adf628a8,True,KXBTC15M-26SEP190045-45,0.9800,01a0b7f7-51d0-7adc-a635-5fb5ab66edd8,no,no,0,KXBTC15M-26SEP190045-45,07226829-c989-9248-1499-1c08adf628a8,1789792834,0.0200
buy,ask,150.00,2026-09-19T04:40:34.147288Z,2,0.205800,07226829-a791-99ce-12ed-c3d8f4d2709e,True,KXBTC15M-26SEP190045-45,0.9800,01a0b7f7-51d0-7adc-a635-5fb5ab66edd8,no,no,0,KXBTC15M-26SEP190045-45,07226829-a791-99ce-12ed-c3d8f4d2709e,1789792834,0.0200
buy,ask,1.12,2026-09-19T04:40:34.147288Z,2,0.001600,07226829-4151-9dfb-37ee-6b419330d7a7,True,KXBTC15M-26SEP190045-45,0.9800,01a0b7f7-51d0-7adc-a635-5fb5ab66edd8,no,no,0,KXBTC15M-26SEP190045-45,07226829-4151-9dfb-37ee-6b419330d7a7,1789792834,0.0200
buy,ask,50.00,2026-09-19T04:40:34.147288Z,2,0.068600,07226828-ecb1-9290-1fdb-d28932f13938,True,KXBTC15M-26SEP190045-45,0.9800,01a0b7f7-51d0-7adc-a635-5fb5ab66edd8,no,no,0,KXBTC15M-26SEP190045-45,07226828-ecb1-9290-1fdb-d28932f13938,1789792834,0.0200
buy,ask,15.32,2026-09-19T04:40:34.147288Z,2,0.021100,07226828-8009-931e-1c94-fa5ad6cbec03,True,KXBTC15M-26SEP190045-45,0.9800,01a0b7f7-51d0-7adc-a635-5fb5ab66edd8,no,no,0,KXBTC15M-26SEP190045-45,07226828-8009-931e-1c94-fa5ad6cbec03,1789792834,0.0200
buy,ask,1.00,2026-09-19T04:40:34.147288Z,2,0.001300,07226828-5811-9070-27a8-57811fd3624d,True,KXBTC15M-26SEP190045-45,0.9800,01a0b7f7-51d0-7adc-a635-5fb5ab66edd8,no,no,0,KXBTC15M-26SEP190045-45,07226828-5811-9070-27a8-57811fd3624d,1789792834,0.0200
buy,ask,50.00,2026-09-19T04:40:34.147288Z,2,0.068600,07226828-44b9-9f33-1410-409ff5f7eb6b,True,KXBTC15M-26SEP190045-45,0.9800,01a0b7f7-51d0-7adc-a635-5fb5ab66edd8,no,no,0,KXBTC15M-26SEP190045-45,07226828-44b9-9f33-1410-409ff5f7eb6b,1789792834,0.0200
buy,bid,2164.00,2026-09-19T04:13:55.982896Z,2,0.151400,072268a9-80e1-ab26-a1e2-b87e99cd25aa,True,KXBTC15M-26SEP190015-15,0.0010,01a0b7de-ebb8-740d-8c9d-f1613991d226,yes,yes,0,KXBTC15M-26SEP190015-15,072268a9-80e1-ab26-a1e2-b87e99cd25aa,1789791235,0.9990
sell,ask,100.00,2026-09-19T04:13:36.736738Z,2,0.089800,072268a7-cfc1-b32d-0204-548c931683bb,True,KXBTC15M-26SEP190015-15,0.0130,01a0b7de-a180-71a0-ae60-66e688058524,no,no,0,KXBTC15M-26SEP190015-15,072268a7-cfc1-b32d-0204-548c931683bb,1789791216,0.9870
sell,ask,49.67,2026-09-19T04:13:36.736738Z,2,0.051350,072268a4-f859-bdb7-1e98-e02efcd7cc9c,True,KXBTC15M-26SEP190015-15,0.0150,01a0b7de-a180-71a0-ae60-66e688058524,no,no,0,KXBTC15M-26SEP190015-15,072268a4-f859-bdb7-1e98-e02efcd7cc9c,1789791216,0.9850
sell,ask,1.00,2026-09-19T04:13:36.736738Z,2,0.000900,072268a4-2781-be92-0988-6ab3c114ee2f,True,KXBTC15M-26SEP190015-15,0.0130,01a0b7de-a180-71a0-ae60-66e688058524,no,no,0,KXBTC15M-26SEP190015-15,072268a4-2781-be92-0988-6ab3c114ee2f,1789791216,0.9870
sell,ask,400.00,2026-09-19T04:13:36.736738Z,2,0.386500,072268a4-2781-bd15-17a9-19fd6b62293a,True,KXBTC15M-26SEP190015-15,0.0140,01a0b7de-a180-71a0-ae60-66e688058524,no,no,0,KXBTC15M-26SEP190015-15,072268a4-2781-bd15-17a9-19fd6b62293a,1789791216,0.9860
sell,ask,136.43,2026-09-19T04:13:36.736738Z,2,0.122510,072268a4-2781-bbd1-1051-9a81406808b1,True,KXBTC15M-26SEP190015-15,0.0130,01a0b7de-a180-71a0-ae60-66e688058524,no,no,0,KXBTC15M-26SEP190015-15,072268a4-2781-bbd1-1051-9a81406808b1,1789791216,0.9870
sell,ask,46.30,2026-09-19T04:13:36.736738Z,2,0.047900,072268a4-2781-b817-1858-0b3836770e89,True,KXBTC15M-26SEP190015-15,0.0150,01a0b7de-a180-71a0-ae60-66e688058524,no,no,0,KXBTC15M-26SEP190015-15,072268a4-2781-b817-1858-0b3836770e89,1789791216,0.9850
sell,ask,0.01,2026-09-19T04:13:36.736738Z,2,0.000070,072268a4-2781-b77b-17bc-aa354445ad65,True,KXBTC15M-26SEP190015-15,0.0130,01a0b7de-a180-71a0-ae60-66e688058524,no,no,0,KXBTC15M-26SEP190015-15,072268a4-2781-b77b-17bc-aa354445ad65,1789791216,0.9870
sell,ask,0.01,2026-09-19T04:13:36.736738Z,2,0.000070,072268a4-2781-b57e-07df-b6a5a529c335,True,KXBTC15M-26SEP190015-15,0.0130,01a0b7de-a180-71a0-ae60-66e688058524,no,no,0,KXBTC15M-26SEP190015-15,072268a4-2781-b57e-07df-b6a5a529c335,1789791216,0.9870
sell,ask,108.00,2026-09-19T04:13:36.736738Z,2,0.104400,072268a4-2781-b515-3803-189fbceb1040,True,KXBTC15M-26SEP190015-15,0.0140,01a0b7de-a180-71a0-ae60-66e688058524,no,no,0,KXBTC15M-26SEP190015-15,072268a4-2781-b515-3803-189fbceb1040,1789791216,0.9860
sell,ask,25.00,2026-09-19T04:13:36.736738Z,2,0.022500,072268a4-1fb1-b05c-104b-daee0c0958bb,True,KXBTC15M-26SEP190015-15,0.0130,01a0b7de-a180-71a0-ae60-66e688058524,no,no,0,KXBTC15M-26SEP190015-15,072268a4-1fb1-b05c-104b-daee0c0958bb,1789791216,0.9870
sell,ask,221.49,2026-09-19T04:13:36.736738Z,2,0.198930,072268a4-13c9-bc43-2442-16f764f6ed6f,True,KXBTC15M-26SEP190015-15,0.0130,01a0b7de-a180-71a0-ae60-66e688058524,no,no,0,KXBTC15M-26SEP190015-15,072268a4-13c9-bc43-2442-16f764f6ed6f,1789791216,0.9870
sell,ask,25.37,2026-09-19T04:13:36.736738Z,2,0.022690,072268a4-0bf9-b11f-0ad7-9b861da6f8de,True,KXBTC15M-26SEP190015-15,0.0130,01a0b7de-a180-71a0-ae60-66e688058524,no,no,0,KXBTC15M-26SEP190015-15,072268a4-0bf9-b11f-0ad7-9b861da6f8de,1789791216,0.9870
buy,bid,0.01,2026-09-19T04:13:22.33037Z,2,0.000030,072268a7-cda9-aee5-ab13-7fadcfe6c46b,True,KXBTC15M-26SEP190015-15,0.0230,01a0b7de-6ad0-753c-8e56-bec675fee285,yes,yes,0,KXBTC15M-26SEP190015-15,072268a7-cda9-aee5-ab13-7fadcfe6c46b,1789791202,0.9770
buy,bid,0.10,2026-09-19T04:13:22.33037Z,2,0.000200,072268a7-cda9-ac2c-ab38-1c920e5a15b6,True,KXBTC15M-26SEP190015-15,0.0230,01a0b7de-6ad0-753c-8e56-bec675fee285,yes,yes,0,KXBTC15M-26SEP190015-15,072268a7-cda9-ac2c-ab38-1c920e5a15b6,1789791202,0.9770
buy,bid,400.00,2026-09-19T04:13:22.33037Z,2,0.602400,072268a7-cda9-ab19-b5fe-c10f8946e74c,True,KXBTC15M-26SEP190015-15,0.0220,01a0b7de-6ad0-753c-8e56-bec675fee285,yes,yes,0,KXBTC15M-26SEP190015-15,072268a7-cda9-ab19-b5fe-c10f8946e74c,1789791202,0.9780
buy,bid,0.01,2026-09-19T04:13:22.33037Z,2,0.000030,072268a7-cda9-a637-a371-13d80012a383,True,KXBTC15M-26SEP190015-15,0.0230,01a0b7de-6ad0-753c-8e56-bec675fee285,yes,yes,0,KXBTC15M-26SEP190015-15,072268a7-cda9-a637-a371-13d80012a383,1789791202,0.9770
buy,bid,400.00,2026-09-19T04:13:22.33037Z,2,0.629200,072268a7-cda9-a5f6-a4d5-419c6ec5d1e3,True,KXBTC15M-26SEP190015-15,0.0230,01a0b7de-6ad0-753c-8e56-bec675fee285,yes,yes,0,KXBTC15M-26SEP190015-15,072268a7-cda9-a5f6-a4d5-419c6ec5d1e3,1789791202,0.9770
buy,bid,313.15,2026-09-19T04:13:22.33037Z,2,0.492550,072268a7-c841-ae31-8c34-1a816916c9c9,True,KXBTC15M-26SEP190015-15,0.0230,01a0b7de-6ad0-753c-8e56-bec675fee285,yes,yes,0,KXBTC15M-26SEP190015-15,072268a7-c841-ae31-8c34-1a816916c9c9,1789791202,0.9770
buy,bid,0.01,2026-09-19T04:13:22.33037Z,2,0.000030,072268a7-c191-a355-9aa5-f86defe48f6a,True,KXBTC15M-26SEP190015-15,0.0230,01a0b7de-6ad0-753c-8e56-bec675fee285,yes,yes,0,KXBTC15M-26SEP190015-15,072268a7-c191-a355-9aa5-f86defe48f6a,1789791202,0.9770
buy,bid,10.89,2026-09-19T04:02:25.087328Z,3,0.153700,07226882-f721-b332-97cc-991d5b90ea71,True,KXATPCHALLENGERMATCH-26SEP18SIMHEC-SIM,0.2800,01a0b7d4-6468-710a-8c24-984eacb59559,yes,yes,0,KXATPCHALLENGERMATCH-26SEP18SIMHEC-SIM,07226882-f721-b332-97cc-991d5b90ea71,1789790545,0.7200
buy,ask,24.02,2026-09-19T03:43:40.291011Z,2,0.053740,072268cf-de61-8287-20c3-5f4b54664068,True,KXBTC15M-26SEP182345-45,0.0330,01a0b7c3-39e0-7fb4-af5b-95c5339ec6e7,no,no,0,KXBTC15M-26SEP182345-45,072268cf-de61-8287-20c3-5f4b54664068,1789789420,0.9670
buy,ask,225.07,2026-09-19T03:27:49.897805Z,2,0.293730,07226966-7771-92f4-f23c-dbd188282a59,True,KXBTC15M-26SEP182330-30,0.9810,01a0b7b4-b708-7b1f-9083-f26add70d0ab,no,no,0,KXBTC15M-26SEP182330-30,07226966-7771-92f4-f23c-dbd188282a59,1789788469,0.0190
buy,ask,17.00,2026-09-19T03:27:49.897805Z,2,0.019900,07226966-6f01-9e6f-e3bb-cd51ac44da9c,True,KXBTC15M-26SEP182330-30,0.9830,01a0b7b4-b708-7b1f-9083-f26add70d0ab,no,no,0,KXBTC15M-26SEP182330-30,07226966-6f01-9e6f-e3bb-cd51ac44da9c,1789788469,0.0170
buy,ask,120.00,2026-09-19T03:27:49.897805Z,2,0.140300,07226966-6b29-9c95-f082-9065872e05b5,True,KXBTC15M-26SEP182330-30,0.9830,01a0b7b4-b708-7b1f-9083-f26add70d0ab,no,no,0,KXBTC15M-26SEP182330-30,07226966-6b29-9c95-f082-9065872e05b5,1789788469,0.0170
buy,ask,324.37,2026-09-19T03:27:49.897805Z,2,0.401360,07226966-6b29-9c87-f54e-89629c538bf2,True,KXBTC15M-26SEP182330-30,0.9820,01a0b7b4-b708-7b1f-9083-f26add70d0ab,no,no,0,KXBTC15M-26SEP182330-30,07226966-6b29-9c87-f54e-89629c538bf2,1789788469,0.0180
buy,ask,30.00,2026-09-19T03:27:49.897805Z,2,0.037100,07226966-6b29-992d-c00e-ade10065f7e2,True,KXBTC15M-26SEP182330-30,0.9820,01a0b7b4-b708-7b1f-9083-f26add70d0ab,no,no,0,KXBTC15M-26SEP182330-30,07226966-6b29-992d-c00e-ade10065f7e2,1789788469,0.0180
buy,ask,0.01,2026-09-19T03:27:49.897805Z,2,0.000090,07226966-6b29-9792-f153-f00884771453,True,KXBTC15M-26SEP182330-30,0.9810,01a0b7b4-b708-7b1f-9083-f26add70d0ab,no,no,0,KXBTC15M-26SEP182330-30,07226966-6b29-9792-f153-f00884771453,1789788469,0.0190
buy,ask,0.01,2026-09-19T03:27:49.897805Z,2,0.000090,07226966-6b29-9606-d211-557317af2045,True,KXBTC15M-26SEP182330-30,0.9810,01a0b7b4-b708-7b1f-9083-f26add70d0ab,no,no,0,KXBTC15M-26SEP182330-30,07226966-6b29-9606-d211-557317af2045,1789788469,0.0190
buy,ask,324.37,2026-09-19T03:27:49.897805Z,2,0.423230,07226966-6b29-957e-f6ad-a9964f9cf4a3,True,KXBTC15M-26SEP182330-30,0.9810,01a0b7b4-b708-7b1f-9083-f26add70d0ab,no,no,0,KXBTC15M-26SEP182330-30,07226966-6b29-957e-f6ad-a9964f9cf4a3,1789788469,0.0190
buy,ask,621.44,2026-09-19T03:27:49.897805Z,2,0.726980,07226966-6b29-9451-f814-4e15deeb056e,True,KXBTC15M-26SEP182330-30,0.9830,01a0b7b4-b708-7b1f-9083-f26add70d0ab,no,no,0,KXBTC15M-26SEP182330-30,07226966-6b29-9451-f814-4e15deeb056e,1789788469,0.0170
buy,ask,1.00,2026-09-19T03:27:49.897805Z,2,0.001100,07226966-6b29-92d2-d491-7209137d261e,True,KXBTC15M-26SEP182330-30,0.9810,01a0b7b4-b708-7b1f-9083-f26add70d0ab,no,no,0,KXBTC15M-26SEP182330-30,07226966-6b29-92d2-d491-7209137d261e,1789788469,0.0190
buy,ask,500.00,2026-09-19T03:27:49.897805Z,2,0.618700,07226966-4fc1-9e47-f718-6ca34639f65d,True,KXBTC15M-26SEP182330-30,0.9820,01a0b7b4-b708-7b1f-9083-f26add70d0ab,no,no,0,KXBTC15M-26SEP182330-30,07226966-4fc1-9e47-f718-6ca34639f65d,1789788469,0.0180
sell,ask,11.59,2026-09-19T03:27:21.552685Z,2,0.048660,07226965-6361-8979-44ee-f930e98253f6,True,KXBTC15M-26SEP182330-30,0.9360,01a0b7b4-49a8-7fa6-b62c-7d75b77f7b57,no,no,0,KXBTC15M-26SEP182330-30,07226965-6361-8979-44ee-f930e98253f6,1789788441,0.0640
buy,bid,11.59,2026-09-19T03:27:04.471127Z,2,0.060410,07226964-1e59-820c-fbe6-18262fb9652e,True,KXBTC15M-26SEP182330-30,0.9190,01a0b7b4-0740-7d07-9b72-7ebc20d9bdfb,yes,yes,0,KXBTC15M-26SEP182330-30,07226964-1e59-820c-fbe6-18262fb9652e,1789788424,0.0810
buy,ask,2089.30,2026-09-19T02:59:09.352843Z,2,0.292000,072269e4-62c1-af08-d2d9-9d05a794c3f0,True,KXBTC15M-26SEP182300-00,0.9980,01a0b79a-7848-75ab-99c2-108aa8faccb9,no,no,0,KXBTC15M-26SEP182300-00,072269e4-62c1-af08-d2d9-9d05a794c3f0,1789786749,0.0020
buy,bid,1.00,2026-09-19T02:33:28.019256Z,2,0.014700,07226989-23d9-b360-92ba-b15f3f114775,True,KXBTC15M-26SEP182245-45,0.3000,01a0b782-f4c0-731d-895c-e05e7aaeea0e,yes,yes,0,KXBTC15M-26SEP182245-45,07226989-23d9-b360-92ba-b15f3f114775,1789785208,0.7000
sell,ask,815.14,2026-09-19T01:50:56.986349Z,2,0.564900,07226a2b-2cc9-8d99-5608-f81baa901344,True,KXBTCD-26SEP1822-T80999.99,0.0100,01a0b75c-0400-7cb8-bbfd-57a7434aab53,no,no,0,KXBTCD-26SEP1822-T80999.99,07226a2b-2cc9-8d99-5608-f81baa901344,1789782656,0.9900
sell,ask,14.00,2026-09-19T01:50:56.986349Z,2,0.009700,07226a2a-75f1-8c43-7783-d12956e8b15c,True,KXBTCD-26SEP1822-T80999.99,0.0100,01a0b75c-0400-7cb8-bbfd-57a7434aab53,no,no,0,KXBTCD-26SEP1822-T80999.99,07226a2a-75f1-8c43-7783-d12956e8b15c,1789782656,0.9900
sell,ask,282.86,2026-09-19T01:50:56.986349Z,2,0.196100,07226a2a-75f1-8a92-5ae2-54c4be4ca6b5,True,KXBTCD-26SEP1822-T80999.99,0.0100,01a0b75c-0400-7cb8-bbfd-57a7434aab53,no,no,0,KXBTCD-26SEP1822-T80999.99,07226a2a-75f1-8a92-5ae2-54c4be4ca6b5,1789782656,0.9900
sell,ask,1000.00,2026-09-19T01:50:56.986349Z,2,0.693000,07226a29-2159-8e46-6e45-5b0fc6cd7e2b,True,KXBTCD-26SEP1822-T80999.99,0.0100,01a0b75c-0400-7cb8-bbfd-57a7434aab53,no,no,0,KXBTCD-26SEP1822-T80999.99,07226a29-2159-8e46-6e45-5b0fc6cd7e2b,1789782656,0.9900
buy,bid,165.07,2026-09-19T01:47:31.761893Z,2,0.114400,07226a56-5281-9cd0-f498-e18058b4ce69,True,KXBTCD-26SEP1822-T80999.99,0.0100,01a0b758-e338-7b8b-9877-b212d0e7cc52,yes,yes,0,KXBTCD-26SEP1822-T80999.99,07226a56-5281-9cd0-f498-e18058b4ce69,1789782451,0.9900
buy,bid,16.00,2026-09-19T01:47:31.761893Z,2,0.011100,07226a4e-ea89-97a5-d591-ee82c2589c50,True,KXBTCD-26SEP1822-T80999.99,0.0100,01a0b758-e338-7b8b-9877-b212d0e7cc52,yes,yes,0,KXBTCD-26SEP1822-T80999.99,07226a4e-ea89-97a5-d591-ee82c2589c50,1789782451,0.9900
buy,bid,7.00,2026-09-19T01:47:31.761893Z,2,0.009600,07226a3b-af31-985c-d7b5-e5b306b59bfd,True,KXBTCD-26SEP1822-T80999.99,0.0200,01a0b758-e338-7b8b-9877-b212d0e7cc52,yes,yes,0,KXBTCD-26SEP1822-T80999.99,07226a3b-af31-985c-d7b5-e5b306b59bfd,1789782451,0.9800
buy,bid,50.00,2026-09-19T01:47:31.761893Z,2,0.068600,07226a3b-1009-9426-f241-0f687af1c578,True,KXBTCD-26SEP1822-T80999.99,0.0200,01a0b758-e338-7b8b-9877-b212d0e7cc52,yes,yes,0,KXBTCD-26SEP1822-T80999.99,07226a3b-1009-9426-f241-0f687af1c578,1789782451,0.9800
buy,bid,2.45,2026-09-19T01:47:31.761893Z,2,0.003400,07226a37-a4a9-94f9-ed06-84ef33d7cbdf,True,KXBTCD-26SEP1822-T80999.99,0.0200,01a0b758-e338-7b8b-9877-b212d0e7cc52,yes,yes,0,KXBTCD-26SEP1822-T80999.99,07226a37-a4a9-94f9-ed06-84ef33d7cbdf,1789782451,0.9800
buy,bid,985.00,2026-09-19T01:47:31.761893Z,2,1.351400,07226a35-4cb9-9f2d-ec97-29cfff30740c,True,KXBTCD-26SEP1822-T80999.99,0.0200,01a0b758-e338-7b8b-9877-b212d0e7cc52,yes,yes,0,KXBTCD-26SEP1822-T80999.99,07226a35-4cb9-9f2d-ec97-29cfff30740c,1789782451,0.9800
buy,bid,886.48,2026-09-19T01:47:31.761893Z,2,1.216300,07226a23-24f9-946e-cd76-c86b18243acb,True,KXBTCD-26SEP1822-T80999.99,0.0200,01a0b758-e338-7b8b-9877-b212d0e7cc52,yes,yes,0,KXBTCD-26SEP1822-T80999.99,07226a23-24f9-946e-cd76-c86b18243acb,1789782451,0.9800
buy,ask,1.00,2026-09-19T01:43:54.668351Z,2,0.000500,07226a03-ddd1-bedb-a805-036482d9728f,True,KXBTC15M-26SEP182145-45,0.9940,01a0b755-9390-73db-87c6-91cacce68692,no,no,0,KXBTC15M-26SEP182145-45,07226a03-ddd1-bedb-a805-036482d9728f,1789782234,0.0060
buy,ask,0.01,2026-09-19T01:43:54.668351Z,2,0.000060,07226a03-ddd1-bb71-898b-bd06efdd243b,True,KXBTC15M-26SEP182145-45,0.9940,01a0b755-9390-73db-87c6-91cacce68692,no,no,0,KXBTC15M-26SEP182145-45,07226a03-ddd1-bb71-898b-bd06efdd243b,1789782234,0.0060
buy,ask,0.01,2026-09-19T01:43:54.668351Z,2,0.000060,07226a03-ddd1-ba18-95d3-97e4632f624a,True,KXBTC15M-26SEP182145-45,0.9940,01a0b755-9390-73db-87c6-91cacce68692,no,no,0,KXBTC15M-26SEP182145-45,07226a03-ddd1-ba18-95d3-97e4632f624a,1789782234,0.0060
buy,ask,1132.11,2026-09-19T01:43:54.668351Z,2,0.394250,07226a03-ddd1-b8e6-9b96-9bd0e99489d7,True,KXBTC15M-26SEP182145-45,0.9950,01a0b755-9390-73db-87c6-91cacce68692,no,no,0,KXBTC15M-26SEP182145-45,07226a03-ddd1-b8e6-9b96-9bd0e99489d7,1789782234,0.0050
buy,ask,292.06,2026-09-19T01:43:54.668351Z,2,0.101700,07226a03-c1e9-bfd3-9b9c-e8cfd9fb10c6,True,KXBTC15M-26SEP182145-45,0.9950,01a0b755-9390-73db-87c6-91cacce68692,no,no,0,KXBTC15M-26SEP182145-45,07226a03-c1e9-bfd3-9b9c-e8cfd9fb10c6,1789782234,0.0050
buy,ask,1.00,2026-09-19T01:43:54.668351Z,2,0.000300,07226a03-c1e9-bfac-8bf0-51882f1e7f90,True,KXBTC15M-26SEP182145-45,0.9950,01a0b755-9390-73db-87c6-91cacce68692,no,no,0,KXBTC15M-26SEP182145-45,07226a03-c1e9-bfac-8bf0-51882f1e7f90,1789782234,0.0050
buy,ask,5.20,2026-09-19T01:43:54.668351Z,2,0.001800,07226a03-c1e9-bf7e-8696-b1d079571fe0,True,KXBTC15M-26SEP182145-45,0.9950,01a0b755-9390-73db-87c6-91cacce68692,no,no,0,KXBTC15M-26SEP182145-45,07226a03-c1e9-bf7e-8696-b1d079571fe0,1789782234,0.0050
buy,ask,0.10,2026-09-19T01:43:54.668351Z,2,0.000000,07226a03-c1e9-bf35-91f4-0524e77123e5,True,KXBTC15M-26SEP182145-45,0.9950,01a0b755-9390-73db-87c6-91cacce68692,no,no,0,KXBTC15M-26SEP182145-45,07226a03-c1e9-bf35-91f4-0524e77123e5,1789782234,0.0050
buy,ask,48.00,2026-09-19T01:43:54.668351Z,2,0.016600,07226a03-c1e9-b963-acae-65d7b503ec91,True,KXBTC15M-26SEP182145-45,0.9950,01a0b755-9390-73db-87c6-91cacce68692,no,no,0,KXBTC15M-26SEP182145-45,07226a03-c1e9-b963-acae-65d7b503ec91,1789782234,0.0050
buy,ask,19.74,2026-09-19T01:43:54.668351Z,2,0.006900,07226a03-c1e9-b892-806f-09cb9a35c9e7,True,KXBTC15M-26SEP182145-45,0.9950,01a0b755-9390-73db-87c6-91cacce68692,no,no,0,KXBTC15M-26SEP182145-45,07226a03-c1e9-b892-806f-09cb9a35c9e7,1789782234,0.0050
buy,ask,92.00,2026-09-19T01:43:54.668351Z,2,0.032000,07226a03-c1e9-b82c-9dfa-1c81856ff580,True,KXBTC15M-26SEP182145-45,0.9950,01a0b755-9390-73db-87c6-91cacce68692,no,no,0,KXBTC15M-26SEP182145-45,07226a03-c1e9-b82c-9dfa-1c81856ff580,1789782234,0.0050
buy,ask,125.00,2026-09-19T01:43:54.668351Z,2,0.043600,07226a03-c1e9-b6fa-b2c1-5e4c13ff145d,True,KXBTC15M-26SEP182145-45,0.9950,01a0b755-9390-73db-87c6-91cacce68692,no,no,0,KXBTC15M-26SEP182145-45,07226a03-c1e9-b6fa-b2c1-5e4c13ff145d,1789782234,0.0050
buy,ask,273.02,2026-09-19T01:43:54.668351Z,2,0.095100,07226a03-c1e9-b588-be0c-dda1c5399bbc,True,KXBTC15M-26SEP182145-45,0.9950,01a0b755-9390-73db-87c6-91cacce68692,no,no,0,KXBTC15M-26SEP182145-45,07226a03-c1e9-b588-be0c-dda1c5399bbc,1789782234,0.0050
buy,ask,99.75,2026-09-19T01:43:54.668351Z,2,0.034750,07226a03-c1e9-b3b3-a6b9-d26c1875f652,True,KXBTC15M-26SEP182145-45,0.9950,01a0b755-9390-73db-87c6-91cacce68692,no,no,0,KXBTC15M-26SEP182145-45,07226a03-c1e9-b3b3-a6b9-d26c1875f652,1789782234,0.0050
buy,ask,13.00,2026-09-19T01:43:54.668351Z,2,0.004500,07226a03-c1e9-b278-bf24-32c0a78a5682,True,KXBTC15M-26SEP182145-45,0.9950,01a0b755-9390-73db-87c6-91cacce68692,no,no,0,KXBTC15M-26SEP182145-45,07226a03-c1e9-b278-bf24-32c0a78a5682,1789782234,0.0050
buy,ask,127.00,2026-09-19T00:58:56.951014Z,2,0.578800,07226b9d-f311-a22a-2f52-8decf34d86c4,True,KXBTCD-26SEP1821-T81599.99,0.9300,01a0b72c-6880-77ad-a07f-5e12e1b2cf39,no,no,0,KXBTCD-26SEP1821-T81599.99,07226b9d-f311-a22a-2f52-8decf34d86c4,1789779536,0.0700
buy,bid,166.29,2026-09-19T00:56:50.766055Z,2,0.707450,07226b83-8d11-ba42-185b-8c76e675f073,True,KXBTC15M-26SEP182100-00,0.0650,01a0b72a-7c50-7084-a0fa-0ee919cbe06c,yes,yes,0,KXBTC15M-26SEP182100-00,07226b83-8d11-ba42-185b-8c76e675f073,1789779410,0.9350
buy,bid,309.00,2026-09-19T00:56:50.766055Z,2,1.314500,07226b83-8d11-b720-3b42-3180f92f7e13,True,KXBTC15M-26SEP182100-00,0.0650,01a0b72a-7c50-7084-a0fa-0ee919cbe06c,yes,yes,0,KXBTC15M-26SEP182100-00,07226b83-8d11-b720-3b42-3180f92f7e13,1789779410,0.9350
buy,bid,146.00,2026-09-19T00:56:50.766055Z,2,0.612200,07226b83-8929-be51-06f7-5b29fe5fc241,True,KXBTC15M-26SEP182100-00,0.0640,01a0b72a-7c50-7084-a0fa-0ee919cbe06c,yes,yes,0,KXBTC15M-26SEP182100-00,07226b83-8929-be51-06f7-5b29fe5fc241,1789779410,0.9360
buy,bid,0.01,2026-09-19T00:56:50.766055Z,2,0.000050,07226b83-8929-b463-2cdb-61f9aa33ca39,True,KXBTC15M-26SEP182100-00,0.0650,01a0b72a-7c50-7084-a0fa-0ee919cbe06c,yes,yes,0,KXBTC15M-26SEP182100-00,07226b83-8929-b463-2cdb-61f9aa33ca39,1789779410,0.9350
buy,bid,954.69,2026-09-19T00:56:50.766055Z,2,4.061550,07226b83-8929-b34d-2e25-4630af913d20,True,KXBTC15M-26SEP182100-00,0.0650,01a0b72a-7c50-7084-a0fa-0ee919cbe06c,yes,yes,0,KXBTC15M-26SEP182100-00,07226b83-8929-b34d-2e25-4630af913d20,1789779410,0.9350
buy,bid,17.00,2026-09-19T00:56:50.766055Z,2,0.071300,07226b83-8929-b20c-15d5-6685e8b9716f,True,KXBTC15M-26SEP182100-00,0.0640,01a0b72a-7c50-7084-a0fa-0ee919cbe06c,yes,yes,0,KXBTC15M-26SEP182100-00,07226b83-8929-b20c-15d5-6685e8b9716f,1789779410,0.9360
buy,bid,0.01,2026-09-19T00:56:50.766055Z,2,0.000050,07226b83-8929-b01d-3bc5-ea25d4248343,True,KXBTC15M-26SEP182100-00,0.0650,01a0b72a-7c50-7084-a0fa-0ee919cbe06c,yes,yes,0,KXBTC15M-26SEP182100-00,07226b83-8929-b01d-3bc5-ea25d4248343,1789779410,0.9350
buy,bid,1.00,2026-09-19T00:56:50.766055Z,2,0.004300,07226b83-8929-b00a-1170-5fb09828f7cd,True,KXBTC15M-26SEP182100-00,0.0650,01a0b72a-7c50-7084-a0fa-0ee919cbe06c,yes,yes,0,KXBTC15M-26SEP182100-00,07226b83-8929-b00a-1170-5fb09828f7cd,1789779410,0.9350
buy,bid,500.00,2026-09-19T00:56:50.766055Z,2,2.127100,07226b83-85c1-bd55-3da2-43de7e5c77d0,True,KXBTC15M-26SEP182100-00,0.0650,01a0b72a-7c50-7084-a0fa-0ee919cbe06c,yes,yes,0,KXBTC15M-26SEP182100-00,07226b83-85c1-bd55-3da2-43de7e5c77d0,1789779410,0.9350
buy,bid,100.00,2026-09-19T00:42:01.830648Z,2,0.076200,07226b6f-4961-b1ee-0006-d25ffca83997,True,KXBTC15M-26SEP182045-45,0.0110,01a0b71c-eba8-710c-a250-2376b9a084ee,yes,yes,0,KXBTC15M-26SEP182045-45,07226b6f-4961-b1ee-0006-d25ffca83997,1789778521,0.9890
buy,bid,31.26,2026-09-19T00:42:01.830648Z,2,0.023760,07226b6f-4509-ba7f-2e34-4d5b5594e060,True,KXBTC15M-26SEP182045-45,0.0110,01a0b71c-eba8-710c-a250-2376b9a084ee,yes,yes,0,KXBTC15M-26SEP182045-45,07226b6f-4509-ba7f-2e34-4d5b5594e060,1789778521,0.9890
buy,bid,0.01,2026-09-19T00:42:01.830648Z,2,0.000020,07226b6f-4509-ba6d-0d81-0970b70afe2f,True,KXBTC15M-26SEP182045-45,0.0120,01a0b71c-eba8-710c-a250-2376b9a084ee,yes,yes,0,KXBTC15M-26SEP182045-45,07226b6f-4509-ba6d-0d81-0970b70afe2f,1789778521,0.9880
buy,bid,155.96,2026-09-19T00:42:01.830648Z,2,0.118760,07226b6f-4509-b9da-15c7-a395a8ad8bf9,True,KXBTC15M-26SEP182045-45,0.0110,01a0b71c-eba8-710c-a250-2376b9a084ee,yes,yes,0,KXBTC15M-26SEP182045-45,07226b6f-4509-b9da-15c7-a395a8ad8bf9,1789778521,0.9890
buy,bid,100.00,2026-09-19T00:42:01.830648Z,2,0.076100,07226b6f-4509-b887-2959-2a2bd64f4f70,True,KXBTC15M-26SEP182045-45,0.0110,01a0b71c-eba8-710c-a250-2376b9a084ee,yes,yes,0,KXBTC15M-26SEP182045-45,07226b6f-4509-b887-2959-2a2bd64f4f70,1789778521,0.9890
buy,bid,3.77,2026-09-19T00:42:01.830648Z,2,0.002870,07226b6f-4509-b206-03e7-3a1ce9a7d343,True,KXBTC15M-26SEP182045-45,0.0110,01a0b71c-eba8-710c-a250-2376b9a084ee,yes,yes,0,KXBTC15M-26SEP182045-45,07226b6f-4509-b206-03e7-3a1ce9a7d343,1789778521,0.9890
buy,bid,1.00,2026-09-19T00:42:01.830648Z,2,0.000900,07226b6f-4509-b0c8-3545-65caa330c006,True,KXBTC15M-26SEP182045-45,0.0120,01a0b71c-eba8-710c-a250-2376b9a084ee,yes,yes,0,KXBTC15M-26SEP182045-45,07226b6f-4509-b0c8-3545-65caa330c006,1789778521,0.9880
buy,bid,1.00,2026-09-19T00:42:01.830648Z,2,0.000800,07226b6f-4509-b041-0ff9-45a6edd0a6e6,True,KXBTC15M-26SEP182045-45,0.0110,01a0b71c-eba8-710c-a250-2376b9a084ee,yes,yes,0,KXBTC15M-26SEP182045-45,07226b6f-4509-b041-0ff9-45a6edd0a6e6,1789778521,0.9890
buy,bid,654.00,2026-09-19T00:41:46.484533Z,2,0.720800,07226b6e-7551-bc6e-910a-d85ba5d6faea,True,KXBTC15M-26SEP182045-45,0.0160,01a0b71c-b110-7301-800d-535b6f0e4248,yes,yes,0,KXBTC15M-26SEP182045-45,07226b6e-7551-bc6e-910a-d85ba5d6faea,1789778506,0.9840
buy,bid,0.01,2026-09-19T00:41:46.484533Z,2,0.000060,07226b6e-7551-ba98-aeda-c1e06535649d,True,KXBTC15M-26SEP182045-45,0.0160,01a0b71c-b110-7301-800d-535b6f0e4248,yes,yes,0,KXBTC15M-26SEP182045-45,07226b6e-7551-ba98-aeda-c1e06535649d,1789778506,0.9840
buy,bid,0.01,2026-09-19T00:41:46.484533Z,2,0.000050,07226b6e-7551-b9ca-86ae-c0316af418f3,True,KXBTC15M-26SEP182045-45,0.0150,01a0b71c-b110-7301-800d-535b6f0e4248,yes,yes,0,KXBTC15M-26SEP182045-45,07226b6e-7551-b9ca-86ae-c0316af418f3,1789778506,0.9850
buy,bid,400.00,2026-09-19T00:41:46.484533Z,2,0.440700,07226b6e-7551-b92f-8a39-bc103fe6002b,True,KXBTC15M-26SEP182045-45,0.0160,01a0b71c-b110-7301-800d-535b6f0e4248,yes,yes,0,KXBTC15M-26SEP182045-45,07226b6e-7551-b92f-8a39-bc103fe6002b,1789778506,0.9840
buy,bid,0.01,2026-09-19T00:41:46.484533Z,2,0.000060,07226b6e-7551-b7bc-8a1c-3d4b8dae7dba,True,KXBTC15M-26SEP182045-45,0.0160,01a0b71c-b110-7301-800d-535b6f0e4248,yes,yes,0,KXBTC15M-26SEP182045-45,07226b6e-7551-b7bc-8a1c-3d4b8dae7dba,1789778506,0.9840
buy,bid,400.00,2026-09-19T00:41:46.484533Z,2,0.413700,07226b6e-7551-b07b-9dd2-60f243cdc3af,True,KXBTC15M-26SEP182045-45,0.0150,01a0b71c-b110-7301-800d-535b6f0e4248,yes,yes,0,KXBTC15M-26SEP182045-45,07226b6e-7551-b07b-9dd2-60f243cdc3af,1789778506,0.9850
buy,bid,243.09,2026-09-19T00:41:46.484533Z,2,0.251450,07226b6e-6d01-b98b-bff9-7fe8d0effe2a,True,KXBTC15M-26SEP182045-45,0.0150,01a0b71c-b110-7301-800d-535b6f0e4248,yes,yes,0,KXBTC15M-26SEP182045-45,07226b6e-6d01-b98b-bff9-7fe8d0effe2a,1789778506,0.9850
buy,ask,29.00,2026-09-18T23:43:17.702962Z,2,0.041800,07226d7b-be29-af6d-893d-6a12ee7ab02e,True,KXBTC15M-26SEP181945-45,0.9790,01a0b6e7-2608-7409-83d7-2600dd234825,no,no,0,KXBTC15M-26SEP181945-45,07226d7b-be29-af6d-893d-6a12ee7ab02e,1789774997,0.0210
buy,ask,216.00,2026-09-18T23:43:17.702962Z,2,0.310800,07226d7b-be29-ae03-8ef4-2c35b8dbe22c,True,KXBTC15M-26SEP181945-45,0.9790,01a0b6e7-2608-7409-83d7-2600dd234825,no,no,0,KXBTC15M-26SEP181945-45,07226d7b-be29-ae03-8ef4-2c35b8dbe22c,1789774997,0.0210
buy,ask,17.00,2026-09-18T23:43:17.702962Z,2,0.025600,07226d7b-be29-add9-9f16-1d2badde268b,True,KXBTC15M-26SEP181945-45,0.9780,01a0b6e7-2608-7409-83d7-2600dd234825,no,no,0,KXBTC15M-26SEP181945-45,07226d7b-be29-add9-9f16-1d2badde268b,1789774997,0.0220
buy,ask,1.00,2026-09-18T23:43:17.702962Z,2,0.001600,07226d7b-be29-ac2b-b3b9-95e698777710,True,KXBTC15M-26SEP181945-45,0.9770,01a0b6e7-2608-7409-83d7-2600dd234825,no,no,0,KXBTC15M-26SEP181945-45,07226d7b-be29-ac2b-b3b9-95e698777710,1789774997,0.0230
buy,ask,1418.51,2026-09-18T23:43:17.702962Z,2,2.041410,07226d7b-be29-aa15-9610-c0f1c5ac9ed9,True,KXBTC15M-26SEP181945-45,0.9790,01a0b6e7-2608-7409-83d7-2600dd234825,no,no,0,KXBTC15M-26SEP181945-45,07226d7b-be29-aa15-9610-c0f1c5ac9ed9,1789774997,0.0210
buy,ask,0.01,2026-09-18T23:43:17.702962Z,2,0.000030,07226d7b-be29-a806-b3bd-f6bb86766412,True,KXBTC15M-26SEP181945-45,0.9770,01a0b6e7-2608-7409-83d7-2600dd234825,no,no,0,KXBTC15M-26SEP181945-45,07226d7b-be29-a806-b3bd-f6bb86766412,1789774997,0.0230
buy,ask,17.00,2026-09-18T23:43:17.702962Z,2,0.026700,07226d7b-be29-a537-8b17-21970c1df994,True,KXBTC15M-26SEP181945-45,0.9770,01a0b6e7-2608-7409-83d7-2600dd234825,no,no,0,KXBTC15M-26SEP181945-45,07226d7b-be29-a537-8b17-21970c1df994,1789774997,0.0230
buy,ask,0.01,2026-09-18T23:43:17.702962Z,2,0.000030,07226d7b-be29-a524-9094-2014b48c4a00,True,KXBTC15M-26SEP181945-45,0.9770,01a0b6e7-2608-7409-83d7-2600dd234825,no,no,0,KXBTC15M-26SEP181945-45,07226d7b-be29-a524-9094-2014b48c4a00,1789774997,0.0230
buy,ask,34.23,2026-09-18T23:43:17.702962Z,2,0.051560,07226d7b-be29-a2cb-96e1-9ff55f21abf1,True,KXBTC15M-26SEP181945-45,0.9780,01a0b6e7-2608-7409-83d7-2600dd234825,no,no,0,KXBTC15M-26SEP181945-45,07226d7b-be29-a2cb-96e1-9ff55f21abf1,1789774997,0.0220
buy,ask,0.10,2026-09-18T23:43:17.702962Z,2,0.000200,07226d7b-be29-a2b8-ad3b-e4334a2e2067,True,KXBTC15M-26SEP181945-45,0.9770,01a0b6e7-2608-7409-83d7-2600dd234825,no,no,0,KXBTC15M-26SEP181945-45,07226d7b-be29-a2b8-ad3b-e4334a2e2067,1789774997,0.0230
buy,ask,317.14,2026-09-18T23:43:17.702962Z,2,0.477680,07226d7b-8e49-a850-ad0c-6237b2fc20b4,True,KXBTC15M-26SEP181945-45,0.9780,01a0b6e7-2608-7409-83d7-2600dd234825,no,no,0,KXBTC15M-26SEP181945-45,07226d7b-8e49-a850-ad0c-6237b2fc20b4,1789774997,0.0220
buy,ask,150.62,2026-09-18T23:27:06.364216Z,2,0.206700,07226db9-0569-8d23-adac-fb656e46fc18,True,KXBTC15M-26SEP181930-30,0.9800,01a0b6d8-5510-7cc3-82fb-63f4aff1eac2,no,no,0,KXBTC15M-26SEP181930-30,07226db9-0569-8d23-adac-fb656e46fc18,1789774026,0.0200
buy,ask,0.01,2026-09-18T23:27:06.364216Z,2,0.000000,07226db9-0569-8a80-be7c-4ab38e0cd12b,True,KXBTC15M-26SEP181930-30,0.9800,01a0b6d8-5510-7cc3-82fb-63f4aff1eac2,no,no,0,KXBTC15M-26SEP181930-30,07226db9-0569-8a80-be7c-4ab38e0cd12b,1789774026,0.0200
buy,ask,0.01,2026-09-18T23:27:06.364216Z,2,0.000000,07226db9-0569-891a-9cad-caefff17edb2,True,KXBTC15M-26SEP181930-30,0.9800,01a0b6d8-5510-7cc3-82fb-63f4aff1eac2,no,no,0,KXBTC15M-26SEP181930-30,07226db9-0569-891a-9cad-caefff17edb2,1789774026,0.0200
buy,ask,1859.36,2026-09-18T23:27:06.364216Z,2,2.551100,07226db9-0569-86df-ac6c-7473b0b66a0a,True,KXBTC15M-26SEP181930-30,0.9800,01a0b6d8-5510-7cc3-82fb-63f4aff1eac2,no,no,0,KXBTC15M-26SEP181930-30,07226db9-0569-86df-ac6c-7473b0b66a0a,1789774026,0.0200
buy,ask,32.00,2026-09-18T22:43:08.14788Z,2,0.037400,07226c70-45e1-98bd-2d3a-2766193fa8af,True,KXBTC15M-26SEP181845-45,0.9830,01a0b6b0-1460-7be4-aa99-7b643fe126c2,no,no,0,KXBTC15M-26SEP181845-45,07226c70-45e1-98bd-2d3a-2766193fa8af,1789771388,0.0170
buy,ask,400.00,2026-09-18T22:43:08.14788Z,2,0.494900,07226c70-45e1-94fb-129f-8096cdedeb4c,True,KXBTC15M-26SEP181845-45,0.9820,01a0b6b0-1460-7be4-aa99-7b643fe126c2,no,no,0,KXBTC15M-26SEP181845-45,07226c70-45e1-94fb-129f-8096cdedeb4c,1789771388,0.0180
buy,ask,400.00,2026-09-18T22:43:08.14788Z,2,0.468000,07226c70-45e1-9449-0320-9389330f91b9,True,KXBTC15M-26SEP181845-45,0.9830,01a0b6b0-1460-7be4-aa99-7b643fe126c2,no,no,0,KXBTC15M-26SEP181845-45,07226c70-45e1-9449-0320-9389330f91b9,1789771388,0.0170
buy,ask,76.98,2026-09-18T22:43:08.14788Z,2,0.084880,07226c70-45e1-9121-3564-909d2bb3e368,True,KXBTC15M-26SEP181845-45,0.9840,01a0b6b0-1460-7be4-aa99-7b643fe126c2,no,no,0,KXBTC15M-26SEP181845-45,07226c70-45e1-9121-3564-909d2bb3e368,1789771388,0.0160
buy,ask,92.93,2026-09-18T22:43:08.14788Z,2,0.115040,07226c70-41f9-9e55-2ece-fcfbef7fc922,True,KXBTC15M-26SEP181845-45,0.9820,01a0b6b0-1460-7be4-aa99-7b643fe126c2,no,no,0,KXBTC15M-26SEP181845-45,07226c70-41f9-9e55-2ece-fcfbef7fc922,1789771388,0.0180
buy,ask,0.01,2026-09-18T22:43:08.14788Z,2,0.000080,07226c70-41f9-9e26-27f0-acb280ec89c8,True,KXBTC15M-26SEP181845-45,0.9820,01a0b6b0-1460-7be4-aa99-7b643fe126c2,no,no,0,KXBTC15M-26SEP181845-45,07226c70-41f9-9e26-27f0-acb280ec89c8,1789771388,0.0180
buy,ask,0.01,2026-09-18T22:43:08.14788Z,2,0.000080,07226c70-41f9-9b00-3669-7f83b81736d8,True,KXBTC15M-26SEP181845-45,0.9820,01a0b6b0-1460-7be4-aa99-7b643fe126c2,no,no,0,KXBTC15M-26SEP181845-45,07226c70-41f9-9b00-3669-7f83b81736d8,1789771388,0.0180
buy,ask,903.00,2026-09-18T22:43:08.14788Z,2,0.995100,07226c70-41f9-952d-29ba-92957c58a596,True,KXBTC15M-26SEP181845-45,0.9840,01a0b6b0-1460-7be4-aa99-7b643fe126c2,no,no,0,KXBTC15M-26SEP181845-45,07226c70-41f9-952d-29ba-92957c58a596,1789771388,0.0160
buy,ask,80.97,2026-09-18T22:43:08.14788Z,2,0.089220,07226c70-41f9-94c7-0d64-ee7e6a4d866f,True,KXBTC15M-26SEP181845-45,0.9840,01a0b6b0-1460-7be4-aa99-7b643fe126c2,no,no,0,KXBTC15M-26SEP181845-45,07226c70-41f9-94c7-0d64-ee7e6a4d866f,1789771388,0.0160
buy,ask,0.10,2026-09-18T22:43:08.14788Z,2,0.000000,07226c70-41f9-9441-1717-b30c4c73faf9,True,KXBTC15M-26SEP181845-45,0.9820,01a0b6b0-1460-7be4-aa99-7b643fe126c2,no,no,0,KXBTC15M-26SEP181845-45,07226c70-41f9-9441-1717-b30c4c73faf9,1789771388,0.0180
buy,bid,1265.82,2026-09-18T22:23:53.26935Z,1,0.642114,07226ce7-9f39-a181-efe7-279070f22874,True,KXMVECROSSCATEGORY-S2026269852AEC2C-91B368E50B8,0.9927,01a0b69e-74a8-77b6-9614-732e6003076f,yes,yes,0,KXMVECROSSCATEGORY-S2026269852AEC2C-91B368E50B8,07226ce7-9f39-a181-efe7-279070f22874,1789770233,0.0073
buy,ask,203.79,2026-09-18T21:57:16.502183Z,2,0.279600,07226c6e-23c9-98de-69ad-bbc5fd4c5d26,True,KXBTCD-26SEP1818-T81299.99,0.9800,01a0b686-1660-7bd2-b1dc-8013b4027734,no,no,0,KXBTCD-26SEP1818-T81299.99,07226c6e-23c9-98de-69ad-bbc5fd4c5d26,1789768636,0.0200
buy,bid,2.64,2026-09-18T21:54:34.805221Z,2,0.045300,07226c8d-2951-a064-9bc4-3a238bb10f2f,True,KXBTC15M-26SEP181800-00,0.5700,01a0b683-9d90-76b1-85f2-b5e4988404b9,yes,yes,0,KXBTC15M-26SEP181800-00,07226c8d-2951-a064-9bc4-3a238bb10f2f,1789768474,0.4300
buy,bid,19.72,2026-09-18T21:54:34.805221Z,2,0.338400,07226c8d-14b9-adb9-99a2-ff5353015317,True,KXBTC15M-26SEP181800-00,0.5700,01a0b683-9d90-76b1-85f2-b5e4988404b9,yes,yes,0,KXBTC15M-26SEP181800-00,07226c8d-14b9-adb9-99a2-ff5353015317,1789768474,0.4300
buy,bid,29.60,2026-09-18T21:12:19.808584Z,2,0.044600,07226f2f-6379-a13e-d3c5-472214815fbb,True,KXBTC15M-26SEP181715-15,0.0220,01a0b65c-ef38-740e-9803-40b9026d7cbe,yes,yes,0,KXBTC15M-26SEP181715-15,07226f2f-6379-a13e-d3c5-472214815fbb,1789765939,0.9780
buy,bid,478.00,2026-09-18T21:12:04.168535Z,2,0.559200,07226f2e-6621-80ec-b408-a92e329b1f85,True,KXBTC15M-26SEP181715-15,0.0170,01a0b65c-b4a0-7e0c-80b3-0654705b0875,yes,yes,0,KXBTC15M-26SEP181715-15,07226f2e-6621-80ec-b408-a92e329b1f85,1789765924,0.9830
buy,bid,1.00,2026-09-18T21:12:04.168535Z,2,0.000900,07226f2e-6239-8f98-b0df-d372398b356f,True,KXBTC15M-26SEP181715-15,0.0120,01a0b65c-b4a0-7e0c-80b3-0654705b0875,yes,yes,0,KXBTC15M-26SEP181715-15,07226f2e-6239-8f98-b0df-d372398b356f,1789765924,0.9880
buy,bid,2.00,2026-09-18T21:12:04.168535Z,2,0.002100,07226f2e-6239-8f4d-a9cf-e6b50acf24a4,True,KXBTC15M-26SEP181715-15,0.0150,01a0b65c-b4a0-7e0c-80b3-0654705b0875,yes,yes,0,KXBTC15M-26SEP181715-15,07226f2e-6239-8f4d-a9cf-e6b50acf24a4,1789765924,0.9850
buy,bid,500.00,2026-09-18T21:12:04.168535Z,2,0.686000,07226f2e-6239-8e2b-b142-6aaf623d5e4c,True,KXBTC15M-26SEP181715-15,0.0200,01a0b65c-b4a0-7e0c-80b3-0654705b0875,yes,yes,0,KXBTC15M-26SEP181715-15,07226f2e-6239-8e2b-b142-6aaf623d5e4c,1789765924,0.9800
buy,bid,2.00,2026-09-18T21:12:04.168535Z,2,0.001800,07226f2e-6239-8e1b-b29e-9fff475ce84e,True,KXBTC15M-26SEP181715-15,0.0130,01a0b65c-b4a0-7e0c-80b3-0654705b0875,yes,yes,0,KXBTC15M-26SEP181715-15,07226f2e-6239-8e1b-b29e-9fff475ce84e,1789765924,0.9870
buy,bid,29.00,2026-09-18T21:12:04.168535Z,2,0.026000,07226f2e-6239-8d76-81c2-40cc2757f2a1,True,KXBTC15M-26SEP181715-15,0.0130,01a0b65c-b4a0-7e0c-80b3-0654705b0875,yes,yes,0,KXBTC15M-26SEP181715-15,07226f2e-6239-8d76-81c2-40cc2757f2a1,1789765924,0.9870
buy,bid,2.00,2026-09-18T21:12:04.168535Z,2,0.001700,07226f2e-6239-8c98-9f5b-ab8d127c071f,True,KXBTC15M-26SEP181715-15,0.0120,01a0b65c-b4a0-7e0c-80b3-0654705b0875,yes,yes,0,KXBTC15M-26SEP181715-15,07226f2e-6239-8c98-9f5b-ab8d127c071f,1789765924,0.9880
buy,bid,5.00,2026-09-18T21:12:04.168535Z,2,0.006800,07226f2e-6239-8b07-929c-a3fe7cdea77a,True,KXBTC15M-26SEP181715-15,0.0200,01a0b65c-b4a0-7e0c-80b3-0654705b0875,yes,yes,0,KXBTC15M-26SEP181715-15,07226f2e-6239-8b07-929c-a3fe7cdea77a,1789765924,0.9800
buy,bid,150.00,2026-09-18T21:12:04.168535Z,2,0.215900,07226f2e-6239-88f8-bc9d-926623992deb,True,KXBTC15M-26SEP181715-15,0.0210,01a0b65c-b4a0-7e0c-80b3-0654705b0875,yes,yes,0,KXBTC15M-26SEP181715-15,07226f2e-6239-88f8-bc9d-926623992deb,1789765924,0.9790
buy,bid,2.00,2026-09-18T21:12:04.168535Z,2,0.002000,07226f2e-6239-88f1-bbb1-a3056863f974,True,KXBTC15M-26SEP181715-15,0.0140,01a0b65c-b4a0-7e0c-80b3-0654705b0875,yes,yes,0,KXBTC15M-26SEP181715-15,07226f2e-6239-88f1-bbb1-a3056863f974,1789765924,0.9860
buy,bid,0.01,2026-09-18T21:12:04.168535Z,2,0.000010,07226f2e-6239-87fb-a39c-1274ae20ae27,True,KXBTC15M-26SEP181715-15,0.0210,01a0b65c-b4a0-7e0c-80b3-0654705b0875,yes,yes,0,KXBTC15M-26SEP181715-15,07226f2e-6239-87fb-a39c-1274ae20ae27,1789765924,0.9790
buy,bid,7.00,2026-09-18T21:12:04.168535Z,2,0.010100,07226f2e-6239-8671-9841-8a74c22f9bda,True,KXBTC15M-26SEP181715-15,0.0210,01a0b65c-b4a0-7e0c-80b3-0654705b0875,yes,yes,0,KXBTC15M-26SEP181715-15,07226f2e-6239-8671-9841-8a74c22f9bda,1789765924,0.9790
buy,bid,2.00,2026-09-18T21:12:04.168535Z,2,0.002200,07226f2e-6239-8658-891e-ed2d118557b5,True,KXBTC15M-26SEP181715-15,0.0160,01a0b65c-b4a0-7e0c-80b3-0654705b0875,yes,yes,0,KXBTC15M-26SEP181715-15,07226f2e-6239-8658-891e-ed2d118557b5,1789765924,0.9840
buy,bid,1.00,2026-09-18T21:12:04.168535Z,2,0.001400,07226f2e-6239-8629-bac3-c837b4781f6a,True,KXBTC15M-26SEP181715-15,0.0210,01a0b65c-b4a0-7e0c-80b3-0654705b0875,yes,yes,0,KXBTC15M-26SEP181715-15,07226f2e-6239-8629-bac3-c837b4781f6a,1789765924,0.9790
buy,bid,0.01,2026-09-18T21:12:04.168535Z,2,0.000010,07226f2e-6239-8610-8630-599503ef8140,True,KXBTC15M-26SEP181715-15,0.0210,01a0b65c-b4a0-7e0c-80b3-0654705b0875,yes,yes,0,KXBTC15M-26SEP181715-15,07226f2e-6239-8610-8630-599503ef8140,1789765924,0.9790
buy,bid,94.00,2026-09-18T21:12:04.168535Z,2,0.078000,07226f2e-6239-85a1-a510-ff27c1fae34f,True,KXBTC15M-26SEP181715-15,0.0120,01a0b65c-b4a0-7e0c-80b3-0654705b0875,yes,yes,0,KXBTC15M-26SEP181715-15,07226f2e-6239-85a1-a510-ff27c1fae34f,1789765924,0.9880
buy,bid,269.28,2026-09-18T21:12:04.168535Z,2,0.260120,07226f2e-6239-858e-a6c0-f5c5859cf65f,True,KXBTC15M-26SEP181715-15,0.0140,01a0b65c-b4a0-7e0c-80b3-0654705b0875,yes,yes,0,KXBTC15M-26SEP181715-15,07226f2e-6239-858e-a6c0-f5c5859cf65f,1789765924,0.9860
buy,bid,0.01,2026-09-18T21:12:04.168535Z,2,0.000010,07226f2e-6239-84d0-8bfc-95882bead4eb,True,KXBTC15M-26SEP181715-15,0.0210,01a0b65c-b4a0-7e0c-80b3-0654705b0875,yes,yes,0,KXBTC15M-26SEP181715-15,07226f2e-6239-84d0-8bfc-95882bead4eb,1789765924,0.9790
buy,bid,100.00,2026-09-18T21:12:04.168535Z,2,0.089800,07226f2e-6239-84aa-a4bc-d49440e9ef16,True,KXBTC15M-26SEP181715-15,0.0130,01a0b65c-b4a0-7e0c-80b3-0654705b0875,yes,yes,0,KXBTC15M-26SEP181715-15,07226f2e-6239-84aa-a4bc-d49440e9ef16,1789765924,0.9870
buy,bid,109.50,2026-09-18T21:12:04.168535Z,2,0.090800,07226f2e-6239-83fb-b02a-14395209083e,True,KXBTC15M-26SEP181715-15,0.0120,01a0b65c-b4a0-7e0c-80b3-0654705b0875,yes,yes,0,KXBTC15M-26SEP181715-15,07226f2e-6239-83fb-b02a-14395209083e,1789765924,0.9880
buy,bid,17.00,2026-09-18T21:12:04.168535Z,2,0.023400,07226f2e-6239-8288-af4e-83b758e19c8e,True,KXBTC15M-26SEP181715-15,0.0200,01a0b65c-b4a0-7e0c-80b3-0654705b0875,yes,yes,0,KXBTC15M-26SEP181715-15,07226f2e-6239-8288-af4e-83b758e19c8e,1789765924,0.9800
buy,bid,100.00,2026-09-18T21:12:04.168535Z,2,0.089800,07226f2e-6239-81b3-bddd-b22b0ebf2ab0,True,KXBTC15M-26SEP181715-15,0.0130,01a0b65c-b4a0-7e0c-80b3-0654705b0875,yes,yes,0,KXBTC15M-26SEP181715-15,07226f2e-6239-81b3-bddd-b22b0ebf2ab0,1789765924,0.9870
buy,bid,50.00,2026-09-18T21:12:04.168535Z,2,0.068600,07226f2e-6239-804c-b7cf-72e4a260aad5,True,KXBTC15M-26SEP181715-15,0.0200,01a0b65c-b4a0-7e0c-80b3-0654705b0875,yes,yes,0,KXBTC15M-26SEP181715-15,07226f2e-6239-804c-b7cf-72e4a260aad5,1789765924,0.9800
buy,ask,1883.18,2026-09-18T20:59:03.259864Z,2,0.131780,07226f00-cb81-9e76-9f4b-614d1edfd322,True,KXBTC15M-26SEP181700-00,0.9990,01a0b650-c9d8-78af-8d6e-b802b967cfb7,no,no,0,KXBTC15M-26SEP181700-00,07226f00-cb81-9e76-9f4b-614d1edfd322,1789765143,0.0010
buy,ask,1917.78,2026-09-18T20:14:08.156672Z,2,0.134180,07226e84-1c19-874f-5120-efd5f0483d10,True,KXBTC15M-26SEP181615-15,0.9990,01a0b627-aa80-7cc8-be41-1779f5ae5cd2,no,no,0,KXBTC15M-26SEP181615-15,07226e84-1c19-874f-5120-efd5f0483d10,1789762448,0.0010
buy,ask,2.00,2026-09-18T19:47:08.074534Z,2,0.011500,07226e36-8119-9c86-6d82-782afb733d6c,True,KXBTCD-26SEP1816-T81399.99,0.9100,01a0b60e-f260-7bed-b019-78aae7370800,no,no,0,KXBTCD-26SEP1816-T81399.99,07226e36-8119-9c86-6d82-782afb733d6c,1789760828,0.0900
buy,ask,250.00,2026-09-18T19:47:08.074534Z,2,1.433200,07226e35-5d21-95a2-5361-4dc150891486,True,KXBTCD-26SEP1816-T81399.99,0.9100,01a0b60e-f260-7bed-b019-78aae7370800,no,no,0,KXBTCD-26SEP1816-T81399.99,07226e35-5d21-95a2-5361-4dc150891486,1789760828,0.0900
buy,ask,265.00,2026-09-18T19:47:08.074534Z,2,1.207600,07226e35-2b41-95ad-7975-237198c7d945,True,KXBTCD-26SEP1816-T81399.99,0.9300,01a0b60e-f260-7bed-b019-78aae7370800,no,no,0,KXBTCD-26SEP1816-T81399.99,07226e35-2b41-95ad-7975-237198c7d945,1789760828,0.0700
buy,ask,51.00,2026-09-18T19:47:08.074534Z,2,0.262700,07226e35-27f9-9ed0-7529-5806119d3f50,True,KXBTCD-26SEP1816-T81399.99,0.9200,01a0b60e-f260-7bed-b019-78aae7370800,no,no,0,KXBTCD-26SEP1816-T81399.99,07226e35-27f9-9ed0-7529-5806119d3f50,1789760828,0.0800
buy,ask,50.00,2026-09-18T19:47:08.074534Z,2,0.286700,07226e35-27f9-9e8f-4694-3c66cf368f89,True,KXBTCD-26SEP1816-T81399.99,0.9100,01a0b60e-f260-7bed-b019-78aae7370800,no,no,0,KXBTCD-26SEP1816-T81399.99,07226e35-27f9-9e8f-4694-3c66cf368f89,1789760828,0.0900
buy,ask,241.00,2026-09-18T19:47:08.074534Z,2,1.241600,07226e35-27f9-9bf0-72f5-c279d5ad3ec3,True,KXBTCD-26SEP1816-T81399.99,0.9200,01a0b60e-f260-7bed-b019-78aae7370800,no,no,0,KXBTCD-26SEP1816-T81399.99,07226e35-27f9-9bf0-72f5-c279d5ad3ec3,1789760828,0.0800
buy,ask,10.00,2026-09-18T19:47:08.074534Z,2,0.051500,07226e35-27f9-9b26-5f37-95797f2f033a,True,KXBTCD-26SEP1816-T81399.99,0.9200,01a0b60e-f260-7bed-b019-78aae7370800,no,no,0,KXBTCD-26SEP1816-T81399.99,07226e35-27f9-9b26-5f37-95797f2f033a,1789760828,0.0800
buy,ask,500.00,2026-09-18T19:47:08.074534Z,2,2.866500,07226e35-27f9-9911-619b-d5f2077baeeb,True,KXBTCD-26SEP1816-T81399.99,0.9100,01a0b60e-f260-7bed-b019-78aae7370800,no,no,0,KXBTCD-26SEP1816-T81399.99,07226e35-27f9-9911-619b-d5f2077baeeb,1789760828,0.0900
buy,ask,60.00,2026-09-18T19:47:08.074534Z,2,0.309200,07226e35-27f9-97cf-6f19-093bb1ed9b60,True,KXBTCD-26SEP1816-T81399.99,0.9200,01a0b60e-f260-7bed-b019-78aae7370800,no,no,0,KXBTCD-26SEP1816-T81399.99,07226e35-27f9-97cf-6f19-093bb1ed9b60,1789760828,0.0800
buy,ask,371.21,2026-09-18T19:47:08.074534Z,2,1.691600,07226e35-27f9-93e3-438d-f3bd8ae0e596,True,KXBTCD-26SEP1816-T81399.99,0.9300,01a0b60e-f260-7bed-b019-78aae7370800,no,no,0,KXBTCD-26SEP1816-T81399.99,07226e35-27f9-93e3-438d-f3bd8ae0e596,1789760828,0.0700
buy,ask,50.00,2026-09-18T19:47:08.074534Z,2,0.227900,07226e35-1759-99b0-769f-12aa655f3be1,True,KXBTCD-26SEP1816-T81399.99,0.9300,01a0b60e-f260-7bed-b019-78aae7370800,no,no,0,KXBTCD-26SEP1816-T81399.99,07226e35-1759-99b0-769f-12aa655f3be1,1789760828,0.0700
buy,ask,50.00,2026-09-18T19:47:08.074534Z,2,0.257600,07226e35-1759-986d-55ec-7b29c9469baf,True,KXBTCD-26SEP1816-T81399.99,0.9200,01a0b60e-f260-7bed-b019-78aae7370800,no,no,0,KXBTCD-26SEP1816-T81399.99,07226e35-1759-986d-55ec-7b29c9469baf,1789760828,0.0800
buy,ask,1728.60,2026-09-18T19:44:20.394106Z,2,0.120900,07226dce-ca41-9555-04e4-5d7c408dc74d,True,KXBTC15M-26SEP181545-45,0.9990,01a0b60c-6220-7bd4-ab37-ca80c8888a4a,no,no,0,KXBTC15M-26SEP181545-45,07226dce-ca41-9555-04e4-5d7c408dc74d,1789760660,0.0010
buy,ask,44.39,2026-09-18T19:41:56.579271Z,2,0.697300,07226e22-9121-b551-a0e0-ec1340f13c9d,True,KXBTC15M-26SEP181545-45,0.6600,01a0b60a-2fa0-7091-8e15-9c62f2f68989,no,no,0,KXBTC15M-26SEP181545-45,07226e22-9121-b551-a0e0-ec1340f13c9d,1789760516,0.3400
buy,bid,176.99,2026-09-18T19:12:06.188963Z,2,0.037070,07226258-b641-9e4c-9cd7-c7eda5dd0008,True,KXBTC15M-26SEP181515-15,0.0030,01a0b5ee-df70-7b78-8fe2-1d0ab7d9fe7b,yes,yes,0,KXBTC15M-26SEP181515-15,07226258-b641-9e4c-9cd7-c7eda5dd0008,1789758726,0.9970
buy,bid,160.00,2026-09-18T19:12:06.188963Z,2,0.033500,07226258-b641-98a0-9620-6a6da02ac115,True,KXBTC15M-26SEP181515-15,0.0030,01a0b5ee-df70-7b78-8fe2-1d0ab7d9fe7b,yes,yes,0,KXBTC15M-26SEP181515-15,07226258-b641-98a0-9620-6a6da02ac115,1789758726,0.9970
buy,bid,200.00,2026-09-18T19:12:06.188963Z,2,0.069600,07226255-b211-96f1-bb48-62214fdc85df,True,KXBTC15M-26SEP181515-15,0.0050,01a0b5ee-df70-7b78-8fe2-1d0ab7d9fe7b,yes,yes,0,KXBTC15M-26SEP181515-15,07226255-b211-96f1-bb48-62214fdc85df,1789758726,0.9950
buy,bid,150.00,2026-09-18T19:12:06.188963Z,2,0.041900,07226255-a649-9fa8-bf88-579d48eafafc,True,KXBTC15M-26SEP181515-15,0.0040,01a0b5ee-df70-7b78-8fe2-1d0ab7d9fe7b,yes,yes,0,KXBTC15M-26SEP181515-15,07226255-a649-9fa8-bf88-579d48eafafc,1789758726,0.9960
buy,bid,20.00,2026-09-18T19:12:06.188963Z,2,0.008300,07226255-a649-9597-a5f6-066ca1fe13d3,True,KXBTC15M-26SEP181515-15,0.0060,01a0b5ee-df70-7b78-8fe2-1d0ab7d9fe7b,yes,yes,0,KXBTC15M-26SEP181515-15,07226255-a649-9597-a5f6-066ca1fe13d3,1789758726,0.9940
buy,bid,0.01,2026-09-18T19:12:06.188963Z,2,0.000070,07226255-a2b1-9946-a9c3-f540c7683f19,True,KXBTC15M-26SEP181515-15,0.0070,01a0b5ee-df70-7b78-8fe2-1d0ab7d9fe7b,yes,yes,0,KXBTC15M-26SEP181515-15,07226255-a2b1-9946-a9c3-f540c7683f19,1789758726,0.9930
buy,bid,400.00,2026-09-18T19:12:06.188963Z,2,0.111500,07226255-a2b1-95c8-885a-dc1c02ba4783,True,KXBTC15M-26SEP181515-15,0.0040,01a0b5ee-df70-7b78-8fe2-1d0ab7d9fe7b,yes,yes,0,KXBTC15M-26SEP181515-15,07226255-a2b1-95c8-885a-dc1c02ba4783,1789758726,0.9960
buy,bid,180.00,2026-09-18T19:12:06.188963Z,2,0.050200,07226255-a2b1-9597-a1e9-d7d4d7ccf89b,True,KXBTC15M-26SEP181515-15,0.0040,01a0b5ee-df70-7b78-8fe2-1d0ab7d9fe7b,yes,yes,0,KXBTC15M-26SEP181515-15,07226255-a2b1-9597-a1e9-d7d4d7ccf89b,1789758726,0.9960
buy,bid,36.00,2026-09-18T19:12:06.188963Z,2,0.010000,07226255-a2b1-94a9-985f-2ad368c51b3b,True,KXBTC15M-26SEP181515-15,0.0040,01a0b5ee-df70-7b78-8fe2-1d0ab7d9fe7b,yes,yes,0,KXBTC15M-26SEP181515-15,07226255-a2b1-94a9-985f-2ad368c51b3b,1789758726,0.9960
buy,bid,0.01,2026-09-18T19:12:06.188963Z,2,0.000070,07226255-a2b1-91b9-92aa-cc28df72514e,True,KXBTC15M-26SEP181515-15,0.0070,01a0b5ee-df70-7b78-8fe2-1d0ab7d9fe7b,yes,yes,0,KXBTC15M-26SEP181515-15,07226255-a2b1-91b9-92aa-cc28df72514e,1789758726,0.9930
buy,bid,400.00,2026-09-18T19:12:06.188963Z,2,0.139300,07226255-a2b1-90b1-831c-17edd898f187,True,KXBTC15M-26SEP181515-15,0.0050,01a0b5ee-df70-7b78-8fe2-1d0ab7d9fe7b,yes,yes,0,KXBTC15M-26SEP181515-15,07226255-a2b1-90b1-831c-17edd898f187,1789758726,0.9950
buy,ask,10.00,2026-09-18T18:48:23.700713Z,2,0.089300,072262bd-aaf9-b315-0d26-0c0e568a2a1c,True,KXBTCD-26SEP1815-T81099.99,0.8500,01a0b5d9-28d8-707a-a9b0-16fe93921ec2,no,no,0,KXBTCD-26SEP1815-T81099.99,072262bd-aaf9-b315-0d26-0c0e568a2a1c,1789757303,0.1500
buy,ask,50.00,2026-09-18T18:48:23.700713Z,2,0.446200,072262bd-a6d1-b88a-3979-ba466c17b664,True,KXBTCD-26SEP1815-T81099.99,0.8500,01a0b5d9-28d8-707a-a9b0-16fe93921ec2,no,no,0,KXBTCD-26SEP1815-T81099.99,072262bd-a6d1-b88a-3979-ba466c17b664,1789757303,0.1500
buy,ask,50.00,2026-09-18T18:48:23.700713Z,2,0.446300,072262bd-a6d1-b7d2-1910-2a5667819a02,True,KXBTCD-26SEP1815-T81099.99,0.8500,01a0b5d9-28d8-707a-a9b0-16fe93921ec2,no,no,0,KXBTCD-26SEP1815-T81099.99,072262bd-a6d1-b7d2-1910-2a5667819a02,1789757303,0.1500
buy,ask,122.84,2026-09-18T18:48:23.700713Z,2,1.096300,072262bd-a6d1-b654-0cfc-456cd69b5420,True,KXBTCD-26SEP1815-T81099.99,0.8500,01a0b5d9-28d8-707a-a9b0-16fe93921ec2,no,no,0,KXBTCD-26SEP1815-T81099.99,072262bd-a6d1-b654-0cfc-456cd69b5420,1789757303,0.1500
buy,bid,1000.00,2026-09-18T18:28:30.05277Z,2,0.209300,072262dd-3a39-886b-e7a0-db7425d1d67c,True,KXBTC15M-26SEP181430-30,0.0030,01a0b5c6-f4b0-7d2b-977d-04568b7cbaa7,yes,yes,0,KXBTC15M-26SEP181430-30,072262dd-3a39-886b-e7a0-db7425d1d67c,1789756110,0.9970
buy,bid,36.00,2026-09-18T18:28:30.05277Z,2,0.010100,072262dd-2671-8b4b-ff4b-38c1c081f515,True,KXBTC15M-26SEP181430-30,0.0040,01a0b5c6-f4b0-7d2b-977d-04568b7cbaa7,yes,yes,0,KXBTC15M-26SEP181430-30,072262dd-2671-8b4b-ff4b-38c1c081f515,1789756110,0.9960
buy,bid,0.01,2026-09-18T18:28:30.05277Z,2,0.000040,072262dd-2671-87a1-c12f-398bd4bb76e3,True,KXBTC15M-26SEP181430-30,0.0040,01a0b5c6-f4b0-7d2b-977d-04568b7cbaa7,yes,yes,0,KXBTC15M-26SEP181430-30,072262dd-2671-87a1-c12f-398bd4bb76e3,1789756110,0.9960
buy,bid,0.01,2026-09-18T18:28:30.05277Z,2,0.000040,072262dd-2671-86c9-cfd1-61f91ca22718,True,KXBTC15M-26SEP181430-30,0.0040,01a0b5c6-f4b0-7d2b-977d-04568b7cbaa7,yes,yes,0,KXBTC15M-26SEP181430-30,072262dd-2671-86c9-cfd1-61f91ca22718,1789756110,0.9960
buy,bid,530.23,2026-09-18T18:28:30.05277Z,2,0.110990,072262dd-2209-884b-c846-6b5724e6d738,True,KXBTC15M-26SEP181430-30,0.0030,01a0b5c6-f4b0-7d2b-977d-04568b7cbaa7,yes,yes,0,KXBTC15M-26SEP181430-30,072262dd-2209-884b-c846-6b5724e6d738,1789756110,0.9970
buy,bid,103.63,2026-09-18T18:28:30.05277Z,2,0.021690,072262dd-2209-82f0-d9f0-7f5ce927a92b,True,KXBTC15M-26SEP181430-30,0.0030,01a0b5c6-f4b0-7d2b-977d-04568b7cbaa7,yes,yes,0,KXBTC15M-26SEP181430-30,072262dd-2209-82f0-d9f0-7f5ce927a92b,1789756110,0.9970
buy,bid,13.00,2026-09-18T18:28:30.05277Z,2,0.002700,072262dd-07b1-8e9b-ff51-325191a5656b,True,KXBTC15M-26SEP181430-30,0.0030,01a0b5c6-f4b0-7d2b-977d-04568b7cbaa7,yes,yes,0,KXBTC15M-26SEP181430-30,072262dd-07b1-8e9b-ff51-325191a5656b,1789756110,0.9970
buy,ask,956.96,2026-09-18T18:13:04.129994Z,2,0.266940,0722635b-2821-973d-5b56-c6c82a7a458f,True,KXBTC15M-26SEP181415-15,0.9960,01a0b5b8-d380-7842-bcd2-178288ca823d,no,no,0,KXBTC15M-26SEP181415-15,0722635b-2821-973d-5b56-c6c82a7a458f,1789755184,0.0040
buy,ask,755.41,2026-09-18T18:13:04.129994Z,2,0.210640,0722635b-2409-917c-6e09-c323b24325fb,True,KXBTC15M-26SEP181415-15,0.9960,01a0b5b8-d380-7842-bcd2-178288ca823d,no,no,0,KXBTC15M-26SEP181415-15,0722635b-2409-917c-6e09-c323b24325fb,1789755184,0.0040
buy,bid,999.75,2026-09-18T16:40:25.634108Z,2,7.390100,072260f4-0209-8e46-e7e5-d958c8efb9e3,True,KXBTCD-26SEP1813-T80699.99,0.1200,01a0b564-00a8-7ec5-95b8-23d6d21e325b,yes,yes,0,KXBTCD-26SEP1813-T80699.99,072260f4-0209-8e46-e7e5-d958c8efb9e3,1789749625,0.8800
buy,bid,22.00,2026-09-18T16:40:25.634108Z,2,0.162600,072260f4-0209-8d9f-f674-11b621e39861,True,KXBTCD-26SEP1813-T80699.99,0.1200,01a0b564-00a8-7ec5-95b8-23d6d21e325b,yes,yes,0,KXBTCD-26SEP1813-T80699.99,072260f4-0209-8d9f-f674-11b621e39861,1789749625,0.8800
buy,bid,360.00,2026-09-18T16:40:25.634108Z,2,2.661200,072260f4-0209-8d5b-edd5-0346114715e2,True,KXBTCD-26SEP1813-T80699.99,0.1200,01a0b564-00a8-7ec5-95b8-23d6d21e325b,yes,yes,0,KXBTCD-26SEP1813-T80699.99,072260f4-0209-8d5b-edd5-0346114715e2,1789749625,0.8800
buy,bid,50.00,2026-09-18T16:40:25.634108Z,2,0.369600,072260f4-0209-8bcf-ffd1-8e44cdc15828,True,KXBTCD-26SEP1813-T80699.99,0.1200,01a0b564-00a8-7ec5-95b8-23d6d21e325b,yes,yes,0,KXBTCD-26SEP1813-T80699.99,072260f4-0209-8bcf-ffd1-8e44cdc15828,1789749625,0.8800
buy,bid,1.00,2026-09-18T16:40:25.634108Z,2,0.007400,072260f4-0209-83ea-d3da-86ee2bd61dd3,True,KXBTCD-26SEP1813-T80699.99,0.1200,01a0b564-00a8-7ec5-95b8-23d6d21e325b,yes,yes,0,KXBTCD-26SEP1813-T80699.99,072260f4-0209-83ea-d3da-86ee2bd61dd3,1789749625,0.8800
buy,bid,1.00,2026-09-18T16:40:25.634108Z,2,0.007400,072260f4-0209-81bc-e2e7-54e93768a18d,True,KXBTCD-26SEP1813-T80699.99,0.1200,01a0b564-00a8-7ec5-95b8-23d6d21e325b,yes,yes,0,KXBTCD-26SEP1813-T80699.99,072260f4-0209-81bc-e2e7-54e93768a18d,1789749625,0.8800
buy,bid,250.00,2026-09-18T16:40:25.634108Z,2,1.848000,072260f3-91e9-80fe-d18b-e61fb09920c1,True,KXBTCD-26SEP1813-T80699.99,0.1200,01a0b564-00a8-7ec5-95b8-23d6d21e325b,yes,yes,0,KXBTCD-26SEP1813-T80699.99,072260f3-91e9-80fe-d18b-e61fb09920c1,1789749625,0.8800
buy,bid,30.02,2026-09-18T16:29:06.77307Z,2,0.002120,0722602a-2ae1-a8cb-f846-f2b82588d3cc,True,KXBTC15M-26SEP181230-30,0.0010,01a0b559-a450-7664-96eb-26798a9ca37b,yes,yes,0,KXBTC15M-26SEP181230-30,0722602a-2ae1-a8cb-f846-f2b82588d3cc,1789748946,0.9990
buy,bid,928.66,2026-09-18T16:28:58.809578Z,2,0.323400,0722602a-afe1-ae13-aa8f-c7acef0c4e78,True,KXBTC15M-26SEP181230-30,0.0050,01a0b559-8510-7449-8c1f-7cba4b6c6479,yes,yes,0,KXBTC15M-26SEP181230-30,0722602a-afe1-ae13-aa8f-c7acef0c4e78,1789748938,0.9950
buy,bid,557.76,2026-09-18T16:28:58.809578Z,2,0.194300,0722602a-afe1-a135-ab5a-f154cb5762c4,True,KXBTC15M-26SEP181230-30,0.0050,01a0b559-8510-7449-8c1f-7cba4b6c6479,yes,yes,0,KXBTC15M-26SEP181230-30,0722602a-afe1-a135-ab5a-f154cb5762c4,1789748938,0.9950
buy,bid,15.44,2026-09-18T15:45:57.836722Z,2,0.097300,072261f9-5d21-b68f-d4b9-50149cf4cecb,True,KXBTCD-26SEP1812-T80299.99,0.1000,01a0b532-2308-709c-99bc-3f202eb7569b,yes,yes,0,KXBTCD-26SEP1812-T80299.99,072261f9-5d21-b68f-d4b9-50149cf4cecb,1789746357,0.9000
buy,bid,120.00,2026-09-18T15:45:32.205195Z,2,0.546800,072261f6-b8f9-8eda-520b-20a13cc6e3d0,True,KXBTCD-26SEP1812-T80299.99,0.0700,01a0b531-c160-7cd0-b5c8-250c84e23037,yes,yes,0,KXBTCD-26SEP1812-T80299.99,072261f6-b8f9-8eda-520b-20a13cc6e3d0,1789746332,0.9300
buy,bid,50.00,2026-09-18T15:45:32.205195Z,2,0.227900,072261f6-b8f9-8c2b-4b27-8d44864c9014,True,KXBTCD-26SEP1812-T80299.99,0.0700,01a0b531-c160-7cd0-b5c8-250c84e23037,yes,yes,0,KXBTCD-26SEP1812-T80299.99,072261f6-b8f9-8c2b-4b27-8d44864c9014,1789746332,0.9300
buy,bid,1000.00,2026-09-18T15:45:32.205195Z,2,4.557000,072261f6-b8f9-865d-7e63-20fb8b05d0cc,True,KXBTCD-26SEP1812-T80299.99,0.0700,01a0b531-c160-7cd0-b5c8-250c84e23037,yes,yes,0,KXBTCD-26SEP1812-T80299.99,072261f6-b8f9-865d-7e63-20fb8b05d0cc,1789746332,0.9300
buy,bid,273.72,2026-09-18T15:45:32.205195Z,2,1.080700,072261f6-ac71-8f39-4630-b26142e83e0c,True,KXBTCD-26SEP1812-T80299.99,0.0600,01a0b531-c160-7cd0-b5c8-250c84e23037,yes,yes,0,KXBTCD-26SEP1812-T80299.99,072261f6-ac71-8f39-4630-b26142e83e0c,1789746332,0.9400
buy,bid,50.00,2026-09-18T15:45:32.205195Z,2,0.197400,072261f6-ac71-8b3e-4bdf-de07cc1c718e,True,KXBTCD-26SEP1812-T80299.99,0.0600,01a0b531-c160-7cd0-b5c8-250c84e23037,yes,yes,0,KXBTCD-26SEP1812-T80299.99,072261f6-ac71-8b3e-4bdf-de07cc1c718e,1789746332,0.9400
buy,ask,1413.31,2026-09-18T15:43:46.794978Z,2,0.098910,072261f0-9229-9e07-e6f4-7f7fa39aa9d7,True,KXBTC15M-26SEP181145-45,0.9990,01a0b530-2350-7bd7-97d5-e5cf5b7a43a4,no,no,0,KXBTC15M-26SEP181145-45,072261f0-9229-9e07-e6f4-7f7fa39aa9d7,1789746226,0.0010
buy,bid,196.86,2026-09-18T14:55:56.454644Z,2,0.654600,07226115-4031-a636-8016-eebe95cbe85a,True,KXBTCD-26SEP1811-T80699.99,0.0500,01a0b504-5860-7707-888e-7590fa3ad251,yes,yes,0,KXBTCD-26SEP1811-T80699.99,07226115-4031-a636-8016-eebe95cbe85a,1789743356,0.9500
buy,bid,476.00,2026-09-18T14:55:56.454644Z,2,1.879300,07226115-35f9-aeba-afa9-c7d2a98ebcc6,True,KXBTCD-26SEP1811-T80699.99,0.0600,01a0b504-5860-7707-888e-7590fa3ad251,yes,yes,0,KXBTCD-26SEP1811-T80699.99,07226115-35f9-aeba-afa9-c7d2a98ebcc6,1789743356,0.9400
buy,bid,50.00,2026-09-18T14:55:56.454644Z,2,0.166200,07226115-35f9-ae08-a581-f98402ec6384,True,KXBTCD-26SEP1811-T80699.99,0.0500,01a0b504-5860-7707-888e-7590fa3ad251,yes,yes,0,KXBTCD-26SEP1811-T80699.99,07226115-35f9-ae08-a581-f98402ec6384,1789743356,0.9500
buy,bid,50.00,2026-09-18T14:55:56.454644Z,2,0.197400,07226115-35f9-a483-8cd4-747abe2f1665,True,KXBTCD-26SEP1811-T80699.99,0.0600,01a0b504-5860-7707-888e-7590fa3ad251,yes,yes,0,KXBTCD-26SEP1811-T80699.99,07226115-35f9-a483-8cd4-747abe2f1665,1789743356,0.9400
buy,bid,34.63,2026-09-18T14:55:56.454644Z,2,0.115200,07226115-35f9-a428-b438-4847ce6301b5,True,KXBTCD-26SEP1811-T80699.99,0.0500,01a0b504-5860-7707-888e-7590fa3ad251,yes,yes,0,KXBTCD-26SEP1811-T80699.99,07226115-35f9-a428-b438-4847ce6301b5,1789743356,0.9500
buy,bid,344.00,2026-09-18T14:55:56.454644Z,2,1.143800,07226115-35f9-a258-a3ca-17361d5fddd9,True,KXBTCD-26SEP1811-T80699.99,0.0500,01a0b504-5860-7707-888e-7590fa3ad251,yes,yes,0,KXBTCD-26SEP1811-T80699.99,07226115-35f9-a258-a3ca-17361d5fddd9,1789743356,0.9500
buy,bid,8.00,2026-09-18T14:55:56.454644Z,2,0.026600,07226115-35f9-a06c-ace5-e1518ba3eeb7,True,KXBTCD-26SEP1811-T80699.99,0.0500,01a0b504-5860-7707-888e-7590fa3ad251,yes,yes,0,KXBTCD-26SEP1811-T80699.99,07226115-35f9-a06c-ace5-e1518ba3eeb7,1789743356,0.9500
buy,bid,250.00,2026-09-18T14:55:56.454644Z,2,0.987000,07226115-2171-a5cc-b81c-704be1172c4e,True,KXBTCD-26SEP1811-T80699.99,0.0600,01a0b504-5860-7707-888e-7590fa3ad251,yes,yes,0,KXBTCD-26SEP1811-T80699.99,07226115-2171-a5cc-b81c-704be1172c4e,1789743356,0.9400
buy,bid,314.08,2026-09-18T14:22:25.755176Z,2,0.515020,07226773-0b49-9fad-1b43-a85cf2095f62,True,KXBTC15M-26SEP181030-30,0.0240,01a0b4e5-a8e8-7a8c-a140-a40e2404e2df,yes,yes,0,KXBTC15M-26SEP181030-30,07226773-0b49-9fad-1b43-a85cf2095f62,1789741345,0.9760
buy,bid,104.00,2026-09-18T14:22:25.755176Z,2,0.177400,07226773-0b49-9efb-3984-62a8a7fa5894,True,KXBTC15M-26SEP181030-30,0.0250,01a0b4e5-a8e8-7a8c-a140-a40e2404e2df,yes,yes,0,KXBTC15M-26SEP181030-30,07226773-0b49-9efb-3984-62a8a7fa5894,1789741345,0.9750
buy,bid,180.00,2026-09-18T14:22:25.755176Z,2,0.307100,07226773-0b49-9e3a-081b-861729b9b391,True,KXBTC15M-26SEP181030-30,0.0250,01a0b4e5-a8e8-7a8c-a140-a40e2404e2df,yes,yes,0,KXBTC15M-26SEP181030-30,07226773-0b49-9e3a-081b-861729b9b391,1789741345,0.9750
buy,bid,139.81,2026-09-18T14:22:25.755176Z,2,0.229240,07226773-0b49-9cce-180e-e876344f62f9,True,KXBTC15M-26SEP181030-30,0.0240,01a0b4e5-a8e8-7a8c-a140-a40e2404e2df,yes,yes,0,KXBTC15M-26SEP181030-30,07226773-0b49-9cce-180e-e876344f62f9,1789741345,0.9760
buy,bid,0.01,2026-09-18T14:22:25.755176Z,2,0.000060,07226773-0b49-9ba1-2c64-9c5ebb40606f,True,KXBTC15M-26SEP181030-30,0.0260,01a0b4e5-a8e8-7a8c-a140-a40e2404e2df,yes,yes,0,KXBTC15M-26SEP181030-30,07226773-0b49-9ba1-2c64-9c5ebb40606f,1789741345,0.9740
buy,bid,400.00,2026-09-18T14:22:25.755176Z,2,0.682500,07226773-0b49-9820-1d61-b44d0f1b5c6c,True,KXBTC15M-26SEP181030-30,0.0250,01a0b4e5-a8e8-7a8c-a140-a40e2404e2df,yes,yes,0,KXBTC15M-26SEP181030-30,07226773-0b49-9820-1d61-b44d0f1b5c6c,1789741345,0.9750
buy,bid,0.01,2026-09-18T14:22:25.755176Z,2,0.000060,07226773-0b49-933a-25e2-45cc0e6e537f,True,KXBTC15M-26SEP181030-30,0.0260,01a0b4e5-a8e8-7a8c-a140-a40e2404e2df,yes,yes,0,KXBTC15M-26SEP181030-30,07226773-0b49-933a-25e2-45cc0e6e537f,1789741345,0.9740
buy,bid,100.00,2026-09-18T14:22:25.755176Z,2,0.164000,07226773-06a1-9e12-3f93-5d0f9e89b572,True,KXBTC15M-26SEP181030-30,0.0240,01a0b4e5-a8e8-7a8c-a140-a40e2404e2df,yes,yes,0,KXBTC15M-26SEP181030-30,07226773-06a1-9e12-3f93-5d0f9e89b572,1789741345,0.9760
buy,bid,100.00,2026-09-18T14:22:25.755176Z,2,0.164000,07226773-06a1-9422-24a1-0dc9910b0331,True,KXBTC15M-26SEP181030-30,0.0240,01a0b4e5-a8e8-7a8c-a140-a40e2404e2df,yes,yes,0,KXBTC15M-26SEP181030-30,07226773-06a1-9422-24a1-0dc9910b0331,1789741345,0.9760
buy,bid,1.08,2026-09-18T14:06:27.154581Z,2,0.006640,0722678b-2809-a911-74da-c66c8e389d31,True,KXBTC15M-26SEP181015-15,0.0980,01a0b4d7-0ab8-7680-bbc8-1eafc236f460,yes,yes,0,KXBTC15M-26SEP181015-15,0722678b-2809-a911-74da-c66c8e389d31,1789740387,0.9020
buy,bid,0.01,2026-09-18T14:06:27.154581Z,2,0.000090,0722678b-2059-a8b3-7e5f-bdb5fa563d0d,True,KXBTC15M-26SEP181015-15,0.0990,01a0b4d7-0ab8-7680-bbc8-1eafc236f460,yes,yes,0,KXBTC15M-26SEP181015-15,0722678b-2059-a8b3-7e5f-bdb5fa563d0d,1789740387,0.9010
buy,bid,0.01,2026-09-18T14:06:27.154581Z,2,0.000090,0722678b-2059-a716-7cd2-c9bb7b5fe610,True,KXBTC15M-26SEP181015-15,0.0990,01a0b4d7-0ab8-7680-bbc8-1eafc236f460,yes,yes,0,KXBTC15M-26SEP181015-15,0722678b-2059-a716-7cd2-c9bb7b5fe610,1789740387,0.9010
buy,bid,727.12,2026-09-18T14:06:19.430951Z,2,3.660360,0722678d-4699-beae-3999-52f04ebf23d2,True,KXBTC15M-26SEP181015-15,0.0780,01a0b4d6-eb78-711f-ab1a-4c0c11a64195,yes,yes,0,KXBTC15M-26SEP181015-15,0722678d-4699-beae-3999-52f04ebf23d2,1789740379,0.9220
buy,bid,400.00,2026-09-18T14:06:19.430951Z,2,2.013600,0722678d-4699-be1f-05b4-102286d780b1,True,KXBTC15M-26SEP181015-15,0.0780,01a0b4d6-eb78-711f-ab1a-4c0c11a64195,yes,yes,0,KXBTC15M-26SEP181015-15,0722678d-4699-be1f-05b4-102286d780b1,1789740379,0.9220
buy,bid,180.00,2026-09-18T14:06:19.430951Z,2,0.906200,0722678d-4699-ba7c-0e13-74aaf96c8ee2,True,KXBTC15M-26SEP181015-15,0.0780,01a0b4d6-eb78-711f-ab1a-4c0c11a64195,yes,yes,0,KXBTC15M-26SEP181015-15,0722678d-4699-ba7c-0e13-74aaf96c8ee2,1789740379,0.9220
buy,bid,0.01,2026-09-18T14:06:19.430951Z,2,0.000080,0722678d-4699-b5f0-088e-9af45a5be022,True,KXBTC15M-26SEP181015-15,0.0780,01a0b4d6-eb78-711f-ab1a-4c0c11a64195,yes,yes,0,KXBTC15M-26SEP181015-15,0722678d-4699-b5f0-088e-9af45a5be022,1789740379,0.9220
buy,bid,0.01,2026-09-18T14:06:19.430951Z,2,0.000080,0722678d-4699-b35e-04b0-18075cd29621,True,KXBTC15M-26SEP181015-15,0.0780,01a0b4d6-eb78-711f-ab1a-4c0c11a64195,yes,yes,0,KXBTC15M-26SEP181015-15,0722678d-4699-b35e-04b0-18075cd29621,1789740379,0.9220
buy,ask,25.11,2026-09-18T13:53:09.035245Z,2,0.144000,072267e1-a399-8d30-993a-d6504e2a9ce7,True,KXBTCD-26SEP1810-T80599.99,0.9100,01a0b4ca-dd88-7d00-886d-46d0f225cf47,no,no,0,KXBTCD-26SEP1810-T80599.99,072267e1-a399-8d30-993a-d6504e2a9ce7,1789739589,0.0900
buy,bid,7.00,2026-09-18T13:45:29.655606Z,2,0.009600,072267cc-dbc9-83ca-d6aa-2227908240d1,True,KXBTCD-26SEP1810-T78499.99,0.0200,01a0b4c3-d8a8-7e36-90d7-6c85455c174c,yes,yes,0,KXBTCD-26SEP1810-T78499.99,072267cc-dbc9-83ca-d6aa-2227908240d1,1789739129,0.9800
buy,bid,10.00,2026-09-18T13:45:29.655606Z,2,0.007000,072267cc-d721-8c99-ff07-1e198c8efaec,True,KXBTCD-26SEP1810-T78499.99,0.0100,01a0b4c3-d8a8-7e36-90d7-6c85455c174c,yes,yes,0,KXBTCD-26SEP1810-T78499.99,072267cc-d721-8c99-ff07-1e198c8efaec,1789739129,0.9900
buy,bid,247.00,2026-09-18T13:45:29.655606Z,2,0.171100,072267cc-d339-88a0-ce87-94af1d4e429f,True,KXBTCD-26SEP1810-T78499.99,0.0100,01a0b4c3-d8a8-7e36-90d7-6c85455c174c,yes,yes,0,KXBTCD-26SEP1810-T78499.99,072267cc-d339-88a0-ce87-94af1d4e429f,1789739129,0.9900
buy,bid,250.00,2026-09-18T13:45:29.655606Z,2,0.173200,072267cc-d339-81a8-ff73-9a5e184beabc,True,KXBTCD-26SEP1810-T78499.99,0.0100,01a0b4c3-d8a8-7e36-90d7-6c85455c174c,yes,yes,0,KXBTCD-26SEP1810-T78499.99,072267cc-d339-81a8-ff73-9a5e184beabc,1789739129,0.9900
buy,bid,306.00,2026-09-18T13:45:29.655606Z,2,0.212000,072267cc-d339-8129-e6d3-81702a809faa,True,KXBTCD-26SEP1810-T78499.99,0.0100,01a0b4c3-d8a8-7e36-90d7-6c85455c174c,yes,yes,0,KXBTCD-26SEP1810-T78499.99,072267cc-d339-8129-e6d3-81702a809faa,1789739129,0.9900
buy,bid,194.00,2026-09-18T13:45:29.655606Z,2,0.134500,072267cc-d339-8112-dbe2-2606bcb06ce6,True,KXBTCD-26SEP1810-T78499.99,0.0100,01a0b4c3-d8a8-7e36-90d7-6c85455c174c,yes,yes,0,KXBTCD-26SEP1810-T78499.99,072267cc-d339-8112-dbe2-2606bcb06ce6,1789739129,0.9900
buy,bid,7.00,2026-09-18T13:45:29.655606Z,2,0.009700,072267cc-d339-80a2-dc71-542504e82d1c,True,KXBTCD-26SEP1810-T78499.99,0.0200,01a0b4c3-d8a8-7e36-90d7-6c85455c174c,yes,yes,0,KXBTCD-26SEP1810-T78499.99,072267cc-d339-80a2-dc71-542504e82d1c,1789739129,0.9800
buy,bid,116.55,2026-09-18T13:45:29.655606Z,2,0.080800,072267cc-ba09-8e3e-c71b-eb23e706ef8f,True,KXBTCD-26SEP1810-T78499.99,0.0100,01a0b4c3-d8a8-7e36-90d7-6c85455c174c,yes,yes,0,KXBTCD-26SEP1810-T78499.99,072267cc-ba09-8e3e-c71b-eb23e706ef8f,1789739129,0.9900
buy,bid,50.00,2026-09-18T13:45:29.655606Z,2,0.068600,072267cc-a399-8ea1-c795-2e78636b3f81,True,KXBTCD-26SEP1810-T78499.99,0.0200,01a0b4c3-d8a8-7e36-90d7-6c85455c174c,yes,yes,0,KXBTCD-26SEP1810-T78499.99,072267cc-a399-8ea1-c795-2e78636b3f81,1789739129,0.9800
buy,bid,0.01,2026-09-18T13:42:11.839894Z,2,0.000040,072267c3-9fd9-bf03-18bc-1de5c811f7e5,True,KXBTC15M-26SEP180945-45,0.0040,01a0b4c0-d338-71e2-a07f-7653ca0175f2,yes,yes,0,KXBTC15M-26SEP180945-45,072267c3-9fd9-bf03-18bc-1de5c811f7e5,1789738931,0.9960
buy,bid,1100.36,2026-09-18T13:42:11.839894Z,2,0.306740,072267c3-9fd9-b6c4-3491-3769cc28d6da,True,KXBTC15M-26SEP180945-45,0.0040,01a0b4c0-d338-71e2-a07f-7653ca0175f2,yes,yes,0,KXBTC15M-26SEP180945-45,072267c3-9fd9-b6c4-3491-3769cc28d6da,1789738931,0.9960
buy,bid,0.01,2026-09-18T13:42:11.839894Z,2,0.000040,072267c3-9fd9-b685-1d67-19bb5c3a6097,True,KXBTC15M-26SEP180945-45,0.0040,01a0b4c0-d338-71e2-a07f-7653ca0175f2,yes,yes,0,KXBTC15M-26SEP180945-45,072267c3-9fd9-b685-1d67-19bb5c3a6097,1789738931,0.9960
buy,bid,99.08,2026-09-18T13:42:11.839894Z,2,0.027720,072267c3-9fd9-b078-3a19-c40584532e45,True,KXBTC15M-26SEP180945-45,0.0040,01a0b4c0-d338-71e2-a07f-7653ca0175f2,yes,yes,0,KXBTC15M-26SEP180945-45,072267c3-9fd9-b078-3a19-c40584532e45,1789738931,0.9960
sell,bid,31.00,2026-09-18T04:14:03.50929Z,2,0.057000,0722785a-1519-9de3-0fe7-663dfa71d6e5,True,KXBTC15M-26SEP180015-15,0.9730,01a0b2b8-aef8-791b-a744-821204b4d033,yes,yes,0,KXBTC15M-26SEP180015-15,0722785a-1519-9de3-0fe7-663dfa71d6e5,1789704843,0.0270
sell,bid,8.00,2026-09-18T04:14:03.50929Z,2,0.014800,0722785a-1519-9bfb-2fe3-5797871b0f91,True,KXBTC15M-26SEP180015-15,0.9730,01a0b2b8-aef8-791b-a744-821204b4d033,yes,yes,0,KXBTC15M-26SEP180015-15,0722785a-1519-9bfb-2fe3-5797871b0f91,1789704843,0.0270
sell,bid,60.00,2026-09-18T04:14:03.50929Z,2,0.110300,0722785a-1519-957c-28b3-7f21e941d429,True,KXBTC15M-26SEP180015-15,0.9730,01a0b2b8-aef8-791b-a744-821204b4d033,yes,yes,0,KXBTC15M-26SEP180015-15,0722785a-1519-957c-28b3-7f21e941d429,1789704843,0.0270
sell,bid,1115.77,2026-09-18T04:14:03.50929Z,2,2.125640,0722785a-1519-9578-0b18-e007cc7d4651,True,KXBTC15M-26SEP180015-15,0.9720,01a0b2b8-aef8-791b-a744-821204b4d033,yes,yes,0,KXBTC15M-26SEP180015-15,0722785a-1519-9578-0b18-e007cc7d4651,1789704843,0.0280
buy,ask,50.00,2026-09-18T04:11:42.346984Z,2,0.227900,0722786c-a8f1-8e5f-31d3-9ea543995346,True,KXBTC15M-26SEP180015-15,0.9300,01a0b2b6-8830-7dee-aae9-18df2bcdefe2,no,no,0,KXBTC15M-26SEP180015-15,0722786c-a8f1-8e5f-31d3-9ea543995346,1789704702,0.0700
buy,ask,0.01,2026-09-18T04:11:42.346984Z,2,0.000010,0722786c-a8f1-8a82-031a-47af3d4850d0,True,KXBTC15M-26SEP180015-15,0.9290,01a0b2b6-8830-7dee-aae9-18df2bcdefe2,no,no,0,KXBTC15M-26SEP180015-15,0722786c-a8f1-8a82-031a-47af3d4850d0,1789704702,0.0710
buy,ask,23.00,2026-09-18T04:11:42.346984Z,2,0.103400,0722786c-a8f1-88f3-0904-ceddfdf85e2a,True,KXBTC15M-26SEP180015-15,0.9310,01a0b2b6-8830-7dee-aae9-18df2bcdefe2,no,no,0,KXBTC15M-26SEP180015-15,0722786c-a8f1-88f3-0904-ceddfdf85e2a,1789704702,0.0690
buy,ask,883.76,2026-09-18T04:11:42.346984Z,2,3.974040,0722786c-a8f1-838b-1b30-68c7e8e96862,True,KXBTC15M-26SEP180015-15,0.9310,01a0b2b6-8830-7dee-aae9-18df2bcdefe2,no,no,0,KXBTC15M-26SEP180015-15,0722786c-a8f1-838b-1b30-68c7e8e96862,1789704702,0.0690
buy,ask,0.01,2026-09-18T04:11:42.346984Z,2,0.000110,0722786c-a489-879e-04f8-0e875c194770,True,KXBTC15M-26SEP180015-15,0.9290,01a0b2b6-8830-7dee-aae9-18df2bcdefe2,no,no,0,KXBTC15M-26SEP180015-15,0722786c-a489-879e-04f8-0e875c194770,1789704702,0.0710
buy,ask,257.99,2026-09-18T04:11:42.346984Z,2,1.191190,0722786c-a0a1-842d-00e9-f15affffcc91,True,KXBTC15M-26SEP180015-15,0.9290,01a0b2b6-8830-7dee-aae9-18df2bcdefe2,no,no,0,KXBTC15M-26SEP180015-15,0722786c-a0a1-842d-00e9-f15affffcc91,1789704702,0.0710
sell,bid,1.00,2026-09-18T03:48:45.225473Z,2,0.001400,072278f8-e499-bfb6-d0db-62852f7859a7,True,KXBTCD-26SEP1800-T77199.99,0.0200,01a0b2a1-8548-7181-9a30-c1307eb4bd9e,yes,yes,0,KXBTCD-26SEP1800-T77199.99,072278f8-e499-bfb6-d0db-62852f7859a7,1789703325,0.9800
sell,bid,2000.00,2026-09-18T03:48:45.225473Z,2,2.744000,072278f3-30c9-b636-f44f-8319a18377e5,True,KXBTCD-26SEP1800-T77199.99,0.0200,01a0b2a1-8548-7181-9a30-c1307eb4bd9e,yes,yes,0,KXBTCD-26SEP1800-T77199.99,072278f3-30c9-b636-f44f-8319a18377e5,1789703325,0.9800
sell,bid,300.00,2026-09-18T03:48:45.225473Z,2,0.611100,072278f2-efd1-b729-f2fa-dc34cbeb6b6f,True,KXBTCD-26SEP1800-T77199.99,0.0300,01a0b2a1-8548-7181-9a30-c1307eb4bd9e,yes,yes,0,KXBTCD-26SEP1800-T77199.99,072278f2-efd1-b729-f2fa-dc34cbeb6b6f,1789703325,0.9700
sell,bid,8.00,2026-09-18T03:48:45.225473Z,2,0.021500,07227827-9441-ba30-c6f1-408feb957c13,True,KXBTCD-26SEP1800-T77199.99,0.0400,01a0b2a1-8548-7181-9a30-c1307eb4bd9e,yes,yes,0,KXBTCD-26SEP1800-T77199.99,07227827-9441-ba30-c6f1-408feb957c13,1789703325,0.9600
sell,bid,141.00,2026-09-18T03:48:45.225473Z,2,0.287200,07227827-9441-b9d3-d69c-abeadfcf7efd,True,KXBTCD-26SEP1800-T77199.99,0.0300,01a0b2a1-8548-7181-9a30-c1307eb4bd9e,yes,yes,0,KXBTCD-26SEP1800-T77199.99,07227827-9441-b9d3-d69c-abeadfcf7efd,1789703325,0.9700
sell,bid,51.00,2026-09-18T03:48:45.225473Z,2,0.169500,07227827-9441-b63d-c41a-b733c1d1cca3,True,KXBTCD-26SEP1800-T77199.99,0.0500,01a0b2a1-8548-7181-9a30-c1307eb4bd9e,yes,yes,0,KXBTCD-26SEP1800-T77199.99,07227827-9441-b63d-c41a-b733c1d1cca3,1789703325,0.9500
sell,bid,53.00,2026-09-18T03:48:45.225473Z,2,0.176200,07227827-7cd1-bdf9-eecf-1580f3c9f5f5,True,KXBTCD-26SEP1800-T77199.99,0.0500,01a0b2a1-8548-7181-9a30-c1307eb4bd9e,yes,yes,0,KXBTCD-26SEP1800-T77199.99,07227827-7cd1-bdf9-eecf-1580f3c9f5f5,1789703325,0.9500
sell,bid,250.00,2026-09-18T03:48:45.225473Z,2,0.831300,07227827-7cd1-b136-e8b7-4b932745e897,True,KXBTCD-26SEP1800-T77199.99,0.0500,01a0b2a1-8548-7181-9a30-c1307eb4bd9e,yes,yes,0,KXBTCD-26SEP1800-T77199.99,07227827-7cd1-b136-e8b7-4b932745e897,1789703325,0.9500
sell,bid,870.00,2026-09-18T03:48:45.225473Z,2,2.338600,07227827-6859-beba-e5af-ef7fe0216cb6,True,KXBTCD-26SEP1800-T77199.99,0.0400,01a0b2a1-8548-7181-9a30-c1307eb4bd9e,yes,yes,0,KXBTCD-26SEP1800-T77199.99,07227827-6859-beba-e5af-ef7fe0216cb6,1789703325,0.9600
sell,bid,50.00,2026-09-18T03:48:45.225473Z,2,0.134400,07227827-6859-be16-ce77-f028fbcc4430,True,KXBTCD-26SEP1800-T77199.99,0.0400,01a0b2a1-8548-7181-9a30-c1307eb4bd9e,yes,yes,0,KXBTCD-26SEP1800-T77199.99,07227827-6859-be16-ce77-f028fbcc4430,1789703325,0.9600
sell,bid,1.00,2026-09-18T03:48:45.225473Z,2,0.002000,07227827-6859-b2cc-ce45-e58ef956172c,True,KXBTCD-26SEP1800-T77199.99,0.0300,01a0b2a1-8548-7181-9a30-c1307eb4bd9e,yes,yes,0,KXBTCD-26SEP1800-T77199.99,07227827-6859-b2cc-ce45-e58ef956172c,1789703325,0.9700
sell,bid,1.00,2026-09-18T03:48:45.225473Z,2,0.002600,07227827-64e1-bb42-e55e-0f782974a845,True,KXBTCD-26SEP1800-T77199.99,0.0400,01a0b2a1-8548-7181-9a30-c1307eb4bd9e,yes,yes,0,KXBTCD-26SEP1800-T77199.99,07227827-64e1-bb42-e55e-0f782974a845,1789703325,0.9600
sell,bid,10.00,2026-09-18T03:48:45.225473Z,2,0.020400,07227827-64e1-b76d-f630-b81b815a68ae,True,KXBTCD-26SEP1800-T77199.99,0.0300,01a0b2a1-8548-7181-9a30-c1307eb4bd9e,yes,yes,0,KXBTCD-26SEP1800-T77199.99,07227827-64e1-b76d-f630-b81b815a68ae,1789703325,0.9700
sell,bid,50.00,2026-09-18T03:48:45.225473Z,2,0.166300,07227827-6089-b0cd-e2b4-e52f19cc3fc1,True,KXBTCD-26SEP1800-T77199.99,0.0500,01a0b2a1-8548-7181-9a30-c1307eb4bd9e,yes,yes,0,KXBTCD-26SEP1800-T77199.99,07227827-6089-b0cd-e2b4-e52f19cc3fc1,1789703325,0.9500
sell,bid,210.00,2026-09-18T03:48:45.225473Z,2,0.564500,07227827-53e9-b4f0-ed20-0753f0b30a9d,True,KXBTCD-26SEP1800-T77199.99,0.0400,01a0b2a1-8548-7181-9a30-c1307eb4bd9e,yes,yes,0,KXBTCD-26SEP1800-T77199.99,07227827-53e9-b4f0-ed20-0753f0b30a9d,1789703325,0.9600
sell,bid,11.66,2026-09-18T03:48:45.225473Z,2,0.038700,07227826-a361-b866-f1e3-904c87a083f0,True,KXBTCD-26SEP1800-T77199.99,0.0500,01a0b2a1-8548-7181-9a30-c1307eb4bd9e,yes,yes,0,KXBTCD-26SEP1800-T77199.99,07227826-a361-b866-f1e3-904c87a083f0,1789703325,0.9500
sell,bid,10.68,2026-09-18T03:48:45.225473Z,2,0.035600,07227826-4da1-ba75-d7d6-a88f3d35722d,True,KXBTCD-26SEP1800-T77199.99,0.0500,01a0b2a1-8548-7181-9a30-c1307eb4bd9e,yes,yes,0,KXBTCD-26SEP1800-T77199.99,07227826-4da1-ba75-d7d6-a88f3d35722d,1789703325,0.9500
sell,bid,5.89,2026-09-18T03:48:45.225473Z,2,0.012000,0722781d-cad9-b571-c022-cb0b1745aa77,True,KXBTCD-26SEP1800-T77199.99,0.0300,01a0b2a1-8548-7181-9a30-c1307eb4bd9e,yes,yes,0,KXBTCD-26SEP1800-T77199.99,0722781d-cad9-b571-c022-cb0b1745aa77,1789703325,0.9700
sell,bid,62.37,2026-09-18T03:48:45.225473Z,2,0.127000,0722781d-2ec9-bff2-d5b4-537022529bcb,True,KXBTCD-26SEP1800-T77199.99,0.0300,01a0b2a1-8548-7181-9a30-c1307eb4bd9e,yes,yes,0,KXBTCD-26SEP1800-T77199.99,0722781d-2ec9-bff2-d5b4-537022529bcb,1789703325,0.9700
sell,bid,529.66,2026-09-18T03:48:45.225473Z,2,1.423800,07227819-e7d1-b942-dab5-cdca0365719b,True,KXBTCD-26SEP1800-T77199.99,0.0400,01a0b2a1-8548-7181-9a30-c1307eb4bd9e,yes,yes,0,KXBTCD-26SEP1800-T77199.99,07227819-e7d1-b942-dab5-cdca0365719b,1789703325,0.9600
sell,bid,166.90,2026-09-18T03:48:45.225473Z,2,0.340000,0722780e-ead1-bdf3-c183-2f29e4baa657,True,KXBTCD-26SEP1800-T77199.99,0.0300,01a0b2a1-8548-7181-9a30-c1307eb4bd9e,yes,yes,0,KXBTCD-26SEP1800-T77199.99,0722780e-ead1-bdf3-c183-2f29e4baa657,1789703325,0.9700
sell,bid,0.15,2026-09-18T03:48:45.225473Z,2,0.000300,07227805-b989-b4eb-d801-f16a04485557,True,KXBTCD-26SEP1800-T77199.99,0.0300,01a0b2a1-8548-7181-9a30-c1307eb4bd9e,yes,yes,0,KXBTCD-26SEP1800-T77199.99,07227805-b989-b4eb-d801-f16a04485557,1789703325,0.9700
sell,bid,1000.00,2026-09-18T03:48:45.225473Z,2,2.037000,07227804-b629-bf62-e835-900d823e1969,True,KXBTCD-26SEP1800-T77199.99,0.0300,01a0b2a1-8548-7181-9a30-c1307eb4bd9e,yes,yes,0,KXBTCD-26SEP1800-T77199.99,07227804-b629-bf62-e835-900d823e1969,1789703325,0.9700
sell,bid,254.79,2026-09-18T03:48:45.225473Z,2,0.349600,07227804-b629-be16-fc8a-a7c4cf439ba4,True,KXBTCD-26SEP1800-T77199.99,0.0200,01a0b2a1-8548-7181-9a30-c1307eb4bd9e,yes,yes,0,KXBTCD-26SEP1800-T77199.99,07227804-b629-be16-fc8a-a7c4cf439ba4,1789703325,0.9800
buy,ask,4.00,2026-09-18T03:05:55.19311Z,2,0.018200,07227b9e-4371-a9e1-dec1-b9ee79ebba66,True,KXBTCD-26SEP1800-T77199.99,0.9300,01a0b27a-4e38-75d0-9afc-528c724d149c,no,no,0,KXBTCD-26SEP1800-T77199.99,07227b9e-4371-a9e1-dec1-b9ee79ebba66,1789700755,0.0700
buy,ask,973.43,2026-09-18T03:05:55.19311Z,2,2.616600,07227b9e-1d41-abd8-fd62-92fe3eb548da,True,KXBTCD-26SEP1800-T77199.99,0.9600,01a0b27a-4e38-75d0-9afc-528c724d149c,no,no,0,KXBTCD-26SEP1800-T77199.99,07227b9e-1d41-abd8-fd62-92fe3eb548da,1789700755,0.0400
buy,ask,400.00,2026-09-18T03:05:55.19311Z,2,1.075200,07227b9d-cbc1-a294-e880-6dc3d998076b,True,KXBTCD-26SEP1800-T77199.99,0.9600,01a0b27a-4e38-75d0-9afc-528c724d149c,no,no,0,KXBTCD-26SEP1800-T77199.99,07227b9d-cbc1-a294-e880-6dc3d998076b,1789700755,0.0400
buy,ask,39.00,2026-09-18T03:05:55.19311Z,2,0.129700,07227b93-7e89-ae95-cb16-7e9a4f9ec087,True,KXBTCD-26SEP1800-T77199.99,0.9500,01a0b27a-4e38-75d0-9afc-528c724d149c,no,no,0,KXBTCD-26SEP1800-T77199.99,07227b93-7e89-ae95-cb16-7e9a4f9ec087,1789700755,0.0500
buy,ask,51.00,2026-09-18T03:05:55.19311Z,2,0.201300,07227b93-7e89-a4df-d0fd-b1b236f9b117,True,KXBTCD-26SEP1800-T77199.99,0.9400,01a0b27a-4e38-75d0-9afc-528c724d149c,no,no,0,KXBTCD-26SEP1800-T77199.99,07227b93-7e89-a4df-d0fd-b1b236f9b117,1789700755,0.0600
buy,ask,50.00,2026-09-18T03:05:55.19311Z,2,0.197400,07227b93-3759-ada6-caf3-af78e66b9835,True,KXBTCD-26SEP1800-T77199.99,0.9400,01a0b27a-4e38-75d0-9afc-528c724d149c,no,no,0,KXBTCD-26SEP1800-T77199.99,07227b93-3759-ada6-caf3-af78e66b9835,1789700755,0.0600
buy,ask,368.00,2026-09-18T03:05:55.19311Z,2,1.452900,07227b93-3759-abb3-c59d-77f952022a6f,True,KXBTCD-26SEP1800-T77199.99,0.9400,01a0b27a-4e38-75d0-9afc-528c724d149c,no,no,0,KXBTCD-26SEP1800-T77199.99,07227b93-3759-abb3-c59d-77f952022a6f,1789700755,0.0600
buy,ask,47.95,2026-09-18T03:05:55.19311Z,2,0.189300,07227b91-f789-a1c2-d040-461fd062dd92,True,KXBTCD-26SEP1800-T77199.99,0.9400,01a0b27a-4e38-75d0-9afc-528c724d149c,no,no,0,KXBTCD-26SEP1800-T77199.99,07227b91-f789-a1c2-d040-461fd062dd92,1789700755,0.0600
buy,ask,14.00,2026-09-18T03:05:55.19311Z,2,0.046600,07227b91-5ae9-ab61-d084-c32b573036ad,True,KXBTCD-26SEP1800-T77199.99,0.9500,01a0b27a-4e38-75d0-9afc-528c724d149c,no,no,0,KXBTCD-26SEP1800-T77199.99,07227b91-5ae9-ab61-d084-c32b573036ad,1789700755,0.0500
buy,ask,1000.00,2026-09-18T03:05:55.19311Z,2,3.948000,07227b90-f189-a29c-c010-7b69f017a59b,True,KXBTCD-26SEP1800-T77199.99,0.9400,01a0b27a-4e38-75d0-9afc-528c724d149c,no,no,0,KXBTCD-26SEP1800-T77199.99,07227b90-f189-a29c-c010-7b69f017a59b,1789700755,0.0600
buy,ask,1.00,2026-09-18T03:05:55.19311Z,2,0.003400,07227b90-e9d9-a4e2-df84-77d537d0284b,True,KXBTCD-26SEP1800-T77199.99,0.9500,01a0b27a-4e38-75d0-9afc-528c724d149c,no,no,0,KXBTCD-26SEP1800-T77199.99,07227b90-e9d9-a4e2-df84-77d537d0284b,1789700755,0.0500
buy,ask,5.00,2026-09-18T03:05:55.19311Z,2,0.022800,07227b90-e9d9-a4a5-f665-0095ce9202dc,True,KXBTCD-26SEP1800-T77199.99,0.9300,01a0b27a-4e38-75d0-9afc-528c724d149c,no,no,0,KXBTCD-26SEP1800-T77199.99,07227b90-e9d9-a4a5-f665-0095ce9202dc,1789700755,0.0700
buy,ask,11.00,2026-09-18T03:05:55.19311Z,2,0.036500,07227b90-e9d9-a3cb-d174-24e96ebdbad0,True,KXBTCD-26SEP1800-T77199.99,0.9500,01a0b27a-4e38-75d0-9afc-528c724d149c,no,no,0,KXBTCD-26SEP1800-T77199.99,07227b90-e9d9-a3cb-d174-24e96ebdbad0,1789700755,0.0500
buy,ask,10.00,2026-09-18T03:05:55.19311Z,2,0.045600,07227b90-e9d9-a17a-e1ca-ee96ead4be64,True,KXBTCD-26SEP1800-T77199.99,0.9300,01a0b27a-4e38-75d0-9afc-528c724d149c,no,no,0,KXBTCD-26SEP1800-T77199.99,07227b90-e9d9-a17a-e1ca-ee96ead4be64,1789700755,0.0700
buy,ask,1.00,2026-09-18T03:05:55.19311Z,2,0.004000,07227b90-dc21-a90c-c77d-3756b5668fae,True,KXBTCD-26SEP1800-T77199.99,0.9400,01a0b27a-4e38-75d0-9afc-528c724d149c,no,no,0,KXBTCD-26SEP1800-T77199.99,07227b90-dc21-a90c-c77d-3756b5668fae,1789700755,0.0600
buy,ask,69.72,2026-09-18T03:05:55.19311Z,2,0.187400,07227b90-d471-adab-c27b-bd806a4d2d97,True,KXBTCD-26SEP1800-T77199.99,0.9600,01a0b27a-4e38-75d0-9afc-528c724d149c,no,no,0,KXBTCD-26SEP1800-T77199.99,07227b90-d471-adab-c27b-bd806a4d2d97,1789700755,0.0400
buy,ask,84.00,2026-09-18T03:05:55.19311Z,2,0.331700,07227b90-c0a9-a5c0-ffca-b3febb1a0a95,True,KXBTCD-26SEP1800-T77199.99,0.9400,01a0b27a-4e38-75d0-9afc-528c724d149c,no,no,0,KXBTCD-26SEP1800-T77199.99,07227b90-c0a9-a5c0-ffca-b3febb1a0a95,1789700755,0.0600
buy,ask,24.00,2026-09-18T03:05:55.19311Z,2,0.094700,07227b90-c0a9-a149-d363-d39b03cdd9a7,True,KXBTCD-26SEP1800-T77199.99,0.9400,01a0b27a-4e38-75d0-9afc-528c724d149c,no,no,0,KXBTCD-26SEP1800-T77199.99,07227b90-c0a9-a149-d363-d39b03cdd9a7,1789700755,0.0600
buy,ask,320.00,2026-09-18T03:05:55.19311Z,2,0.860200,07227b90-b209-af4c-ca06-0598ffe9a719,True,KXBTCD-26SEP1800-T77199.99,0.9600,01a0b27a-4e38-75d0-9afc-528c724d149c,no,no,0,KXBTCD-26SEP1800-T77199.99,07227b90-b209-af4c-ca06-0598ffe9a719,1789700755,0.0400
buy,ask,283.00,2026-09-18T03:05:55.19311Z,2,0.940900,07227b90-b209-a55f-df71-76a4811c7b76,True,KXBTCD-26SEP1800-T77199.99,0.9500,01a0b27a-4e38-75d0-9afc-528c724d149c,no,no,0,KXBTCD-26SEP1800-T77199.99,07227b90-b209-a55f-df71-76a4811c7b76,1789700755,0.0500
buy,ask,282.00,2026-09-18T03:05:55.19311Z,2,1.113300,07227b90-b209-a392-cd1d-98e7cbb67ba2,True,KXBTCD-26SEP1800-T77199.99,0.9400,01a0b27a-4e38-75d0-9afc-528c724d149c,no,no,0,KXBTCD-26SEP1800-T77199.99,07227b90-b209-a392-cd1d-98e7cbb67ba2,1789700755,0.0600
buy,ask,1000.00,2026-09-18T03:05:55.19311Z,2,3.325000,07227b90-7489-a39f-dc69-42dc525ded45,True,KXBTCD-26SEP1800-T77199.99,0.9500,01a0b27a-4e38-75d0-9afc-528c724d149c,no,no,0,KXBTCD-26SEP1800-T77199.99,07227b90-7489-a39f-dc69-42dc525ded45,1789700755,0.0500
buy,ask,1000.00,2026-09-18T03:05:55.19311Z,2,2.688000,07227b90-3509-a97d-db52-b37cbcf6514a,True,KXBTCD-26SEP1800-T77199.99,0.9600,01a0b27a-4e38-75d0-9afc-528c724d149c,no,no,0,KXBTCD-26SEP1800-T77199.99,07227b90-3509-a97d-db52-b37cbcf6514a,1789700755,0.0400
buy,bid,5651.43,2026-09-18T02:59:23.347698Z,2,0.395230,07227bb6-6c01-afe4-27d8-2cdd3b3c47ac,True,KXBTC15M-26SEP172300-00,0.0010,01a0b274-52f8-778b-aa74-cf85b60f0814,yes,yes,0,KXBTC15M-26SEP172300-00,07227bb6-6c01-afe4-27d8-2cdd3b3c47ac,1789700363,0.9990
sell,ask,76.00,2026-09-18T02:58:52.861952Z,2,0.104300,07227bbe-d081-849e-840f-4c86aa249246,True,KXBTCD-26SEP1723-T76799.99,0.0200,01a0b273-d9e0-7f5f-8f1b-69ab089f13be,no,no,0,KXBTCD-26SEP1723-T76799.99,07227bbe-d081-849e-840f-4c86aa249246,1789700332,0.9800
sell,ask,1.00,2026-09-18T02:58:52.861952Z,2,0.000700,07227bbe-ccc9-8323-a8b6-0e8f99764ad2,True,KXBTCD-26SEP1723-T76799.99,0.0100,01a0b273-d9e0-7f5f-8f1b-69ab089f13be,no,no,0,KXBTCD-26SEP1723-T76799.99,07227bbe-ccc9-8323-a8b6-0e8f99764ad2,1789700332,0.9900
sell,ask,635.00,2026-09-18T02:58:52.861952Z,2,0.440100,07227bbe-a9f1-87a8-ad0b-d2649364bad7,True,KXBTCD-26SEP1723-T76799.99,0.0100,01a0b273-d9e0-7f5f-8f1b-69ab089f13be,no,no,0,KXBTCD-26SEP1723-T76799.99,07227bbe-a9f1-87a8-ad0b-d2649364bad7,1789700332,0.9900
sell,ask,801.27,2026-09-18T02:58:52.861952Z,2,0.555300,07227bbe-36f1-81d1-bcff-c7f74639ae58,True,KXBTCD-26SEP1723-T76799.99,0.0100,01a0b273-d9e0-7f5f-8f1b-69ab089f13be,no,no,0,KXBTCD-26SEP1723-T76799.99,07227bbe-36f1-81d1-bcff-c7f74639ae58,1789700332,0.9900
sell,ask,2000.00,2026-09-18T02:58:52.861952Z,2,1.386000,07227bbd-c2c9-810d-a64e-0dcff68c1819,True,KXBTCD-26SEP1723-T76799.99,0.0100,01a0b273-d9e0-7f5f-8f1b-69ab089f13be,no,no,0,KXBTCD-26SEP1723-T76799.99,07227bbd-c2c9-810d-a64e-0dcff68c1819,1789700332,0.9900
sell,ask,160.00,2026-09-18T02:58:52.861952Z,2,0.110900,07227bbd-6b71-8054-9cd2-6b08621242ec,True,KXBTCD-26SEP1723-T76799.99,0.0100,01a0b273-d9e0-7f5f-8f1b-69ab089f13be,no,no,0,KXBTCD-26SEP1723-T76799.99,07227bbd-6b71-8054-9cd2-6b08621242ec,1789700332,0.9900
sell,ask,250.00,2026-09-18T02:58:52.861952Z,2,0.173300,07227bbc-e471-8330-9074-ec6c254efd3e,True,KXBTCD-26SEP1723-T76799.99,0.0100,01a0b273-d9e0-7f5f-8f1b-69ab089f13be,no,no,0,KXBTCD-26SEP1723-T76799.99,07227bbc-e471-8330-9074-ec6c254efd3e,1789700332,0.9900
sell,ask,49.00,2026-09-18T02:58:52.861952Z,2,0.067300,07227bbc-adc1-8276-a69d-dc7e8fa8f7bc,True,KXBTCD-26SEP1723-T76799.99,0.0200,01a0b273-d9e0-7f5f-8f1b-69ab089f13be,no,no,0,KXBTCD-26SEP1723-T76799.99,07227bbc-adc1-8276-a69d-dc7e8fa8f7bc,1789700332,0.9800
sell,ask,28.00,2026-09-18T02:58:52.861952Z,2,0.019400,07227bbc-6941-8bd9-8f53-36658017edb6,True,KXBTCD-26SEP1723-T76799.99,0.0100,01a0b273-d9e0-7f5f-8f1b-69ab089f13be,no,no,0,KXBTCD-26SEP1723-T76799.99,07227bbc-6941-8bd9-8f53-36658017edb6,1789700332,0.9900
sell,ask,1111.00,2026-09-18T02:58:52.861952Z,2,0.769900,07227bbc-5251-807c-bc6b-d735a84d48a7,True,KXBTCD-26SEP1723-T76799.99,0.0100,01a0b273-d9e0-7f5f-8f1b-69ab089f13be,no,no,0,KXBTCD-26SEP1723-T76799.99,07227bbc-5251-807c-bc6b-d735a84d48a7,1789700332,0.9900
sell,ask,36.00,2026-09-18T02:58:52.861952Z,2,0.024900,07227bbc-17e9-8d0a-8937-62fe3dd571f2,True,KXBTCD-26SEP1723-T76799.99,0.0100,01a0b273-d9e0-7f5f-8f1b-69ab089f13be,no,no,0,KXBTCD-26SEP1723-T76799.99,07227bbc-17e9-8d0a-8937-62fe3dd571f2,1789700332,0.9900
sell,ask,126.00,2026-09-18T02:58:52.861952Z,2,0.172800,07227bbc-17e9-8547-b079-4dd9f44bc03f,True,KXBTCD-26SEP1723-T76799.99,0.0200,01a0b273-d9e0-7f5f-8f1b-69ab089f13be,no,no,0,KXBTCD-26SEP1723-T76799.99,07227bbc-17e9-8547-b079-4dd9f44bc03f,1789700332,0.9800
sell,ask,115.53,2026-09-18T02:58:52.861952Z,2,0.235300,07227ba2-9a61-82dd-9ebe-8baa8eec0880,True,KXBTCD-26SEP1723-T76799.99,0.0300,01a0b273-d9e0-7f5f-8f1b-69ab089f13be,no,no,0,KXBTCD-26SEP1723-T76799.99,07227ba2-9a61-82dd-9ebe-8baa8eec0880,1789700332,0.9700
sell,ask,21.01,2026-09-18T02:58:52.861952Z,2,0.042800,07227ba1-0cc1-83d6-8a67-62c1411ae3d3,True,KXBTCD-26SEP1723-T76799.99,0.0300,01a0b273-d9e0-7f5f-8f1b-69ab089f13be,no,no,0,KXBTCD-26SEP1723-T76799.99,07227ba1-0cc1-83d6-8a67-62c1411ae3d3,1789700332,0.9700
sell,ask,420.32,2026-09-18T02:58:52.861952Z,2,0.856200,07227ba0-4911-809d-8eb3-e8aab6d9db5b,True,KXBTCD-26SEP1723-T76799.99,0.0300,01a0b273-d9e0-7f5f-8f1b-69ab089f13be,no,no,0,KXBTCD-26SEP1723-T76799.99,07227ba0-4911-809d-8eb3-e8aab6d9db5b,1789700332,0.9700
sell,ask,79.96,2026-09-18T02:57:23.551323Z,2,0.265900,07227bbb-86d9-a8a4-23b6-d87da341b25e,True,KXBTCD-26SEP1723-T76999.99,0.9500,01a0b272-7e38-76bd-a78a-ce55a68fd6b1,no,no,0,KXBTCD-26SEP1723-T76999.99,07227bbb-86d9-a8a4-23b6-d87da341b25e,1789700243,0.0500
sell,ask,156.06,2026-09-18T02:53:35.383401Z,2,0.108200,07227bd1-e439-bbf7-b009-2a0eec5c6a6c,True,KXBTCD-26SEP1723-T77099.99,0.9900,01a0b26f-0398-7347-8763-e8769c0732f8,no,no,0,KXBTCD-26SEP1723-T77099.99,07227bd1-e439-bbf7-b009-2a0eec5c6a6c,1789700015,0.0100
buy,bid,0.01,2026-09-18T02:52:52.484115Z,2,0.000100,07227bf0-9189-bc8e-5bb8-13afc16d083d,True,KXBTCD-26SEP1723-T76799.99,0.0100,01a0b26e-5ba0-7159-bb73-929f53077f79,yes,yes,0,KXBTCD-26SEP1723-T76799.99,07227bf0-9189-bc8e-5bb8-13afc16d083d,1789699972,0.9900
buy,bid,0.82,2026-09-18T02:52:52.484115Z,2,0.000600,07227bee-d011-b6f8-6852-f43e831885a4,True,KXBTCD-26SEP1723-T76799.99,0.0100,01a0b26e-5ba0-7159-bb73-929f53077f79,yes,yes,0,KXBTCD-26SEP1723-T76799.99,07227bee-d011-b6f8-6852-f43e831885a4,1789699972,0.9900
buy,bid,53.49,2026-09-18T02:52:52.484115Z,2,0.037100,07227bec-4801-b08c-7aaf-9f13568b9db4,True,KXBTCD-26SEP1723-T76799.99,0.0100,01a0b26e-5ba0-7159-bb73-929f53077f79,yes,yes,0,KXBTCD-26SEP1723-T76799.99,07227bec-4801-b08c-7aaf-9f13568b9db4,1789699972,0.9900
buy,bid,124.51,2026-09-18T02:52:52.484115Z,2,0.086200,07227be9-9ee1-bad6-5128-bdda51e52eaa,True,KXBTCD-26SEP1723-T76799.99,0.0100,01a0b26e-5ba0-7159-bb73-929f53077f79,yes,yes,0,KXBTCD-26SEP1723-T76799.99,07227be9-9ee1-bad6-5128-bdda51e52eaa,1789699972,0.9900
buy,bid,82.67,2026-09-18T02:52:52.484115Z,2,0.057300,07227be1-d611-bc96-407f-9d08aa3681ea,True,KXBTCD-26SEP1723-T76799.99,0.0100,01a0b26e-5ba0-7159-bb73-929f53077f79,yes,yes,0,KXBTCD-26SEP1723-T76799.99,07227be1-d611-bc96-407f-9d08aa3681ea,1789699972,0.9900
buy,bid,848.05,2026-09-18T02:52:52.484115Z,2,1.163600,07227be0-3a51-b5f0-5848-396ef2c1947a,True,KXBTCD-26SEP1723-T76799.99,0.0200,01a0b26e-5ba0-7159-bb73-929f53077f79,yes,yes,0,KXBTCD-26SEP1723-T76799.99,07227be0-3a51-b5f0-5848-396ef2c1947a,1789699972,0.9800
buy,bid,175.41,2026-09-18T02:52:52.484115Z,2,0.121500,07227be0-1979-b271-41d5-c836fac6cb6b,True,KXBTCD-26SEP1723-T76799.99,0.0100,01a0b26e-5ba0-7159-bb73-929f53077f79,yes,yes,0,KXBTCD-26SEP1723-T76799.99,07227be0-1979-b271-41d5-c836fac6cb6b,1789699972,0.9900
buy,bid,0.97,2026-09-18T02:52:52.484115Z,2,0.001300,07227bdb-e6c9-b367-692c-dc655d85cd1f,True,KXBTCD-26SEP1723-T76799.99,0.0200,01a0b26e-5ba0-7159-bb73-929f53077f79,yes,yes,0,KXBTCD-26SEP1723-T76799.99,07227bdb-e6c9-b367-692c-dc655d85cd1f,1789699972,0.9800
buy,bid,0.35,2026-09-18T02:52:52.484115Z,2,0.000500,07227bdb-cd21-b6a4-7bad-e0a64808017c,True,KXBTCD-26SEP1723-T76799.99,0.0200,01a0b26e-5ba0-7159-bb73-929f53077f79,yes,yes,0,KXBTCD-26SEP1723-T76799.99,07227bdb-cd21-b6a4-7bad-e0a64808017c,1789699972,0.9800
buy,bid,0.68,2026-09-18T02:52:52.484115Z,2,0.000900,07227bd8-b601-bd5d-649e-18ad53c4706f,True,KXBTCD-26SEP1723-T76799.99,0.0200,01a0b26e-5ba0-7159-bb73-929f53077f79,yes,yes,0,KXBTCD-26SEP1723-T76799.99,07227bd8-b601-bd5d-649e-18ad53c4706f,1789699972,0.9800
buy,bid,238.00,2026-09-18T02:52:52.484115Z,2,0.326500,07227bd7-3d51-b19c-428a-e1da4d7b7406,True,KXBTCD-26SEP1723-T76799.99,0.0200,01a0b26e-5ba0-7159-bb73-929f53077f79,yes,yes,0,KXBTCD-26SEP1723-T76799.99,07227bd7-3d51-b19c-428a-e1da4d7b7406,1789699972,0.9800
buy,bid,50.00,2026-09-18T02:52:52.484115Z,2,0.068600,07227bd7-3939-b282-5291-51d8a6f1b642,True,KXBTCD-26SEP1723-T76799.99,0.0200,01a0b26e-5ba0-7159-bb73-929f53077f79,yes,yes,0,KXBTCD-26SEP1723-T76799.99,07227bd7-3939-b282-5291-51d8a6f1b642,1789699972,0.9800
buy,bid,48.00,2026-09-18T02:52:52.484115Z,2,0.065800,07227bd7-3521-b87d-5999-8e8bdfd105f9,True,KXBTCD-26SEP1723-T76799.99,0.0200,01a0b26e-5ba0-7159-bb73-929f53077f79,yes,yes,0,KXBTCD-26SEP1723-T76799.99,07227bd7-3521-b87d-5999-8e8bdfd105f9,1789699972,0.9800
buy,bid,5.00,2026-09-18T02:52:52.484115Z,2,0.006900,07227bd7-2169-bd31-64c9-b3bd1c765e64,True,KXBTCD-26SEP1723-T76799.99,0.0200,01a0b26e-5ba0-7159-bb73-929f53077f79,yes,yes,0,KXBTCD-26SEP1723-T76799.99,07227bd7-2169-bd31-64c9-b3bd1c765e64,1789699972,0.9800
buy,bid,60.00,2026-09-18T02:52:52.484115Z,2,0.082300,07227bd5-9ac1-b3ac-646c-2688131e4283,True,KXBTCD-26SEP1723-T76799.99,0.0200,01a0b26e-5ba0-7159-bb73-929f53077f79,yes,yes,0,KXBTCD-26SEP1723-T76799.99,07227bd5-9ac1-b3ac-646c-2688131e4283,1789699972,0.9800
buy,bid,85.00,2026-09-18T02:52:52.484115Z,2,0.116700,07227bd4-fae9-b398-452f-2a6c1aacfdc9,True,KXBTCD-26SEP1723-T76799.99,0.0200,01a0b26e-5ba0-7159-bb73-929f53077f79,yes,yes,0,KXBTCD-26SEP1723-T76799.99,07227bd4-fae9-b398-452f-2a6c1aacfdc9,1789699972,0.9800
buy,bid,210.00,2026-09-18T02:52:52.484115Z,2,0.288100,07227bd4-e219-b95d-46a4-75e1b82e4989,True,KXBTCD-26SEP1723-T76799.99,0.0200,01a0b26e-5ba0-7159-bb73-929f53077f79,yes,yes,0,KXBTCD-26SEP1723-T76799.99,07227bd4-e219-b95d-46a4-75e1b82e4989,1789699972,0.9800
buy,bid,80.00,2026-09-18T02:52:52.484115Z,2,0.109700,07227bd4-d911-bf59-71db-51303ca47eb1,True,KXBTCD-26SEP1723-T76799.99,0.0200,01a0b26e-5ba0-7159-bb73-929f53077f79,yes,yes,0,KXBTCD-26SEP1723-T76799.99,07227bd4-d911-bf59-71db-51303ca47eb1,1789699972,0.9800
buy,bid,7.00,2026-09-18T02:52:52.484115Z,2,0.009600,07227bd4-9891-be41-52a9-e97ce2123410,True,KXBTCD-26SEP1723-T76799.99,0.0200,01a0b26e-5ba0-7159-bb73-929f53077f79,yes,yes,0,KXBTCD-26SEP1723-T76799.99,07227bd4-9891-be41-52a9-e97ce2123410,1789699972,0.9800
buy,bid,250.00,2026-09-18T02:52:52.484115Z,2,0.343000,07227bd4-9891-b5c4-4000-2377cd8e19ad,True,KXBTCD-26SEP1723-T76799.99,0.0200,01a0b26e-5ba0-7159-bb73-929f53077f79,yes,yes,0,KXBTCD-26SEP1723-T76799.99,07227bd4-9891-b5c4-4000-2377cd8e19ad,1789699972,0.9800
buy,bid,6.16,2026-09-18T02:52:52.484115Z,2,0.008500,07227bd4-5c41-bc69-6429-07970a015fc2,True,KXBTCD-26SEP1723-T76799.99,0.0200,01a0b26e-5ba0-7159-bb73-929f53077f79,yes,yes,0,KXBTCD-26SEP1723-T76799.99,07227bd4-5c41-bc69-6429-07970a015fc2,1789699972,0.9800
buy,bid,603.00,2026-09-18T02:52:52.484115Z,2,0.827300,07227bd4-5829-b2ef-74e4-2c75139cc840,True,KXBTCD-26SEP1723-T76799.99,0.0200,01a0b26e-5ba0-7159-bb73-929f53077f79,yes,yes,0,KXBTCD-26SEP1723-T76799.99,07227bd4-5829-b2ef-74e4-2c75139cc840,1789699972,0.9800
buy,bid,1.00,2026-09-18T02:52:52.484115Z,2,0.001400,07227bd2-7101-b739-6fc5-573c2961684b,True,KXBTCD-26SEP1723-T76799.99,0.0200,01a0b26e-5ba0-7159-bb73-929f53077f79,yes,yes,0,KXBTCD-26SEP1723-T76799.99,07227bd2-7101-b739-6fc5-573c2961684b,1789699972,0.9800
buy,bid,0.01,2026-09-18T02:52:52.484115Z,2,0.000000,07227bd1-4f61-b99e-4cca-4f8dcb2eb065,True,KXBTCD-26SEP1723-T76799.99,0.0200,01a0b26e-5ba0-7159-bb73-929f53077f79,yes,yes,0,KXBTCD-26SEP1723-T76799.99,07227bd1-4f61-b99e-4cca-4f8dcb2eb065,1789699972,0.9800
buy,bid,2000.00,2026-09-18T02:52:52.484115Z,2,1.386000,07227b87-2da1-bc65-4b18-4e2cd4d28b50,True,KXBTCD-26SEP1723-T76799.99,0.0100,01a0b26e-5ba0-7159-bb73-929f53077f79,yes,yes,0,KXBTCD-26SEP1723-T76799.99,07227b87-2da1-bc65-4b18-4e2cd4d28b50,1789699972,0.9900
buy,bid,150.00,2026-09-18T02:52:52.484115Z,2,0.103900,07227b86-3a11-b1ba-464b-403ec2d76530,True,KXBTCD-26SEP1723-T76799.99,0.0100,01a0b26e-5ba0-7159-bb73-929f53077f79,yes,yes,0,KXBTCD-26SEP1723-T76799.99,07227b86-3a11-b1ba-464b-403ec2d76530,1789699972,0.9900
buy,bid,250.00,2026-09-18T02:52:52.484115Z,2,0.173300,07227b86-2659-b2f1-499d-b98499fae2ad,True,KXBTCD-26SEP1723-T76799.99,0.0100,01a0b26e-5ba0-7159-bb73-929f53077f79,yes,yes,0,KXBTCD-26SEP1723-T76799.99,07227b86-2659-b2f1-499d-b98499fae2ad,1789699972,0.9900
buy,bid,500.00,2026-09-18T02:52:52.484115Z,2,0.346500,07227b84-9b81-b416-6845-6ee3f4ad0bea,True,KXBTCD-26SEP1723-T76799.99,0.0100,01a0b26e-5ba0-7159-bb73-929f53077f79,yes,yes,0,KXBTCD-26SEP1723-T76799.99,07227b84-9b81-b416-6845-6ee3f4ad0bea,1789699972,0.9900
buy,bid,1.00,2026-09-18T02:46:45.64292Z,2,0.003300,07227bcb-b601-84db-f4c5-a840af11576c,True,KXBTCD-26SEP1723-T76999.99,0.9500,01a0b268-c208-7f6d-9b87-1680090fc000,yes,yes,0,KXBTCD-26SEP1723-T76999.99,07227bcb-b601-84db-f4c5-a840af11576c,1789699605,0.0500
buy,bid,10.00,2026-09-18T02:46:45.64292Z,2,0.033300,07227bcb-92d9-8f59-ec96-7d49a0300558,True,KXBTCD-26SEP1723-T76999.99,0.9500,01a0b268-c208-7f6d-9b87-1680090fc000,yes,yes,0,KXBTCD-26SEP1723-T76999.99,07227bcb-92d9-8f59-ec96-7d49a0300558,1789699605,0.0500
buy,bid,68.96,2026-09-18T02:46:45.64292Z,2,0.272300,07227bcb-8379-833a-ed7a-43f115fa1ae0,True,KXBTCD-26SEP1723-T76999.99,0.9400,01a0b268-c208-7f6d-9b87-1680090fc000,yes,yes,0,KXBTCD-26SEP1723-T76999.99,07227bcb-8379-833a-ed7a-43f115fa1ae0,1789699605,0.0600
buy,bid,156.06,2026-09-18T02:46:31.949771Z,2,0.317900,07227bc5-ce01-b403-71d6-e55cec6e4767,True,KXBTCD-26SEP1723-T77099.99,0.9700,01a0b268-8b58-72d7-b7fd-c273cd9dbd25,yes,yes,0,KXBTCD-26SEP1723-T77099.99,07227bc5-ce01-b403-71d6-e55cec6e4767,1789699591,0.0300
buy,ask,57.00,2026-09-18T02:46:09.888863Z,2,0.078300,07227bc7-fe69-87e9-55b0-0d74b8cedca7,True,KXBTCD-26SEP1723-T76599.99,0.0200,01a0b268-3568-7c28-be17-df8f52ac30ed,no,no,0,KXBTCD-26SEP1723-T76599.99,07227bc7-fe69-87e9-55b0-0d74b8cedca7,1789699569,0.9800
buy,ask,71.00,2026-09-18T02:46:09.888863Z,2,0.097400,07227bc7-c1f9-85c6-6ad8-a85711238a73,True,KXBTCD-26SEP1723-T76599.99,0.0200,01a0b268-3568-7c28-be17-df8f52ac30ed,no,no,0,KXBTCD-26SEP1723-T76599.99,07227bc7-c1f9-85c6-6ad8-a85711238a73,1789699569,0.9800
buy,ask,14.00,2026-09-18T02:46:09.888863Z,2,0.019200,07227bc7-b3c1-8218-5a75-605e0692d39c,True,KXBTCD-26SEP1723-T76599.99,0.0200,01a0b268-3568-7c28-be17-df8f52ac30ed,no,no,0,KXBTCD-26SEP1723-T76599.99,07227bc7-b3c1-8218-5a75-605e0692d39c,1789699569,0.9800
buy,ask,60.00,2026-09-18T02:46:09.888863Z,2,0.082300,07227bc7-b3c1-81e3-7ad8-43396c437102,True,KXBTCD-26SEP1723-T76599.99,0.0200,01a0b268-3568-7c28-be17-df8f52ac30ed,no,no,0,KXBTCD-26SEP1723-T76599.99,07227bc7-b3c1-81e3-7ad8-43396c437102,1789699569,0.9800
buy,ask,31.95,2026-09-18T02:46:09.888863Z,2,0.043800,07227bc7-a7b9-88f5-55d3-2f492dfe8013,True,KXBTCD-26SEP1723-T76599.99,0.0200,01a0b268-3568-7c28-be17-df8f52ac30ed,no,no,0,KXBTCD-26SEP1723-T76599.99,07227bc7-a7b9-88f5-55d3-2f492dfe8013,1789699569,0.9800
buy,ask,78.18,2026-09-18T02:46:03.571695Z,2,0.308700,07227bc7-c361-917d-3c2e-f4ac8243f6bc,True,KXBTCD-26SEP1723-T76699.99,0.0600,01a0b268-1df8-7815-ad9f-dbc67ed76c8f,no,no,0,KXBTCD-26SEP1723-T76699.99,07227bc7-c361-917d-3c2e-f4ac8243f6bc,1789699563,0.9400
buy,bid,5773.36,2026-09-18T02:28:26.251711Z,2,0.403760,07227b14-44e1-b331-5289-65ca23333717,True,KXBTC15M-26SEP172230-30,0.0010,01a0b257-fd10-73e5-b6b4-5d6a40ba7e5d,yes,yes,0,KXBTC15M-26SEP172230-30,07227b14-44e1-b331-5289-65ca23333717,1789698506,0.9990
buy,bid,1495.17,2026-09-18T01:56:51.828584Z,2,3.045700,07227adb-b749-8bfb-0fac-09d6559fa95d,True,KXBTCD-26SEP1722-T76599.99,0.0300,01a0b23b-12b8-7f9a-ac40-422db808d2e8,yes,yes,0,KXBTCD-26SEP1722-T76599.99,07227adb-b749-8bfb-0fac-09d6559fa95d,1789696611,0.9700
buy,bid,28.78,2026-09-18T01:56:51.828584Z,2,0.058600,07227ada-8619-805a-25b3-c1d917d8354f,True,KXBTCD-26SEP1722-T76599.99,0.0300,01a0b23b-12b8-7f9a-ac40-422db808d2e8,yes,yes,0,KXBTCD-26SEP1722-T76599.99,07227ada-8619-805a-25b3-c1d917d8354f,1789696611,0.9700
buy,bid,815.92,2026-09-18T01:56:51.828584Z,2,1.662100,07227ada-1579-8174-28bc-8c888f7cf240,True,KXBTCD-26SEP1722-T76599.99,0.0300,01a0b23b-12b8-7f9a-ac40-422db808d2e8,yes,yes,0,KXBTCD-26SEP1722-T76599.99,07227ada-1579-8174-28bc-8c888f7cf240,1789696611,0.9700
buy,bid,1000.00,2026-09-18T01:56:51.828584Z,2,1.372000,07227ada-1579-8053-1398-afbe0030e5f1,True,KXBTCD-26SEP1722-T76599.99,0.0200,01a0b23b-12b8-7f9a-ac40-422db808d2e8,yes,yes,0,KXBTCD-26SEP1722-T76599.99,07227ada-1579-8053-1398-afbe0030e5f1,1789696611,0.9800
buy,bid,9.00,2026-09-18T01:56:51.828584Z,2,0.018400,07227ad7-4de1-8eef-1c1a-5fbbe171a5d0,True,KXBTCD-26SEP1722-T76599.99,0.0300,01a0b23b-12b8-7f9a-ac40-422db808d2e8,yes,yes,0,KXBTCD-26SEP1722-T76599.99,07227ad7-4de1-8eef-1c1a-5fbbe171a5d0,1789696611,0.9700
buy,bid,2.00,2026-09-18T01:56:51.828584Z,2,0.004000,07227ad7-4009-8c0c-2047-b3ca8ba10382,True,KXBTCD-26SEP1722-T76599.99,0.0300,01a0b23b-12b8-7f9a-ac40-422db808d2e8,yes,yes,0,KXBTCD-26SEP1722-T76599.99,07227ad7-4009-8c0c-2047-b3ca8ba10382,1789696611,0.9700
buy,bid,0.01,2026-09-18T01:56:51.828584Z,2,0.000000,07227ad6-ad21-89b7-04b9-989a774797ab,True,KXBTCD-26SEP1722-T76599.99,0.0300,01a0b23b-12b8-7f9a-ac40-422db808d2e8,yes,yes,0,KXBTCD-26SEP1722-T76599.99,07227ad6-ad21-89b7-04b9-989a774797ab,1789696611,0.9700
buy,bid,200.00,2026-09-18T01:56:51.828584Z,2,0.407400,07227ad6-43f9-8b70-24df-ab4a26b89361,True,KXBTCD-26SEP1722-T76599.99,0.0300,01a0b23b-12b8-7f9a-ac40-422db808d2e8,yes,yes,0,KXBTCD-26SEP1722-T76599.99,07227ad6-43f9-8b70-24df-ab4a26b89361,1789696611,0.9700
buy,bid,66.00,2026-09-18T01:56:51.828584Z,2,0.134400,07227ad6-0589-8eda-2309-b9fee80a93e7,True,KXBTCD-26SEP1722-T76599.99,0.0300,01a0b23b-12b8-7f9a-ac40-422db808d2e8,yes,yes,0,KXBTCD-26SEP1722-T76599.99,07227ad6-0589-8eda-2309-b9fee80a93e7,1789696611,0.9700
buy,bid,250.00,2026-09-18T01:56:51.828584Z,2,0.509300,07227ad5-5459-8440-2c9b-4c64bfd3d2f8,True,KXBTCD-26SEP1722-T76599.99,0.0300,01a0b23b-12b8-7f9a-ac40-422db808d2e8,yes,yes,0,KXBTCD-26SEP1722-T76599.99,07227ad5-5459-8440-2c9b-4c64bfd3d2f8,1789696611,0.9700
buy,bid,1788.39,2026-09-18T01:56:51.828584Z,2,2.453700,07227ad4-9e61-8e3c-06c6-1ecc353eeec7,True,KXBTCD-26SEP1722-T76599.99,0.0200,01a0b23b-12b8-7f9a-ac40-422db808d2e8,yes,yes,0,KXBTCD-26SEP1722-T76599.99,07227ad4-9e61-8e3c-06c6-1ecc353eeec7,1789696611,0.9800
buy,bid,0.01,2026-09-17T23:13:33.982881Z,2,0.000040,07227733-d469-8e1b-acf4-535a951fe046,True,KXBTC15M-26SEP171915-15,0.0040,01a0b1a5-9148-7cf7-82fe-83da124f752f,yes,yes,0,KXBTC15M-26SEP171915-15,07227733-d469-8e1b-acf4-535a951fe046,1789686813,0.9960
buy,bid,0.01,2026-09-17T23:13:33.982881Z,2,0.000040,07227733-d469-8bb5-9f9e-902d179744fc,True,KXBTC15M-26SEP171915-15,0.0040,01a0b1a5-9148-7cf7-82fe-83da124f752f,yes,yes,0,KXBTC15M-26SEP171915-15,07227733-d469-8bb5-9f9e-902d179744fc,1789686813,0.9960
buy,bid,1.00,2026-09-17T23:13:33.982881Z,2,0.000200,07227733-d469-8b70-b1fd-c578f0be369e,True,KXBTC15M-26SEP171915-15,0.0040,01a0b1a5-9148-7cf7-82fe-83da124f752f,yes,yes,0,KXBTC15M-26SEP171915-15,07227733-d469-8b70-b1fd-c578f0be369e,1789686813,0.9960
buy,bid,0.10,2026-09-17T23:13:33.982881Z,2,0.000000,07227733-d469-87ba-b5de-c3d0fa13e29d,True,KXBTC15M-26SEP171915-15,0.0040,01a0b1a5-9148-7cf7-82fe-83da124f752f,yes,yes,0,KXBTC15M-26SEP171915-15,07227733-d469-87ba-b5de-c3d0fa13e29d,1789686813,0.9960
buy,bid,36.00,2026-09-17T23:13:33.982881Z,2,0.010100,07227733-d469-8031-ba92-7f84a112c18b,True,KXBTC15M-26SEP171915-15,0.0040,01a0b1a5-9148-7cf7-82fe-83da124f752f,yes,yes,0,KXBTC15M-26SEP171915-15,07227733-d469-8031-ba92-7f84a112c18b,1789686813,0.9960
buy,bid,11.02,2026-09-17T23:13:33.982881Z,2,0.002360,0722770f-6ca1-8fbf-afb9-e75172a1ef70,True,KXBTC15M-26SEP171915-15,0.0030,01a0b1a5-9148-7cf7-82fe-83da124f752f,yes,yes,0,KXBTC15M-26SEP171915-15,0722770f-6ca1-8fbf-afb9-e75172a1ef70,1789686813,0.9970
buy,bid,385.00,2026-09-17T23:13:33.982881Z,2,0.080600,0722770f-6ca1-8660-a28c-6592d3ad7c72,True,KXBTC15M-26SEP171915-15,0.0030,01a0b1a5-9148-7cf7-82fe-83da124f752f,yes,yes,0,KXBTC15M-26SEP171915-15,0722770f-6ca1-8660-a28c-6592d3ad7c72,1789686813,0.9970
buy,bid,1010.00,2026-09-17T23:13:33.982881Z,2,0.211400,0722770f-6ca1-84fb-be82-38cc0536d889,True,KXBTC15M-26SEP171915-15,0.0030,01a0b1a5-9148-7cf7-82fe-83da124f752f,yes,yes,0,KXBTC15M-26SEP171915-15,0722770f-6ca1-84fb-be82-38cc0536d889,1789686813,0.9970
buy,bid,187.86,2026-09-17T23:13:33.982881Z,2,0.039380,0722770f-6ca1-80dc-aa0a-fd6af3c61340,True,KXBTC15M-26SEP171915-15,0.0030,01a0b1a5-9148-7cf7-82fe-83da124f752f,yes,yes,0,KXBTC15M-26SEP171915-15,0722770f-6ca1-80dc-aa0a-fd6af3c61340,1789686813,0.9970
sell,bid,0.01,2026-09-17T22:59:39.954513Z,2,0.000080,072277fb-8e71-beab-675b-5178ca724d8d,True,KXBTC15M-26SEP171900-00,0.9980,01a0b198-d778-7156-baf6-14670bbc1e86,yes,yes,0,KXBTC15M-26SEP171900-00,072277fb-8e71-beab-675b-5178ca724d8d,1789685979,0.0020
sell,bid,0.01,2026-09-17T22:59:39.954513Z,2,0.000080,072277fb-8e71-bddc-5ad3-7c1a7603f543,True,KXBTC15M-26SEP171900-00,0.9980,01a0b198-d778-7156-baf6-14670bbc1e86,yes,yes,0,KXBTC15M-26SEP171900-00,072277fb-8e71-bddc-5ad3-7c1a7603f543,1789685979,0.0020
sell,bid,614.49,2026-09-17T22:59:39.954513Z,2,0.085920,072277fb-8e71-bbff-54e5-1d94cf7bbc05,True,KXBTC15M-26SEP171900-00,0.9980,01a0b198-d778-7156-baf6-14670bbc1e86,yes,yes,0,KXBTC15M-26SEP171900-00,072277fb-8e71-bbff-54e5-1d94cf7bbc05,1789685979,0.0020
sell,bid,10.00,2026-09-17T22:59:39.954513Z,2,0.001200,072277fb-8e71-b94a-7b84-932387350e59,True,KXBTC15M-26SEP171900-00,0.9980,01a0b198-d778-7156-baf6-14670bbc1e86,yes,yes,0,KXBTC15M-26SEP171900-00,072277fb-8e71-b94a-7b84-932387350e59,1789685979,0.0020
sell,bid,39.00,2026-09-17T22:59:39.954513Z,2,0.005500,072277fb-8e71-b163-5af2-4772fdfd6cad,True,KXBTC15M-26SEP171900-00,0.9980,01a0b198-d778-7156-baf6-14670bbc1e86,yes,yes,0,KXBTC15M-26SEP171900-00,072277fb-8e71-b163-5af2-4772fdfd6cad,1789685979,0.0020
sell,bid,40.03,2026-09-17T22:59:39.954513Z,2,0.005640,072277fb-8a99-b94e-683e-4d355fa68c64,True,KXBTC15M-26SEP171900-00,0.9980,01a0b198-d778-7156-baf6-14670bbc1e86,yes,yes,0,KXBTC15M-26SEP171900-00,072277fb-8a99-b94e-683e-4d355fa68c64,1789685979,0.0020
sell,bid,200.00,2026-09-17T22:59:39.954513Z,2,0.028000,072277fb-8a99-b8b1-7bf0-6d7b18bdf722,True,KXBTC15M-26SEP171900-00,0.9980,01a0b198-d778-7156-baf6-14670bbc1e86,yes,yes,0,KXBTC15M-26SEP171900-00,072277fb-8a99-b8b1-7bf0-6d7b18bdf722,1789685979,0.0020
sell,bid,41.22,2026-09-17T22:59:39.954513Z,2,0.005760,072277fb-8a99-b896-6668-b8a9a8e6c998,True,KXBTC15M-26SEP171900-00,0.9980,01a0b198-d778-7156-baf6-14670bbc1e86,yes,yes,0,KXBTC15M-26SEP171900-00,072277fb-8a99-b896-6668-b8a9a8e6c998,1789685979,0.0020
sell,bid,32.00,2026-09-17T22:59:39.954513Z,2,0.004400,072277fb-8a99-b84e-4b31-ec50e6d18a39,True,KXBTC15M-26SEP171900-00,0.9980,01a0b198-d778-7156-baf6-14670bbc1e86,yes,yes,0,KXBTC15M-26SEP171900-00,072277fb-8a99-b84e-4b31-ec50e6d18a39,1789685979,0.0020
sell,bid,104.00,2026-09-17T22:59:39.954513Z,2,0.014500,072277fb-8a99-b7b0-77e8-d9561654e1a8,True,KXBTC15M-26SEP171900-00,0.9980,01a0b198-d778-7156-baf6-14670bbc1e86,yes,yes,0,KXBTC15M-26SEP171900-00,072277fb-8a99-b7b0-77e8-d9561654e1a8,1789685979,0.0020
sell,bid,200.00,2026-09-17T22:59:39.954513Z,2,0.027900,072277fb-8a99-b728-494b-37c896109c87,True,KXBTC15M-26SEP171900-00,0.9980,01a0b198-d778-7156-baf6-14670bbc1e86,yes,yes,0,KXBTC15M-26SEP171900-00,072277fb-8a99-b728-494b-37c896109c87,1789685979,0.0020
buy,ask,19.00,2026-09-17T22:58:43.257467Z,2,0.054800,072277c8-0a31-8e3a-132d-49e1baf57cc8,True,KXBTC15M-26SEP171900-00,0.9570,01a0b197-fcb8-7cd9-ad44-581d0e26498d,no,no,0,KXBTC15M-26SEP171900-00,072277c8-0a31-8e3a-132d-49e1baf57cc8,1789685923,0.0430
buy,ask,1071.00,2026-09-17T22:58:43.257467Z,2,3.085100,072277c8-0a31-8ddf-3696-5043d3816dd3,True,KXBTC15M-26SEP171900-00,0.9570,01a0b197-fcb8-7cd9-ad44-581d0e26498d,no,no,0,KXBTC15M-26SEP171900-00,072277c8-0a31-8ddf-3696-5043d3816dd3,1789685923,0.0430
buy,ask,500.00,2026-09-17T22:58:43.257467Z,2,1.440300,072277c8-0a31-8386-0113-71b0186acc6e,True,KXBTC15M-26SEP171900-00,0.9570,01a0b197-fcb8-7cd9-ad44-581d0e26498d,no,no,0,KXBTC15M-26SEP171900-00,072277c8-0a31-8386-0113-71b0186acc6e,1789685923,0.0430
buy,bid,7.00,2026-09-17T21:37:54.097396Z,2,0.009600,0722747e-2c41-b92e-2291-fac3e4ab723c,True,KXBTCD-26SEP1718-T76299.99,0.0200,01a0b14d-ff50-7341-a657-580be7853e56,yes,yes,0,KXBTCD-26SEP1718-T76299.99,0722747e-2c41-b92e-2291-fac3e4ab723c,1789681074,0.9800
buy,bid,989.00,2026-09-17T21:37:54.097396Z,2,1.356900,0722747b-1f69-b7d3-0097-86a0d3a87393,True,KXBTCD-26SEP1718-T76299.99,0.0200,01a0b14d-ff50-7341-a657-580be7853e56,yes,yes,0,KXBTCD-26SEP1718-T76299.99,0722747b-1f69-b7d3-0097-86a0d3a87393,1789681074,0.9800
buy,bid,567.00,2026-09-17T21:37:54.097396Z,2,0.778000,07227475-9739-b6ca-278f-ea224b6d541f,True,KXBTCD-26SEP1718-T76299.99,0.0200,01a0b14d-ff50-7341-a657-580be7853e56,yes,yes,0,KXBTCD-26SEP1718-T76299.99,07227475-9739-b6ca-278f-ea224b6d541f,1789681074,0.9800
buy,bid,7.00,2026-09-17T21:37:54.097396Z,2,0.009600,07227470-2041-bed0-27eb-c2be913a99fc,True,KXBTCD-26SEP1718-T76299.99,0.0200,01a0b14d-ff50-7341-a657-580be7853e56,yes,yes,0,KXBTCD-26SEP1718-T76299.99,07227470-2041-bed0-27eb-c2be913a99fc,1789681074,0.9800
buy,ask,165.00,2026-09-17T16:52:08.670546Z,2,0.850100,07227169-3c51-8034-a5e8-2b19c5fa4edc,True,KXBTCD-26SEP1713-T76699.99,0.9200,01a0b048-5ec0-7cff-88e6-c9dbaa3d212a,no,no,0,KXBTCD-26SEP1713-T76699.99,07227169-3c51-8034-a5e8-2b19c5fa4edc,1789663928,0.0800
buy,ask,100.00,2026-09-17T16:52:08.670546Z,2,0.573300,07227169-21d9-890c-b167-c1798a44c56f,True,KXBTCD-26SEP1713-T76699.99,0.9100,01a0b048-5ec0-7cff-88e6-c9dbaa3d212a,no,no,0,KXBTCD-26SEP1713-T76699.99,07227169-21d9-890c-b167-c1798a44c56f,1789663928,0.0900
buy,ask,100.00,2026-09-17T16:52:08.670546Z,2,0.573300,07227169-21d9-85c9-9767-3b6b048dbf11,True,KXBTCD-26SEP1713-T76699.99,0.9100,01a0b048-5ec0-7cff-88e6-c9dbaa3d212a,no,no,0,KXBTCD-26SEP1713-T76699.99,07227169-21d9-85c9-9767-3b6b048dbf11,1789663928,0.0900
buy,ask,10.00,2026-09-17T16:51:33.698299Z,2,0.063000,07227158-eac1-b486-a52f-42647c291146,True,KXBTCD-26SEP1713-T76699.99,0.9000,01a0b047-d608-725f-8f9a-4fff09fea9d7,no,no,0,KXBTCD-26SEP1713-T76699.99,07227158-eac1-b486-a52f-42647c291146,1789663893,0.1000
buy,ask,100.00,2026-09-17T16:51:33.698299Z,2,0.630000,07227158-c779-bd65-8622-fa36f79b2d9d,True,KXBTCD-26SEP1713-T76699.99,0.9000,01a0b047-d608-725f-8f9a-4fff09fea9d7,no,no,0,KXBTCD-26SEP1713-T76699.99,07227158-c779-bd65-8622-fa36f79b2d9d,1789663893,0.1000
buy,ask,40.00,2026-09-17T16:51:33.698299Z,2,0.252000,07227158-9e49-b57b-948c-27564041e078,True,KXBTCD-26SEP1713-T76699.99,0.9000,01a0b047-d608-725f-8f9a-4fff09fea9d7,no,no,0,KXBTCD-26SEP1713-T76699.99,07227158-9e49-b57b-948c-27564041e078,1789663893,0.1000
buy,ask,100.00,2026-09-17T16:51:33.698299Z,2,0.685300,07227158-8e29-b918-b777-f36086615bd9,True,KXBTCD-26SEP1713-T76699.99,0.8900,01a0b047-d608-725f-8f9a-4fff09fea9d7,no,no,0,KXBTCD-26SEP1713-T76699.99,07227158-8e29-b918-b777-f36086615bd9,1789663893,0.1100
buy,ask,100.00,2026-09-17T16:51:33.698299Z,2,0.685300,07227158-8e29-b8fa-94d7-2c26f9420c70,True,KXBTCD-26SEP1713-T76699.99,0.8900,01a0b047-d608-725f-8f9a-4fff09fea9d7,no,no,0,KXBTCD-26SEP1713-T76699.99,07227158-8e29-b8fa-94d7-2c26f9420c70,1789663893,0.1100
buy,ask,18.00,2026-09-17T16:51:33.698299Z,2,0.113400,07227158-8a01-b6e5-b2c2-b4e54807fa3b,True,KXBTCD-26SEP1713-T76699.99,0.9000,01a0b047-d608-725f-8f9a-4fff09fea9d7,no,no,0,KXBTCD-26SEP1713-T76699.99,07227158-8a01-b6e5-b2c2-b4e54807fa3b,1789663893,0.1000
buy,ask,750.00,2026-09-17T16:51:33.698299Z,2,4.725000,07227158-8a01-b636-81cb-d134438e5d55,True,KXBTCD-26SEP1713-T76699.99,0.9000,01a0b047-d608-725f-8f9a-4fff09fea9d7,no,no,0,KXBTCD-26SEP1713-T76699.99,07227158-8a01-b636-81cb-d134438e5d55,1789663893,0.1000
buy,ask,50.00,2026-09-17T16:51:33.698299Z,2,0.315000,07227158-8a01-b3a3-b429-8d55a92554c7,True,KXBTCD-26SEP1713-T76699.99,0.9000,01a0b047-d608-725f-8f9a-4fff09fea9d7,no,no,0,KXBTCD-26SEP1713-T76699.99,07227158-8a01-b3a3-b429-8d55a92554c7,1789663893,0.1000
sell,ask,55.00,2026-09-17T16:50:58.193706Z,2,0.217100,0722715b-e949-86f3-9d30-95470b293ae8,True,KXBTCD-26SEP1713-T76399.99,0.0600,01a0b047-4d50-7d2f-86ee-fc79c5e9ff27,no,no,0,KXBTCD-26SEP1713-T76399.99,0722715b-e949-86f3-9d30-95470b293ae8,1789663858,0.9400
sell,ask,35.00,2026-09-17T16:50:58.193706Z,2,0.116400,0722715b-ca71-87b3-a1ea-5c7b15302284,True,KXBTCD-26SEP1713-T76399.99,0.0500,01a0b047-4d50-7d2f-86ee-fc79c5e9ff27,no,no,0,KXBTCD-26SEP1713-T76399.99,0722715b-ca71-87b3-a1ea-5c7b15302284,1789663858,0.9500
sell,ask,10.00,2026-09-17T16:50:58.193706Z,2,0.033300,0722715a-00a1-829f-a1a1-01f2a263a7a5,True,KXBTCD-26SEP1713-T76399.99,0.0500,01a0b047-4d50-7d2f-86ee-fc79c5e9ff27,no,no,0,KXBTCD-26SEP1713-T76399.99,0722715a-00a1-829f-a1a1-01f2a263a7a5,1789663858,0.9500
buy,bid,100.00,2026-09-17T16:48:02.518926Z,2,0.455700,07227156-0181-9df3-92a3-5f34213ab3fc,True,KXBTCD-26SEP1713-T76399.99,0.0700,01a0b044-9dd0-793c-8136-3af0c5e61ae7,yes,yes,0,KXBTCD-26SEP1713-T76399.99,07227156-0181-9df3-92a3-5f34213ab3fc,1789663682,0.9300
buy,ask,995.78,2026-09-17T16:13:57.795122Z,2,0.484560,072270b0-cfa9-9e24-8469-b07550d7b49a,True,KXBTC15M-26SEP171215-15,0.9930,01a0b025-6988-7a9f-8f4e-9aec0cde1150,no,no,0,KXBTC15M-26SEP171215-15,072270b0-cfa9-9e24-8469-b07550d7b49a,1789661637,0.0070
buy,ask,221.10,2026-09-17T16:13:57.795122Z,2,0.107500,072270b0-cfa9-9b2f-87ee-c14334d3ac4d,True,KXBTC15M-26SEP171215-15,0.9930,01a0b025-6988-7a9f-8f4e-9aec0cde1150,no,no,0,KXBTC15M-26SEP171215-15,072270b0-cfa9-9b2f-87ee-c14334d3ac4d,1789661637,0.0070
buy,ask,1.00,2026-09-17T16:13:57.795122Z,2,0.000500,072270b0-cfa9-9ad0-9869-9eae3ad2dedd,True,KXBTC15M-26SEP171215-15,0.9930,01a0b025-6988-7a9f-8f4e-9aec0cde1150,no,no,0,KXBTC15M-26SEP171215-15,072270b0-cfa9-9ad0-9869-9eae3ad2dedd,1789661637,0.0070
buy,ask,0.01,2026-09-17T16:13:57.795122Z,2,0.000070,072270b0-cfa9-9722-a46d-088a1b28a6b1,True,KXBTC15M-26SEP171215-15,0.9930,01a0b025-6988-7a9f-8f4e-9aec0cde1150,no,no,0,KXBTC15M-26SEP171215-15,072270b0-cfa9-9722-a46d-088a1b28a6b1,1789661637,0.0070
buy,ask,179.39,2026-09-17T16:13:57.795122Z,2,0.087230,072270b0-cfa9-955c-98ea-44f0224dc347,True,KXBTC15M-26SEP171215-15,0.9930,01a0b025-6988-7a9f-8f4e-9aec0cde1150,no,no,0,KXBTC15M-26SEP171215-15,072270b0-cfa9-955c-98ea-44f0224dc347,1789661637,0.0070
buy,ask,0.10,2026-09-17T16:13:57.795122Z,2,0.000000,072270b0-cfa9-9446-bee6-d87f40081770,True,KXBTC15M-26SEP171215-15,0.9930,01a0b025-6988-7a9f-8f4e-9aec0cde1150,no,no,0,KXBTC15M-26SEP171215-15,072270b0-cfa9-9446-bee6-d87f40081770,1789661637,0.0070
buy,ask,0.01,2026-09-17T16:13:57.795122Z,2,0.000070,072270b0-cfa9-939e-a4ab-a868d3db8a9c,True,KXBTC15M-26SEP171215-15,0.9930,01a0b025-6988-7a9f-8f4e-9aec0cde1150,no,no,0,KXBTC15M-26SEP171215-15,072270b0-cfa9-939e-a4ab-a868d3db8a9c,1789661637,0.0070
buy,bid,1390.29,2026-09-17T15:41:55.660366Z,2,0.097290,07226fdd-7a21-8c67-1842-76b8da39c67e,True,KXBTC15M-26SEP171145-45,0.0010,01a0b008-15b8-7feb-af07-cc52c38259b3,yes,yes,0,KXBTC15M-26SEP171145-45,07226fdd-7a21-8c67-1842-76b8da39c67e,1789659715,0.9990
buy,ask,12.81,2026-09-17T15:12:30.837244Z,2,0.006270,07221059-bf89-b97d-fb66-f496882a1cad,True,KXBTC15M-26SEP171115-15,0.9930,01a0afed-2730-70b4-99d2-b5ca38a46eab,no,no,0,KXBTC15M-26SEP171115-15,07221059-bf89-b97d-fb66-f496882a1cad,1789657950,0.0070
buy,ask,49.00,2026-09-17T15:12:30.837244Z,2,0.023900,07221059-bf89-b7fc-d354-4db0e83c9867,True,KXBTC15M-26SEP171115-15,0.9930,01a0afed-2730-70b4-99d2-b5ca38a46eab,no,no,0,KXBTC15M-26SEP171115-15,07221059-bf89-b7fc-d354-4db0e83c9867,1789657950,0.0070
buy,ask,6.30,2026-09-17T15:12:30.837244Z,2,0.003000,07221059-bf89-b64c-f809-cceb7d1e4d52,True,KXBTC15M-26SEP171115-15,0.9930,01a0afed-2730-70b4-99d2-b5ca38a46eab,no,no,0,KXBTC15M-26SEP171115-15,07221059-bf89-b64c-f809-cceb7d1e4d52,1789657950,0.0070
buy,ask,18.29,2026-09-17T15:12:30.837244Z,2,0.008930,07221059-bf89-b084-e472-8c45735edf8d,True,KXBTC15M-26SEP171115-15,0.9930,01a0afed-2730-70b4-99d2-b5ca38a46eab,no,no,0,KXBTC15M-26SEP171115-15,07221059-bf89-b084-e472-8c45735edf8d,1789657950,0.0070
buy,ask,312.79,2026-09-17T15:12:30.837244Z,2,0.152230,07221059-bbf1-bddd-c84b-eecffb5b095b,True,KXBTC15M-26SEP171115-15,0.9930,01a0afed-2730-70b4-99d2-b5ca38a46eab,no,no,0,KXBTC15M-26SEP171115-15,07221059-bbf1-bddd-c84b-eecffb5b095b,1789657950,0.0070
buy,ask,453.89,2026-09-17T15:12:30.837244Z,2,0.220830,07221059-bbf1-b8c2-c727-2baf537012dd,True,KXBTC15M-26SEP171115-15,0.9930,01a0afed-2730-70b4-99d2-b5ca38a46eab,no,no,0,KXBTC15M-26SEP171115-15,07221059-bbf1-b8c2-c727-2baf537012dd,1789657950,0.0070
buy,ask,2.00,2026-09-17T15:11:44.318913Z,2,0.003100,0722105d-bd81-924c-19fe-4e3f3515592e,True,KXBTC15M-26SEP171115-15,0.9780,01a0afec-7380-78b0-af27-1719f6d8e3b2,no,no,0,KXBTC15M-26SEP171115-15,0722105d-bd81-924c-19fe-4e3f3515592e,1789657904,0.0220
buy,ask,34.00,2026-09-17T15:11:44.318913Z,2,0.051200,0722105d-bd81-9042-23fa-73e357743601,True,KXBTC15M-26SEP171115-15,0.9780,01a0afec-7380-78b0-af27-1719f6d8e3b2,no,no,0,KXBTC15M-26SEP171115-15,0722105d-bd81-9042-23fa-73e357743601,1789657904,0.0220
buy,ask,500.00,2026-09-17T15:11:44.318913Z,2,0.753000,0722105d-a199-9d2b-391e-8c9c05350ea6,True,KXBTC15M-26SEP171115-15,0.9780,01a0afec-7380-78b0-af27-1719f6d8e3b2,no,no,0,KXBTC15M-26SEP171115-15,0722105d-a199-9d2b-391e-8c9c05350ea6,1789657904,0.0220
buy,bid,500.00,2026-09-17T14:47:31.68Z,2,3.150000,0722108f-5d31-9f67-6026-a870f47f1fbc,True,KXBTCD-26SEP1711-T76399.99,0.1000,01a0afd6-47b8-79f7-bcb0-6f3d18bc3744,yes,yes,0,KXBTCD-26SEP1711-T76399.99,0722108f-5d31-9f67-6026-a870f47f1fbc,1789656451,0.9000
buy,bid,50.00,2026-09-17T14:47:31.68Z,2,0.342600,0722108f-5d31-9a50-705e-6fe91a7a8034,True,KXBTCD-26SEP1711-T76399.99,0.1100,01a0afd6-47b8-79f7-bcb0-6f3d18bc3744,yes,yes,0,KXBTCD-26SEP1711-T76399.99,0722108f-5d31-9a50-705e-6fe91a7a8034,1789656451,0.8900
buy,bid,26.51,2026-09-17T14:47:31.68Z,2,0.167000,0722108f-5d31-999d-58fb-cf47c242dd5c,True,KXBTCD-26SEP1711-T76399.99,0.1000,01a0afd6-47b8-79f7-bcb0-6f3d18bc3744,yes,yes,0,KXBTCD-26SEP1711-T76399.99,0722108f-5d31-999d-58fb-cf47c242dd5c,1789656451,0.9000
buy,bid,1.00,2026-09-17T14:47:31.68Z,2,0.006300,0722108f-5d31-95e3-4e87-95bd9c72088b,True,KXBTCD-26SEP1711-T76399.99,0.1000,01a0afd6-47b8-79f7-bcb0-6f3d18bc3744,yes,yes,0,KXBTCD-26SEP1711-T76399.99,0722108f-5d31-95e3-4e87-95bd9c72088b,1789656451,0.9000
buy,bid,153.00,2026-09-17T14:47:31.68Z,2,0.963900,0722108f-5d31-92cb-478c-5055567e56bb,True,KXBTCD-26SEP1711-T76399.99,0.1000,01a0afd6-47b8-79f7-bcb0-6f3d18bc3744,yes,yes,0,KXBTCD-26SEP1711-T76399.99,0722108f-5d31-92cb-478c-5055567e56bb,1789656451,0.9000
buy,bid,210.00,2026-09-17T14:47:31.68Z,2,1.439200,0722108f-22e1-9e9b-7e57-9cf35892bc31,True,KXBTCD-26SEP1711-T76399.99,0.1100,01a0afd6-47b8-79f7-bcb0-6f3d18bc3744,yes,yes,0,KXBTCD-26SEP1711-T76399.99,0722108f-22e1-9e9b-7e57-9cf35892bc31,1789656451,0.8900
buy,bid,60.00,2026-09-17T14:47:31.68Z,2,0.411200,0722108f-22e1-9d2c-68df-0a2d3ab9483f,True,KXBTCD-26SEP1711-T76399.99,0.1100,01a0afd6-47b8-79f7-bcb0-6f3d18bc3744,yes,yes,0,KXBTCD-26SEP1711-T76399.99,0722108f-22e1-9d2c-68df-0a2d3ab9483f,1789656451,0.8900
buy,bid,100.00,2026-09-17T14:47:31.68Z,2,0.630000,0722108f-22e1-9a52-6849-128417ab7c6f,True,KXBTCD-26SEP1711-T76399.99,0.1000,01a0afd6-47b8-79f7-bcb0-6f3d18bc3744,yes,yes,0,KXBTCD-26SEP1711-T76399.99,0722108f-22e1-9a52-6849-128417ab7c6f,1789656451,0.9000
buy,bid,50.00,2026-09-17T14:47:31.68Z,2,0.315000,0722108f-22e1-9884-4fef-03f50e1abd9b,True,KXBTCD-26SEP1711-T76399.99,0.1000,01a0afd6-47b8-79f7-bcb0-6f3d18bc3744,yes,yes,0,KXBTCD-26SEP1711-T76399.99,0722108f-22e1-9884-4fef-03f50e1abd9b,1789656451,0.9000
buy,bid,100.00,2026-09-17T14:47:31.68Z,2,0.685300,0722108f-2109-9e84-5ce0-007632a8fa23,True,KXBTCD-26SEP1711-T76399.99,0.1100,01a0afd6-47b8-79f7-bcb0-6f3d18bc3744,yes,yes,0,KXBTCD-26SEP1711-T76399.99,0722108f-2109-9e84-5ce0-007632a8fa23,1789656451,0.8900
buy,bid,22.00,2026-09-17T14:47:31.68Z,2,0.138600,0722108f-2109-9cc5-7feb-743e351a1e96,True,KXBTCD-26SEP1711-T76399.99,0.1000,01a0afd6-47b8-79f7-bcb0-6f3d18bc3744,yes,yes,0,KXBTCD-26SEP1711-T76399.99,0722108f-2109-9cc5-7feb-743e351a1e96,1789656451,0.9000
buy,bid,100.00,2026-09-17T14:47:31.68Z,2,0.685300,0722108f-2109-9738-700d-a792968104d7,True,KXBTCD-26SEP1711-T76399.99,0.1100,01a0afd6-47b8-79f7-bcb0-6f3d18bc3744,yes,yes,0,KXBTCD-26SEP1711-T76399.99,0722108f-2109-9738-700d-a792968104d7,1789656451,0.8900
buy,ask,500.00,2026-09-17T14:41:36.185028Z,2,0.380800,07221093-ad19-bd2e-4626-7ac4b7580ab0,True,KXBTC15M-26SEP171045-45,0.9890,01a0afd0-dd00-737f-b6fd-9e2481bbd3b9,no,no,0,KXBTC15M-26SEP171045-45,07221093-ad19-bd2e-4626-7ac4b7580ab0,1789656096,0.0110
buy,ask,180.00,2026-09-17T14:41:36.185028Z,2,0.137000,07221093-a901-bb85-4880-fbb26507cca5,True,KXBTC15M-26SEP171045-45,0.9890,01a0afd0-dd00-737f-b6fd-9e2481bbd3b9,no,no,0,KXBTC15M-26SEP171045-45,07221093-a901-bb85-4880-fbb26507cca5,1789656096,0.0110
buy,ask,80.00,2026-09-17T14:41:36.185028Z,2,0.061000,07221093-a901-b7f1-7fc0-0d70e41abbe0,True,KXBTC15M-26SEP171045-45,0.9890,01a0afd0-dd00-737f-b6fd-9e2481bbd3b9,no,no,0,KXBTC15M-26SEP171045-45,07221093-a901-b7f1-7fc0-0d70e41abbe0,1789656096,0.0110
buy,ask,83.80,2026-09-17T14:41:36.185028Z,2,0.063800,07221093-a901-b466-76d7-0190eb713047,True,KXBTC15M-26SEP171045-45,0.9890,01a0afd0-dd00-737f-b6fd-9e2481bbd3b9,no,no,0,KXBTC15M-26SEP171045-45,07221093-a901-b466-76d7-0190eb713047,1789656096,0.0110
buy,ask,389.66,2026-09-17T14:41:36.185028Z,2,0.296760,07221093-a901-b0a9-6458-f1bec760f757,True,KXBTC15M-26SEP171045-45,0.9890,01a0afd0-dd00-737f-b6fd-9e2481bbd3b9,no,no,0,KXBTC15M-26SEP171045-45,07221093-a901-b0a9-6458-f1bec760f757,1789656096,0.0110
buy,ask,5.99,2026-09-17T14:41:36.185028Z,2,0.004590,07221093-a131-b653-6bc3-5211c8f3cc95,True,KXBTC15M-26SEP171045-45,0.9890,01a0afd0-dd00-737f-b6fd-9e2481bbd3b9,no,no,0,KXBTC15M-26SEP171045-45,07221093-a131-b653-6bc3-5211c8f3cc95,1789656096,0.0110
buy,bid,1225.00,2026-09-17T14:29:39.855831Z,2,0.000000,072210d2-5cd9-9a09-0fda-c22699ba7c01,False,KXBTC15M-26SEP171030-30,0.0010,01a0afc5-ec38-7227-aa34-8cf8ce329865,yes,yes,0,KXBTC15M-26SEP171030-30,072210d2-5cd9-9a09-0fda-c22699ba7c01,1789655379,0.9990
buy,bid,49.00,2026-09-17T14:12:34.293528Z,2,0.070500,0722116f-6911-8ce6-78e5-a892f6c1bd4d,True,KXBTC15M-26SEP171015-15,0.0210,01a0afb6-4850-7dba-bbf1-7f68c196e1d0,yes,yes,0,KXBTC15M-26SEP171015-15,0722116f-6911-8ce6-78e5-a892f6c1bd4d,1789654354,0.9790
buy,bid,902.72,2026-09-17T14:12:34.293528Z,2,1.299220,0722116f-6911-8c16-7648-7b2dd27571d1,True,KXBTC15M-26SEP171015-15,0.0210,01a0afb6-4850-7dba-bbf1-7f68c196e1d0,yes,yes,0,KXBTC15M-26SEP171015-15,0722116f-6911-8c16-7648-7b2dd27571d1,1789654354,0.9790
buy,bid,6.80,2026-09-17T14:12:34.293528Z,2,0.009800,0722116f-6911-8595-4314-9da33aaefc75,True,KXBTC15M-26SEP171015-15,0.0210,01a0afb6-4850-7dba-bbf1-7f68c196e1d0,yes,yes,0,KXBTC15M-26SEP171015-15,0722116f-6911-8595-4314-9da33aaefc75,1789654354,0.9790
buy,bid,267.15,2026-09-17T14:12:34.293528Z,2,0.384450,0722116f-6911-8463-5275-a7a11e8db56b,True,KXBTC15M-26SEP171015-15,0.0210,01a0afb6-4850-7dba-bbf1-7f68c196e1d0,yes,yes,0,KXBTC15M-26SEP171015-15,0722116f-6911-8463-5275-a7a11e8db56b,1789654354,0.9790
buy,bid,0.01,2026-09-17T14:12:34.293528Z,2,0.000010,0722116f-6911-8322-6c71-266eceedba8d,True,KXBTC15M-26SEP171015-15,0.0210,01a0afb6-4850-7dba-bbf1-7f68c196e1d0,yes,yes,0,KXBTC15M-26SEP171015-15,0722116f-6911-8322-6c71-266eceedba8d,1789654354,0.9790
buy,bid,0.01,2026-09-17T14:12:34.293528Z,2,0.000010,0722116f-6911-8319-5db9-22340e2e7601,True,KXBTC15M-26SEP171015-15,0.0210,01a0afb6-4850-7dba-bbf1-7f68c196e1d0,yes,yes,0,KXBTC15M-26SEP171015-15,0722116f-6911-8319-5db9-22340e2e7601,1789654354,0.9790
buy,bid,24.00,2026-09-17T13:58:21.658139Z,2,0.016700,0722110c-5569-b56d-9326-e2bfa1c3f28c,True,KXBTCD-26SEP1710-T76399.99,0.0100,01a0afa9-4448-708e-8d52-322a93d1804b,yes,yes,0,KXBTCD-26SEP1710-T76399.99,0722110c-5569-b56d-9326-e2bfa1c3f28c,1789653501,0.9900
buy,bid,60.00,2026-09-17T13:58:21.658139Z,2,0.041500,0722110c-3001-b6a1-b719-f8ca11945b27,True,KXBTCD-26SEP1710-T76399.99,0.0100,01a0afa9-4448-708e-8d52-322a93d1804b,yes,yes,0,KXBTCD-26SEP1710-T76399.99,0722110c-3001-b6a1-b719-f8ca11945b27,1789653501,0.9900
buy,bid,210.00,2026-09-17T13:58:21.658139Z,2,0.145600,0722110c-3001-b472-afae-62ecaa49b1f5,True,KXBTCD-26SEP1710-T76399.99,0.0100,01a0afa9-4448-708e-8d52-322a93d1804b,yes,yes,0,KXBTCD-26SEP1710-T76399.99,0722110c-3001-b472-afae-62ecaa49b1f5,1789653501,0.9900
buy,bid,15.00,2026-09-17T13:58:21.658139Z,2,0.010400,0722110c-2589-b32d-8fad-625cc0e1f728,True,KXBTCD-26SEP1710-T76399.99,0.0100,01a0afa9-4448-708e-8d52-322a93d1804b,yes,yes,0,KXBTCD-26SEP1710-T76399.99,0722110c-2589-b32d-8fad-625cc0e1f728,1789653501,0.9900
buy,bid,50.00,2026-09-17T13:58:21.658139Z,2,0.034600,0722110c-2589-b276-81eb-9305080fa503,True,KXBTCD-26SEP1710-T76399.99,0.0100,01a0afa9-4448-708e-8d52-322a93d1804b,yes,yes,0,KXBTCD-26SEP1710-T76399.99,0722110c-2589-b276-81eb-9305080fa503,1789653501,0.9900
buy,bid,47.00,2026-09-17T13:58:21.658139Z,2,0.032600,0722110c-1891-bef3-9788-ad563a3f82b1,True,KXBTCD-26SEP1710-T76399.99,0.0100,01a0afa9-4448-708e-8d52-322a93d1804b,yes,yes,0,KXBTCD-26SEP1710-T76399.99,0722110c-1891-bef3-9788-ad563a3f82b1,1789653501,0.9900
buy,bid,36.36,2026-09-17T13:58:21.658139Z,2,0.025200,0722110c-10c1-b667-bf75-187d61092423,True,KXBTCD-26SEP1710-T76399.99,0.0100,01a0afa9-4448-708e-8d52-322a93d1804b,yes,yes,0,KXBTCD-26SEP1710-T76399.99,0722110c-10c1-b667-bf75-187d61092423,1789653501,0.9900
buy,bid,250.00,2026-09-17T13:58:21.658139Z,2,0.173300,0722110c-0c19-b905-95b9-240030d7f839,True,KXBTCD-26SEP1710-T76399.99,0.0100,01a0afa9-4448-708e-8d52-322a93d1804b,yes,yes,0,KXBTCD-26SEP1710-T76399.99,0722110c-0c19-b905-95b9-240030d7f839,1789653501,0.9900
buy,ask,1.00,2026-09-17T13:41:28.479787Z,2,0.000700,072211fe-f659-8fd3-bd46-3a2d5dd2b996,True,KXBTC15M-26SEP170945-45,0.9910,01a0af99-cf40-7d92-89cd-acc461b307bb,no,no,0,KXBTC15M-26SEP170945-45,072211fe-f659-8fd3-bd46-3a2d5dd2b996,1789652488,0.0090
buy,ask,312.63,2026-09-17T13:41:28.479787Z,2,0.195170,072211fe-f659-8575-8163-d33bcced6a09,True,KXBTC15M-26SEP170945-45,0.9910,01a0af99-cf40-7d92-89cd-acc461b307bb,no,no,0,KXBTC15M-26SEP170945-45,072211fe-f659-8575-8163-d33bcced6a09,1789652488,0.0090
buy,ask,679.66,2026-09-17T13:41:28.479787Z,2,0.471100,072211fe-f241-816e-86ce-3881810f3c96,True,KXBTC15M-26SEP170945-45,0.9900,01a0af99-cf40-7d92-89cd-acc461b307bb,no,no,0,KXBTC15M-26SEP170945-45,072211fe-f241-816e-86ce-3881810f3c96,1789652488,0.0100
buy,ask,96.00,2026-09-17T13:41:28.479787Z,2,0.059900,072211fe-9949-8021-8d2c-b125bed5eb0c,True,KXBTC15M-26SEP170945-45,0.9910,01a0af99-cf40-7d92-89cd-acc461b307bb,no,no,0,KXBTC15M-26SEP170945-45,072211fe-9949-8021-8d2c-b125bed5eb0c,1789652488,0.0090
buy,ask,84.00,2026-09-17T13:41:28.479787Z,2,0.052400,072211fe-82a1-8f70-8efc-188408a25da8,True,KXBTC15M-26SEP170945-45,0.9910,01a0af99-cf40-7d92-89cd-acc461b307bb,no,no,0,KXBTC15M-26SEP170945-45,072211fe-82a1-8f70-8efc-188408a25da8,1789652488,0.0090
buy,ask,7.00,2026-09-17T12:57:22.520624Z,2,0.002500,072212b4-ded9-ba1c-1e06-1717f6d210c8,True,KXBTC15M-26SEP170900-00,0.9950,01a0af71-6f50-73ae-a663-265de4877d1a,no,no,0,KXBTC15M-26SEP170900-00,072212b4-ded9-ba1c-1e06-1717f6d210c8,1789649842,0.0050
buy,ask,313.49,2026-09-17T12:57:22.520624Z,2,0.109150,072212b4-d629-be59-16bb-bb0c44b48c21,True,KXBTC15M-26SEP170900-00,0.9950,01a0af71-6f50-73ae-a663-265de4877d1a,no,no,0,KXBTC15M-26SEP170900-00,072212b4-d629-be59-16bb-bb0c44b48c21,1789649842,0.0050
buy,ask,0.01,2026-09-17T12:57:22.520624Z,2,0.000050,072212b4-d629-bbe9-1ebf-00e62d7fe203,True,KXBTC15M-26SEP170900-00,0.9950,01a0af71-6f50-73ae-a663-265de4877d1a,no,no,0,KXBTC15M-26SEP170900-00,072212b4-d629-bbe9-1ebf-00e62d7fe203,1789649842,0.0050
buy,ask,34.00,2026-09-17T12:57:22.520624Z,2,0.011800,072212b4-d629-b93c-32dc-8b099e248774,True,KXBTC15M-26SEP170900-00,0.9950,01a0af71-6f50-73ae-a663-265de4877d1a,no,no,0,KXBTC15M-26SEP170900-00,072212b4-d629-b93c-32dc-8b099e248774,1789649842,0.0050
buy,ask,0.01,2026-09-17T12:57:22.520624Z,2,0.000050,072212b4-d629-b5f2-2ee3-6896505cce02,True,KXBTC15M-26SEP170900-00,0.9950,01a0af71-6f50-73ae-a663-265de4877d1a,no,no,0,KXBTC15M-26SEP170900-00,072212b4-d629-b5f2-2ee3-6896505cce02,1789649842,0.0050
buy,ask,150.00,2026-09-17T12:57:22.520624Z,2,0.052300,072212b4-d629-b55f-2434-c8c0dbed05f9,True,KXBTC15M-26SEP170900-00,0.9950,01a0af71-6f50-73ae-a663-265de4877d1a,no,no,0,KXBTC15M-26SEP170900-00,072212b4-d629-b55f-2434-c8c0dbed05f9,1789649842,0.0050
buy,ask,579.00,2026-09-17T12:57:22.520624Z,2,0.201700,072212b4-d629-b3d6-3b1e-d3a3c9be5006,True,KXBTC15M-26SEP170900-00,0.9950,01a0af71-6f50-73ae-a663-265de4877d1a,no,no,0,KXBTC15M-26SEP170900-00,072212b4-d629-b3d6-3b1e-d3a3c9be5006,1789649842,0.0050
buy,ask,1.00,2026-09-17T12:57:22.520624Z,2,0.000200,072212b4-d629-b064-115c-03e348c60d4b,True,KXBTC15M-26SEP170900-00,0.9950,01a0af71-6f50-73ae-a663-265de4877d1a,no,no,0,KXBTC15M-26SEP170900-00,072212b4-d629-b064-115c-03e348c60d4b,1789649842,0.0050
buy,ask,100.00,2026-09-17T12:57:22.520624Z,2,0.034800,072212b4-9859-b94e-1141-3293df62bdf6,True,KXBTC15M-26SEP170900-00,0.9950,01a0af71-6f50-73ae-a663-265de4877d1a,no,no,0,KXBTC15M-26SEP170900-00,072212b4-9859-b94e-1141-3293df62bdf6,1789649842,0.0050
buy,ask,1179.29,2026-09-17T05:43:21.382794Z,2,0.246970,07221a4b-db89-9ed0-189c-2c4c0adab865,True,KXBTC15M-26SEP170145-45,0.9970,01a0ade4-14a8-7af0-a7e0-888e127e5027,no,no,0,KXBTC15M-26SEP170145-45,07221a4b-db89-9ed0-189c-2c4c0adab865,1789623801,0.0030
buy,ask,258.96,2026-09-17T04:15:57.982344Z,2,2.311200,07221bc4-4d41-8e2c-b653-123425abc0d2,True,KXBTCD-26SEP1701-T76399.99,0.8500,01a0ad94-1048-7dbf-8f54-d6ce1cdd81a6,no,no,0,KXBTCD-26SEP1701-T76399.99,07221bc4-4d41-8e2c-b653-123425abc0d2,1789618557,0.1500
buy,ask,40.00,2026-09-17T04:15:57.982344Z,2,0.357000,07221bc4-4959-8724-acbb-5f75e39e6561,True,KXBTCD-26SEP1701-T76399.99,0.8500,01a0ad94-1048-7dbf-8f54-d6ce1cdd81a6,no,no,0,KXBTCD-26SEP1701-T76399.99,07221bc4-4959-8724-acbb-5f75e39e6561,1789618557,0.1500
buy,ask,10.00,2026-09-17T04:15:57.982344Z,2,0.089300,07221bc4-4189-8add-b046-26e851d7fceb,True,KXBTCD-26SEP1701-T76399.99,0.8500,01a0ad94-1048-7dbf-8f54-d6ce1cdd81a6,no,no,0,KXBTCD-26SEP1701-T76399.99,07221bc4-4189-8add-b046-26e851d7fceb,1789618557,0.1500
buy,ask,588.00,2026-09-17T04:15:57.982344Z,2,5.247900,07221bc4-4189-847b-aac1-270cf83da03e,True,KXBTCD-26SEP1701-T76399.99,0.8500,01a0ad94-1048-7dbf-8f54-d6ce1cdd81a6,no,no,0,KXBTCD-26SEP1701-T76399.99,07221bc4-4189-847b-aac1-270cf83da03e,1789618557,0.1500
buy,ask,32.54,2026-09-17T04:15:57.982344Z,2,0.290500,07221bc3-c289-88f4-8c3b-cb9df229bb30,True,KXBTCD-26SEP1701-T76399.99,0.8500,01a0ad94-1048-7dbf-8f54-d6ce1cdd81a6,no,no,0,KXBTCD-26SEP1701-T76399.99,07221bc3-c289-88f4-8c3b-cb9df229bb30,1789618557,0.1500
buy,ask,200.00,2026-09-17T04:15:57.982344Z,2,1.785000,07221bc3-a819-8bbc-82b2-d3f5836ead0e,True,KXBTCD-26SEP1701-T76399.99,0.8500,01a0ad94-1048-7dbf-8f54-d6ce1cdd81a6,no,no,0,KXBTCD-26SEP1701-T76399.99,07221bc3-a819-8bbc-82b2-d3f5836ead0e,1789618557,0.1500
buy,ask,5.00,2026-09-17T04:15:57.982344Z,2,0.044700,07221bc3-a049-876a-b93e-e62db9e0cbbf,True,KXBTCD-26SEP1701-T76399.99,0.8500,01a0ad94-1048-7dbf-8f54-d6ce1cdd81a6,no,no,0,KXBTCD-26SEP1701-T76399.99,07221bc3-a049-876a-b93e-e62db9e0cbbf,1789618557,0.1500
buy,ask,51.00,2026-09-17T04:15:57.982344Z,2,0.455100,07221bc3-98b9-8e44-a898-55c449d32ffd,True,KXBTCD-26SEP1701-T76399.99,0.8500,01a0ad94-1048-7dbf-8f54-d6ce1cdd81a6,no,no,0,KXBTCD-26SEP1701-T76399.99,07221bc3-98b9-8e44-a898-55c449d32ffd,1789618557,0.1500
buy,ask,250.00,2026-09-17T04:15:57.982344Z,2,2.231200,07221bc0-1609-8a46-9b9d-2ffe05e5dc68,True,KXBTCD-26SEP1701-T76399.99,0.8500,01a0ad94-1048-7dbf-8f54-d6ce1cdd81a6,no,no,0,KXBTCD-26SEP1701-T76399.99,07221bc0-1609-8a46-9b9d-2ffe05e5dc68,1789618557,0.1500
buy,ask,269.40,2026-09-17T04:12:14.078361Z,2,0.149600,07221bd2-0189-bd11-5a39-5caaf21b145a,True,KXBTC15M-26SEP170015-15,0.9920,01a0ad90-a930-7397-bb1d-ee441de23ba8,no,no,0,KXBTC15M-26SEP170015-15,07221bd2-0189-bd11-5a39-5caaf21b145a,1789618334,0.0080
buy,ask,39.08,2026-09-17T04:12:14.078361Z,2,0.021640,07221bd2-0189-b883-5e5f-47b00804bf7d,True,KXBTC15M-26SEP170015-15,0.9920,01a0ad90-a930-7397-bb1d-ee441de23ba8,no,no,0,KXBTC15M-26SEP170015-15,07221bd2-0189-b883-5e5f-47b00804bf7d,1789618334,0.0080
buy,ask,424.69,2026-09-17T04:12:14.078361Z,2,0.236020,07221bd2-0189-b446-54f6-296e7923f895,True,KXBTC15M-26SEP170015-15,0.9920,01a0ad90-a930-7397-bb1d-ee441de23ba8,no,no,0,KXBTC15M-26SEP170015-15,07221bd2-0189-b446-54f6-296e7923f895,1789618334,0.0080
buy,ask,500.00,2026-09-17T04:12:14.078361Z,2,0.277800,07221bd2-0189-b384-5b9a-11e140f463f7,True,KXBTC15M-26SEP170015-15,0.9920,01a0ad90-a930-7397-bb1d-ee441de23ba8,no,no,0,KXBTC15M-26SEP170015-15,07221bd2-0189-b384-5b9a-11e140f463f7,1789618334,0.0080
buy,ask,23.15,2026-09-17T03:25:41.459483Z,2,0.158700,072218fe-2b01-ab13-2e2b-f214746c78af,True,KXBTCD-26SEP1700-T76599.99,0.8900,01a0ad66-0b08-7428-a1ab-7d7afe0ee28d,no,no,0,KXBTCD-26SEP1700-T76599.99,072218fe-2b01-ab13-2e2b-f214746c78af,1789615541,0.1100
buy,ask,200.00,2026-09-17T03:25:41.459483Z,2,1.370600,072218fe-2b01-a624-0ea1-6dbc55acf7d5,True,KXBTCD-26SEP1700-T76599.99,0.8900,01a0ad66-0b08-7428-a1ab-7d7afe0ee28d,no,no,0,KXBTCD-26SEP1700-T76599.99,072218fe-2b01-a624-0ea1-6dbc55acf7d5,1789615541,0.1100
buy,ask,750.00,2026-09-17T03:25:41.459483Z,2,5.139800,072218fd-d371-a87c-000d-c627905f4d5c,True,KXBTCD-26SEP1700-T76599.99,0.8900,01a0ad66-0b08-7428-a1ab-7d7afe0ee28d,no,no,0,KXBTCD-26SEP1700-T76599.99,072218fd-d371-a87c-000d-c627905f4d5c,1789615541,0.1100
buy,ask,250.00,2026-09-17T03:25:41.459483Z,2,1.713200,072218c5-0991-a640-1d83-828e83d6ed56,True,KXBTCD-26SEP1700-T76599.99,0.8900,01a0ad66-0b08-7428-a1ab-7d7afe0ee28d,no,no,0,KXBTCD-26SEP1700-T76599.99,072218c5-0991-a640-1d83-828e83d6ed56,1789615541,0.1100
buy,ask,20.21,2026-09-17T02:59:35.135687Z,2,0.170400,07221876-b691-8754-5b7d-513668dcdc16,True,KXBTCD-26SEP1623-T76299.99,0.1400,01a0ad4e-25d8-7f80-b26f-c2a496837f98,no,no,0,KXBTCD-26SEP1623-T76299.99,07221876-b691-8754-5b7d-513668dcdc16,1789613975,0.8600
buy,bid,250.00,2026-09-17T02:20:24.041981Z,2,2.469200,0722198f-4359-a484-df9a-96cc6098ce50,True,KXBTCD-26SEP1623-T75799.99,0.1700,01a0ad2a-4640-7605-9172-34843020fa59,yes,yes,0,KXBTCD-26SEP1623-T75799.99,0722198f-4359-a484-df9a-96cc6098ce50,1789611624,0.8300
buy,bid,581.27,2026-09-17T02:20:24.041981Z,2,5.741300,07221983-12a9-add4-fe29-63f3e8371f85,True,KXBTCD-26SEP1623-T75799.99,0.1700,01a0ad2a-4640-7605-9172-34843020fa59,yes,yes,0,KXBTCD-26SEP1623-T75799.99,07221983-12a9-add4-fe29-63f3e8371f85,1789611624,0.8300
buy,bid,243.51,2026-09-17T02:20:24.041981Z,2,2.291000,07221983-12a9-ab79-fd5f-b4cd5380235b,True,KXBTCD-26SEP1623-T75799.99,0.1600,01a0ad2a-4640-7605-9172-34843020fa59,yes,yes,0,KXBTCD-26SEP1623-T75799.99,07221983-12a9-ab79-fd5f-b4cd5380235b,1789611624,0.8400
buy,bid,8.00,2026-09-17T02:20:24.041981Z,2,0.079000,07221983-0e61-ad07-d5d0-17f9b6061c49,True,KXBTCD-26SEP1623-T75799.99,0.1700,01a0ad2a-4640-7605-9172-34843020fa59,yes,yes,0,KXBTCD-26SEP1623-T75799.99,07221983-0e61-ad07-d5d0-17f9b6061c49,1789611624,0.8300
sell,ask,6.00,2026-09-17T01:59:09.468215Z,2,0.016100,0722194d-96e9-9bac-7526-2926a2cd81fa,True,KXBTCD-26SEP1622-T76299.99,0.0400,01a0ad16-d1c8-7a9f-b376-78f3b5aa41be,no,no,0,KXBTCD-26SEP1622-T76299.99,0722194d-96e9-9bac-7526-2926a2cd81fa,1789610349,0.9600
sell,ask,47.46,2026-09-17T01:59:09.468215Z,2,0.127600,0722194d-96e9-99a7-7ff5-bc32ce5e0626,True,KXBTCD-26SEP1622-T76299.99,0.0400,01a0ad16-d1c8-7a9f-b376-78f3b5aa41be,no,no,0,KXBTCD-26SEP1622-T76299.99,0722194d-96e9-99a7-7ff5-bc32ce5e0626,1789610349,0.9600
sell,ask,840.49,2026-09-17T01:59:09.468215Z,2,0.582500,0722194d-8ac1-9dfc-66d3-b56ea8d931c0,True,KXBTCD-26SEP1622-T76299.99,0.0100,01a0ad16-d1c8-7a9f-b376-78f3b5aa41be,no,no,0,KXBTCD-26SEP1622-T76299.99,0722194d-8ac1-9dfc-66d3-b56ea8d931c0,1789610349,0.9900
sell,ask,14.00,2026-09-17T01:59:09.468215Z,2,0.037700,0722194d-8ac1-98a7-43b8-9b8f7e2b511b,True,KXBTCD-26SEP1622-T76299.99,0.0400,01a0ad16-d1c8-7a9f-b376-78f3b5aa41be,no,no,0,KXBTCD-26SEP1622-T76299.99,0722194d-8ac1-98a7-43b8-9b8f7e2b511b,1789610349,0.9600
sell,ask,30.00,2026-09-17T01:59:09.468215Z,2,0.080600,0722194d-8509-9bbc-4aea-bd2ec3db0efe,True,KXBTCD-26SEP1622-T76299.99,0.0400,01a0ad16-d1c8-7a9f-b376-78f3b5aa41be,no,no,0,KXBTCD-26SEP1622-T76299.99,0722194d-8509-9bbc-4aea-bd2ec3db0efe,1789610349,0.9600
buy,bid,17.59,2026-09-17T01:46:08.693829Z,2,0.069400,07221922-ec01-9d08-4b45-e26f46e6148d,True,KXBTCD-26SEP1622-T76299.99,0.0600,01a0ad0a-e700-79dd-bef7-70501143b829,yes,yes,0,KXBTCD-26SEP1622-T76299.99,07221922-ec01-9d08-4b45-e26f46e6148d,1789609568,0.9400
buy,bid,250.00,2026-09-17T01:46:08.693829Z,2,1.139300,07221921-fe31-9f7c-680f-40621fa46889,True,KXBTCD-26SEP1622-T76299.99,0.0700,01a0ad0a-e700-79dd-bef7-70501143b829,yes,yes,0,KXBTCD-26SEP1622-T76299.99,07221921-fe31-9f7c-680f-40621fa46889,1789609568,0.9300
buy,bid,50.00,2026-09-17T01:46:08.693829Z,2,0.227900,07221921-7b01-9d4f-7675-a4e6f93014f4,True,KXBTCD-26SEP1622-T76299.99,0.0700,01a0ad0a-e700-79dd-bef7-70501143b829,yes,yes,0,KXBTCD-26SEP1622-T76299.99,07221921-7b01-9d4f-7675-a4e6f93014f4,1789609568,0.9300
buy,bid,10.00,2026-09-17T01:46:08.693829Z,2,0.045600,07221921-7b01-9af4-768f-ac9fc20f3ce8,True,KXBTCD-26SEP1622-T76299.99,0.0700,01a0ad0a-e700-79dd-bef7-70501143b829,yes,yes,0,KXBTCD-26SEP1622-T76299.99,07221921-7b01-9af4-768f-ac9fc20f3ce8,1789609568,0.9300
buy,bid,210.00,2026-09-17T01:46:08.693829Z,2,0.956900,07221921-7b01-9aec-4c06-702ec4e0aa07,True,KXBTCD-26SEP1622-T76299.99,0.0700,01a0ad0a-e700-79dd-bef7-70501143b829,yes,yes,0,KXBTCD-26SEP1622-T76299.99,07221921-7b01-9aec-4c06-702ec4e0aa07,1789609568,0.9300
buy,bid,360.36,2026-09-17T01:46:08.693829Z,2,1.422700,07221921-57a9-964d-7e56-9842fd34bea3,True,KXBTCD-26SEP1622-T76299.99,0.0600,01a0ad0a-e700-79dd-bef7-70501143b829,yes,yes,0,KXBTCD-26SEP1622-T76299.99,07221921-57a9-964d-7e56-9842fd34bea3,1789609568,0.9400
buy,bid,40.00,2026-09-17T01:46:08.693829Z,2,0.182300,07221921-4b61-93cc-70e7-89e7a9cc027e,True,KXBTCD-26SEP1622-T76299.99,0.0700,01a0ad0a-e700-79dd-bef7-70501143b829,yes,yes,0,KXBTCD-26SEP1622-T76299.99,07221921-4b61-93cc-70e7-89e7a9cc027e,1789609568,0.9300
buy,bid,867.52,2026-09-17T01:27:58.327165Z,2,0.060720,07221f07-72e1-bcce-7def-fd0a22ef32fb,True,KXBTC15M-26SEP162130-30,0.0010,01a0acfa-4530-7176-bcef-5221c6ae3a80,yes,yes,0,KXBTC15M-26SEP162130-30,07221f07-72e1-bcce-7def-fd0a22ef32fb,1789608478,0.9990
buy,ask,0.01,2026-09-17T01:13:17.790661Z,2,0.000030,07221f5f-9ce9-9eb7-a6cd-9f7cca0004da,True,KXBTC15M-26SEP162115-15,0.9870,01a0acec-d3c8-7b5b-8e63-26659d95ecde,no,no,0,KXBTC15M-26SEP162115-15,07221f5f-9ce9-9eb7-a6cd-9f7cca0004da,1789607597,0.0130
buy,ask,416.12,2026-09-17T01:13:17.790661Z,2,0.373760,07221f5f-9ce9-9a37-ab72-fc9173e603d3,True,KXBTC15M-26SEP162115-15,0.9870,01a0acec-d3c8-7b5b-8e63-26659d95ecde,no,no,0,KXBTC15M-26SEP162115-15,07221f5f-9ce9-9a37-ab72-fc9173e603d3,1789607597,0.0130
buy,ask,0.01,2026-09-17T01:13:17.790661Z,2,0.000030,07221f5f-9ce9-9803-b984-f936c461899f,True,KXBTC15M-26SEP162115-15,0.9870,01a0acec-d3c8-7b5b-8e63-26659d95ecde,no,no,0,KXBTC15M-26SEP162115-15,07221f5f-9ce9-9803-b984-f936c461899f,1789607597,0.0130
buy,ask,1.00,2026-09-17T01:13:17.790661Z,2,0.000900,07221f5f-9ce9-95de-affe-41e69d8f1338,True,KXBTC15M-26SEP162115-15,0.9870,01a0acec-d3c8-7b5b-8e63-26659d95ecde,no,no,0,KXBTC15M-26SEP162115-15,07221f5f-9ce9-95de-affe-41e69d8f1338,1789607597,0.0130
buy,ask,392.30,2026-09-17T01:13:17.790661Z,2,0.352300,07221f5f-9ce9-92a0-b8a4-2220f3e4797f,True,KXBTC15M-26SEP162115-15,0.9870,01a0acec-d3c8-7b5b-8e63-26659d95ecde,no,no,0,KXBTC15M-26SEP162115-15,07221f5f-9ce9-92a0-b8a4-2220f3e4797f,1789607597,0.0130
buy,ask,1.00,2026-09-17T01:13:17.790661Z,2,0.000900,07221f5f-9ce9-922e-8622-dda327fde132,True,KXBTC15M-26SEP162115-15,0.9870,01a0acec-d3c8-7b5b-8e63-26659d95ecde,no,no,0,KXBTC15M-26SEP162115-15,07221f5f-9ce9-922e-8622-dda327fde132,1789607597,0.0130
buy,ask,0.10,2026-09-17T01:13:17.790661Z,2,0.000100,07221f5f-84d9-9f5a-ae33-b423b0e3b048,True,KXBTC15M-26SEP162115-15,0.9870,01a0acec-d3c8-7b5b-8e63-26659d95ecde,no,no,0,KXBTC15M-26SEP162115-15,07221f5f-84d9-9f5a-ae33-b423b0e3b048,1789607597,0.0130
buy,ask,69.00,2026-09-17T01:13:17.790661Z,2,0.062000,07221f5f-80c1-92a0-bcbc-a29317a74b69,True,KXBTC15M-26SEP162115-15,0.9870,01a0acec-d3c8-7b5b-8e63-26659d95ecde,no,no,0,KXBTC15M-26SEP162115-15,07221f5f-80c1-92a0-bcbc-a29317a74b69,1789607597,0.0130
buy,bid,200.00,2026-09-17T00:45:41.045684Z,2,1.030400,07221f9d-b701-a609-ce6a-75058dbdc43f,True,KXBTCD-26SEP1621-T76199.99,0.0800,01a0acd3-8f08-766a-9ef4-fb3ddd0c0d2a,yes,yes,0,KXBTCD-26SEP1621-T76199.99,07221f9d-b701-a609-ce6a-75058dbdc43f,1789605941,0.9200
buy,bid,250.00,2026-09-17T00:45:41.045684Z,2,1.288000,07221f9d-b701-a3b0-fd97-48a60bb2f349,True,KXBTCD-26SEP1621-T76199.99,0.0800,01a0acd3-8f08-766a-9ef4-fb3ddd0c0d2a,yes,yes,0,KXBTCD-26SEP1621-T76199.99,07221f9d-b701-a3b0-fd97-48a60bb2f349,1789605941,0.9200
buy,bid,389.52,2026-09-17T00:45:41.045684Z,2,2.006800,07221f9d-b701-a39a-ed9b-98512d7b3b0e,True,KXBTCD-26SEP1621-T76199.99,0.0800,01a0acd3-8f08-766a-9ef4-fb3ddd0c0d2a,yes,yes,0,KXBTCD-26SEP1621-T76199.99,07221f9d-b701-a39a-ed9b-98512d7b3b0e,1789605941,0.9200
buy,bid,33.84,2026-09-17T00:45:41.045684Z,2,0.174400,07221f9d-7081-a73f-c66e-5e5832e6124c,True,KXBTCD-26SEP1621-T76199.99,0.0800,01a0acd3-8f08-766a-9ef4-fb3ddd0c0d2a,yes,yes,0,KXBTCD-26SEP1621-T76199.99,07221f9d-7081-a73f-c66e-5e5832e6124c,1789605941,0.9200
buy,bid,792.33,2026-09-17T00:44:08.647399Z,2,0.055430,07221f8d-bc41-89b8-3890-3e50ad092734,True,KXBTC15M-26SEP162045-45,0.0010,01a0acd2-23c0-7c0e-aa76-60f487ef2427,yes,yes,0,KXBTC15M-26SEP162045-45,07221f8d-bc41-89b8-3890-3e50ad092734,1789605848,0.9990
buy,bid,0.10,2026-09-17T00:28:20.459129Z,2,0.000100,07221fcd-1e21-ac38-394c-2d612ccb824a,True,KXBTC15M-26SEP162030-30,0.0120,01a0acc3-aca0-75b7-a6af-deb6732e954f,yes,yes,0,KXBTC15M-26SEP162030-30,07221fcd-1e21-ac38-394c-2d612ccb824a,1789604900,0.9880
buy,bid,0.01,2026-09-17T00:28:20.459129Z,2,0.000020,07221fcd-1e21-ac0a-35b6-303a0796a372,True,KXBTC15M-26SEP162030-30,0.0120,01a0acc3-aca0-75b7-a6af-deb6732e954f,yes,yes,0,KXBTC15M-26SEP162030-30,07221fcd-1e21-ac0a-35b6-303a0796a372,1789604900,0.9880
buy,bid,170.11,2026-09-17T00:28:20.459129Z,2,0.141220,07221fcd-1e21-aa87-1866-a081e6446578,True,KXBTC15M-26SEP162030-30,0.0120,01a0acc3-aca0-75b7-a6af-deb6732e954f,yes,yes,0,KXBTC15M-26SEP162030-30,07221fcd-1e21-aa87-1866-a081e6446578,1789604900,0.9880
buy,bid,500.00,2026-09-17T00:28:20.459129Z,2,0.415000,07221fcd-1e21-a332-3d5c-d8b2e6d28f95,True,KXBTC15M-26SEP162030-30,0.0120,01a0acc3-aca0-75b7-a6af-deb6732e954f,yes,yes,0,KXBTC15M-26SEP162030-30,07221fcd-1e21-a332-3d5c-d8b2e6d28f95,1789604900,0.9880
buy,bid,14.00,2026-09-17T00:28:20.459129Z,2,0.011600,07221fcd-1e21-a2b4-1527-80d998f4a6a6,True,KXBTC15M-26SEP162030-30,0.0120,01a0acc3-aca0-75b7-a6af-deb6732e954f,yes,yes,0,KXBTC15M-26SEP162030-30,07221fcd-1e21-a2b4-1527-80d998f4a6a6,1789604900,0.9880
buy,bid,34.00,2026-09-17T00:28:20.459129Z,2,0.028200,07221fcd-1e21-a201-02f3-fcabe6f8bbbb,True,KXBTC15M-26SEP162030-30,0.0120,01a0acc3-aca0-75b7-a6af-deb6732e954f,yes,yes,0,KXBTC15M-26SEP162030-30,07221fcd-1e21-a201-02f3-fcabe6f8bbbb,1789604900,0.9880
buy,bid,0.01,2026-09-17T00:28:20.459129Z,2,0.000020,07221fcd-1e21-a18c-2293-372e8ba188db,True,KXBTC15M-26SEP162030-30,0.0120,01a0acc3-aca0-75b7-a6af-deb6732e954f,yes,yes,0,KXBTC15M-26SEP162030-30,07221fcd-1e21-a18c-2293-372e8ba188db,1789604900,0.9880
buy,bid,1.00,2026-09-17T00:28:20.459129Z,2,0.000800,07221fcd-1e21-a04d-3e11-38c9a94f0bd8,True,KXBTC15M-26SEP162030-30,0.0120,01a0acc3-aca0-75b7-a6af-deb6732e954f,yes,yes,0,KXBTC15M-26SEP162030-30,07221fcd-1e21-a04d-3e11-38c9a94f0bd8,1789604900,0.9880
buy,bid,75.00,2026-09-17T00:28:20.459129Z,2,0.062200,07221fcd-1a39-a451-0976-aac9f4d51add,True,KXBTC15M-26SEP162030-30,0.0120,01a0acc3-aca0-75b7-a6af-deb6732e954f,yes,yes,0,KXBTC15M-26SEP162030-30,07221fcd-1a39-a451-0976-aac9f4d51add,1789604900,0.9880
buy,bid,12.78,2026-09-17T00:28:20.459129Z,2,0.010660,07221fcd-1a39-a2d1-2940-82a197b40cc8,True,KXBTC15M-26SEP162030-30,0.0120,01a0acc3-aca0-75b7-a6af-deb6732e954f,yes,yes,0,KXBTC15M-26SEP162030-30,07221fcd-1a39-a2d1-2940-82a197b40cc8,1789604900,0.9880
buy,bid,275.34,2026-09-17T00:12:36.32004Z,2,0.114940,07221e60-55b9-9969-a599-3c432d724de8,True,KXBTC15M-26SEP162015-15,0.0060,01a0acb5-4520-7ad7-8898-860a99bd96f6,yes,yes,0,KXBTC15M-26SEP162015-15,07221e60-55b9-9969-a599-3c432d724de8,1789603956,0.9940
buy,bid,67.10,2026-09-17T00:12:36.32004Z,2,0.028100,07221e60-55b9-93f0-b065-e65d11a68d47,True,KXBTC15M-26SEP162015-15,0.0060,01a0acb5-4520-7ad7-8898-860a99bd96f6,yes,yes,0,KXBTC15M-26SEP162015-15,07221e60-55b9-93f0-b065-e65d11a68d47,1789603956,0.9940
buy,bid,455.58,2026-09-17T00:12:36.32004Z,2,0.190180,07221e60-51a1-90f6-827d-ad059f501078,True,KXBTC15M-26SEP162015-15,0.0060,01a0acb5-4520-7ad7-8898-860a99bd96f6,yes,yes,0,KXBTC15M-26SEP162015-15,07221e60-51a1-90f6-827d-ad059f501078,1789603956,0.9940
sell,ask,189.10,2026-09-16T23:43:16.844458Z,2,0.105100,07221ef3-cad1-8edd-5086-400c48f15236,True,KXBTC15M-26SEP161945-45,0.0080,01a0ac9a-6a20-7cf7-bd78-6936047f22a9,no,no,0,KXBTC15M-26SEP161945-45,07221ef3-cad1-8edd-5086-400c48f15236,1789602196,0.9920
sell,ask,31.00,2026-09-16T23:43:16.844458Z,2,0.017200,07221ef3-c2a1-8a58-4c19-2fe51f1ad08e,True,KXBTC15M-26SEP161945-45,0.0080,01a0ac9a-6a20-7cf7-bd78-6936047f22a9,no,no,0,KXBTC15M-26SEP161945-45,07221ef3-c2a1-8a58-4c19-2fe51f1ad08e,1789602196,0.9920
sell,ask,0.01,2026-09-16T23:43:16.844458Z,2,0.000020,07221ef3-c2a1-8a3c-5448-b2997c3842d9,True,KXBTC15M-26SEP161945-45,0.0080,01a0ac9a-6a20-7cf7-bd78-6936047f22a9,no,no,0,KXBTC15M-26SEP161945-45,07221ef3-c2a1-8a3c-5448-b2997c3842d9,1789602196,0.9920
sell,ask,59.04,2026-09-16T23:43:16.844458Z,2,0.032780,07221ef3-c2a1-89f6-40d0-380cf574b043,True,KXBTC15M-26SEP161945-45,0.0080,01a0ac9a-6a20-7cf7-bd78-6936047f22a9,no,no,0,KXBTC15M-26SEP161945-45,07221ef3-c2a1-89f6-40d0-380cf574b043,1789602196,0.9920
sell,ask,0.01,2026-09-16T23:43:16.844458Z,2,0.000020,07221ef3-c2a1-88b9-5eca-c44f84556427,True,KXBTC15M-26SEP161945-45,0.0080,01a0ac9a-6a20-7cf7-bd78-6936047f22a9,no,no,0,KXBTC15M-26SEP161945-45,07221ef3-c2a1-88b9-5eca-c44f84556427,1789602196,0.9920
sell,ask,28.27,2026-09-16T23:43:16.844458Z,2,0.015740,07221ef3-c2a1-8728-5cfe-656c8b638adc,True,KXBTC15M-26SEP161945-45,0.0080,01a0ac9a-6a20-7cf7-bd78-6936047f22a9,no,no,0,KXBTC15M-26SEP161945-45,07221ef3-c2a1-8728-5cfe-656c8b638adc,1789602196,0.9920
sell,ask,492.94,2026-09-16T23:43:16.844458Z,2,0.273780,07221ef3-c2a1-859d-5cac-63d8753d2999,True,KXBTC15M-26SEP161945-45,0.0080,01a0ac9a-6a20-7cf7-bd78-6936047f22a9,no,no,0,KXBTC15M-26SEP161945-45,07221ef3-c2a1-859d-5cac-63d8753d2999,1789602196,0.9920
buy,bid,800.37,2026-09-16T23:42:40.529025Z,2,3.647300,07221efe-bbe1-a62d-53a1-373656ea08f0,True,KXBTC15M-26SEP161945-45,0.0700,01a0ac99-dd80-76d0-b207-a64f848f4170,yes,yes,0,KXBTC15M-26SEP161945-45,07221efe-bbe1-a62d-53a1-373656ea08f0,1789602160,0.9300
buy,bid,99.00,2026-09-16T23:27:20.996138Z,2,0.027700,07221ea4-80d9-bf35-3e78-0e251e4634b8,True,KXBTC15M-26SEP161930-30,0.0040,01a0ac8b-d3c0-711a-a213-6e4443fcca10,yes,yes,0,KXBTC15M-26SEP161930-30,07221ea4-80d9-bf35-3e78-0e251e4634b8,1789601240,0.9960
buy,bid,1.00,2026-09-16T23:26:45.840676Z,2,0.000500,07221ea6-6b01-8d92-2655-aff27f2faf1f,True,KXBTC15M-26SEP161930-30,0.0080,01a0ac8b-4b08-7ece-a980-49892ebabe11,yes,yes,0,KXBTC15M-26SEP161930-30,07221ea6-6b01-8d92-2655-aff27f2faf1f,1789601205,0.9920
buy,bid,479.02,2026-09-16T23:26:45.840676Z,2,0.266160,07221ea6-6b01-8d03-16e1-c3057943c1d2,True,KXBTC15M-26SEP161930-30,0.0080,01a0ac8b-4b08-7ece-a980-49892ebabe11,yes,yes,0,KXBTC15M-26SEP161930-30,07221ea6-6b01-8d03-16e1-c3057943c1d2,1789601205,0.9920
buy,bid,1.00,2026-09-16T23:26:45.840676Z,2,0.000600,07221ea6-6b01-8487-2605-1cb91270e4a0,True,KXBTC15M-26SEP161930-30,0.0080,01a0ac8b-4b08-7ece-a980-49892ebabe11,yes,yes,0,KXBTC15M-26SEP161930-30,07221ea6-6b01-8487-2605-1cb91270e4a0,1789601205,0.9920
buy,bid,1.00,2026-09-16T23:26:45.840676Z,2,0.000600,07221ea6-6729-8c7e-2957-9c9377c0ef82,True,KXBTC15M-26SEP161930-30,0.0080,01a0ac8b-4b08-7ece-a980-49892ebabe11,yes,yes,0,KXBTC15M-26SEP161930-30,07221ea6-6729-8c7e-2957-9c9377c0ef82,1789601205,0.9920
buy,bid,165.52,2026-09-16T23:26:45.840676Z,2,0.091960,07221ea6-6729-8a19-069b-ea5b618044b6,True,KXBTC15M-26SEP161930-30,0.0080,01a0ac8b-4b08-7ece-a980-49892ebabe11,yes,yes,0,KXBTC15M-26SEP161930-30,07221ea6-6729-8a19-069b-ea5b618044b6,1789601205,0.9920
buy,bid,0.01,2026-09-16T23:26:45.840676Z,2,0.000080,07221ea6-6729-8991-13d2-b7c6652c8b6d,True,KXBTC15M-26SEP161930-30,0.0080,01a0ac8b-4b08-7ece-a980-49892ebabe11,yes,yes,0,KXBTC15M-26SEP161930-30,07221ea6-6729-8991-13d2-b7c6652c8b6d,1789601205,0.9920
buy,bid,0.01,2026-09-16T23:26:45.840676Z,2,0.000080,07221ea6-6729-88b0-3237-111829499972,True,KXBTC15M-26SEP161930-30,0.0080,01a0ac8b-4b08-7ece-a980-49892ebabe11,yes,yes,0,KXBTC15M-26SEP161930-30,07221ea6-6729-88b0-3237-111829499972,1789601205,0.9920
buy,bid,1.00,2026-09-16T23:26:45.840676Z,2,0.000400,07221ea6-6729-827c-1d82-1d5a6815f795,True,KXBTC15M-26SEP161930-30,0.0080,01a0ac8b-4b08-7ece-a980-49892ebabe11,yes,yes,0,KXBTC15M-26SEP161930-30,07221ea6-6729-827c-1d82-1d5a6815f795,1789601205,0.9920
buy,bid,248.76,2026-09-16T23:12:53.2207Z,2,0.103860,07221d84-f519-9a78-c924-b55f5b01e6b7,True,KXBTC15M-26SEP161915-15,0.0060,01a0ac7e-9908-7a7a-95f8-ba9050c2cd51,yes,yes,0,KXBTC15M-26SEP161915-15,07221d84-f519-9a78-c924-b55f5b01e6b7,1789600373,0.9940
buy,bid,94.01,2026-09-16T23:12:53.2207Z,2,0.039260,07221d84-f519-9686-fbca-d15f9bfee1cc,True,KXBTC15M-26SEP161915-15,0.0060,01a0ac7e-9908-7a7a-95f8-ba9050c2cd51,yes,yes,0,KXBTC15M-26SEP161915-15,07221d84-f519-9686-fbca-d15f9bfee1cc,1789600373,0.9940
buy,bid,329.34,2026-09-16T23:12:53.2207Z,2,0.137540,07221d84-e971-9cdd-eb07-d24add0e3115,True,KXBTC15M-26SEP161915-15,0.0060,01a0ac7e-9908-7a7a-95f8-ba9050c2cd51,yes,yes,0,KXBTC15M-26SEP161915-15,07221d84-e971-9cdd-eb07-d24add0e3115,1789600373,0.9940
buy,bid,0.01,2026-09-16T23:12:53.2207Z,2,0.000060,07221d84-e971-988a-f863-5c53352c96ff,True,KXBTC15M-26SEP161915-15,0.0060,01a0ac7e-9908-7a7a-95f8-ba9050c2cd51,yes,yes,0,KXBTC15M-26SEP161915-15,07221d84-e971-988a-f863-5c53352c96ff,1789600373,0.9940
buy,bid,0.01,2026-09-16T23:12:53.2207Z,2,0.000060,07221d84-e971-9562-db00-e7c1a7ca22f3,True,KXBTC15M-26SEP161915-15,0.0060,01a0ac7e-9908-7a7a-95f8-ba9050c2cd51,yes,yes,0,KXBTC15M-26SEP161915-15,07221d84-e971-9562-db00-e7c1a7ca22f3,1789600373,0.9940
buy,bid,71.00,2026-09-16T23:12:53.2207Z,2,0.029500,07221d84-e971-9290-f307-403623c50397,True,KXBTC15M-26SEP161915-15,0.0060,01a0ac7e-9908-7a7a-95f8-ba9050c2cd51,yes,yes,0,KXBTC15M-26SEP161915-15,07221d84-e971-9290-f307-403623c50397,1789600373,0.9940
buy,ask,190.40,2026-09-16T22:27:40.395126Z,2,0.079500,07221d01-ea29-95d2-d5d3-b225e8f1360d,True,KXBTC15M-26SEP161830-30,0.9940,01a0ac55-3360-7a13-9ada-056ade058710,no,no,0,KXBTC15M-26SEP161830-30,07221d01-ea29-95d2-d5d3-b225e8f1360d,1789597660,0.0060
buy,ask,548.72,2026-09-16T22:27:40.395126Z,2,0.229120,07221d01-e611-9419-eefe-20e6269208a7,True,KXBTC15M-26SEP161830-30,0.9940,01a0ac55-3360-7a13-9ada-056ade058710,no,no,0,KXBTC15M-26SEP161830-30,07221d01-e611-9419-eefe-20e6269208a7,1789597660,0.0060
buy,bid,15.01,2026-09-16T21:59:33.707425Z,2,0.001110,07221cc3-f541-8ce8-e3b5-6c076a4e51ba,True,KXBTC15M-26SEP161800-00,0.0010,01a0ac3b-7588-7e2a-95da-593ab2fd82cc,yes,yes,0,KXBTC15M-26SEP161800-00,07221cc3-f541-8ce8-e3b5-6c076a4e51ba,1789595973,0.9990
buy,bid,2.38,2026-09-16T21:59:21.473581Z,2,0.000540,07221cd6-5c09-8593-8d75-4c65dcf9c91e,True,KXBTC15M-26SEP161800-00,0.0030,01a0ac3b-46a8-7df2-8647-fddcb0ce7692,yes,yes,0,KXBTC15M-26SEP161800-00,07221cd6-5c09-8593-8d75-4c65dcf9c91e,1789595961,0.9970
buy,bid,34.00,2026-09-16T21:59:21.473581Z,2,0.007100,07221cd6-5c09-8572-bb79-3a6221967340,True,KXBTC15M-26SEP161800-00,0.0030,01a0ac3b-46a8-7df2-8647-fddcb0ce7692,yes,yes,0,KXBTC15M-26SEP161800-00,07221cd6-5c09-8572-bb79-3a6221967340,1789595961,0.9970
buy,bid,63.62,2026-09-16T21:59:21.473581Z,2,0.013360,07221cd6-5c09-82aa-a51c-e699e515e477,True,KXBTC15M-26SEP161800-00,0.0030,01a0ac3b-46a8-7df2-8647-fddcb0ce7692,yes,yes,0,KXBTC15M-26SEP161800-00,07221cd6-5c09-82aa-a51c-e699e515e477,1789595961,0.9970
buy,bid,247.94,2026-09-16T21:59:21.473581Z,2,0.034680,07221cd6-2051-8e43-a49e-c3041df546d4,True,KXBTC15M-26SEP161800-00,0.0020,01a0ac3b-46a8-7df2-8647-fddcb0ce7692,yes,yes,0,KXBTC15M-26SEP161800-00,07221cd6-2051-8e43-a49e-c3041df546d4,1789595961,0.9980
buy,bid,247.23,2026-09-16T21:59:21.473581Z,2,0.034560,07221cd6-2051-89e4-a075-c7738cace0f4,True,KXBTC15M-26SEP161800-00,0.0020,01a0ac3b-46a8-7df2-8647-fddcb0ce7692,yes,yes,0,KXBTC15M-26SEP161800-00,07221cd6-2051-89e4-a075-c7738cace0f4,1789595961,0.9980
buy,bid,124.65,2026-09-16T21:59:21.473581Z,2,0.017400,07221cd6-2051-80a9-8fe1-7cf4db8503f6,True,KXBTC15M-26SEP161800-00,0.0020,01a0ac3b-46a8-7df2-8647-fddcb0ce7692,yes,yes,0,KXBTC15M-26SEP161800-00,07221cd6-2051-80a9-8fe1-7cf4db8503f6,1789595961,0.9980
buy,ask,0.01,2026-09-16T21:43:21.053522Z,2,0.000090,07221c9e-1e61-858c-a290-964f37f6cfa2,True,KXBTC15M-26SEP161745-45,0.9910,01a0ac2c-a0a8-7e7a-85a5-12aa99e3e05d,no,no,0,KXBTC15M-26SEP161745-45,07221c9e-1e61-858c-a290-964f37f6cfa2,1789595001,0.0090
buy,ask,0.01,2026-09-16T21:43:21.053522Z,2,0.000090,07221c9e-1e61-82af-9741-4169849dbcaf,True,KXBTC15M-26SEP161745-45,0.9910,01a0ac2c-a0a8-7e7a-85a5-12aa99e3e05d,no,no,0,KXBTC15M-26SEP161745-45,07221c9e-1e61-82af-9741-4169849dbcaf,1789595001,0.0090
buy,ask,722.83,2026-09-16T21:43:21.053522Z,2,0.401440,07221c92-e909-898e-9f4c-4aea04620290,True,KXBTC15M-26SEP161745-45,0.9920,01a0ac2c-a0a8-7e7a-85a5-12aa99e3e05d,no,no,0,KXBTC15M-26SEP161745-45,07221c92-e909-898e-9f4c-4aea04620290,1789595001,0.0080
buy,ask,7.00,2026-09-16T20:42:20.113385Z,2,0.006700,07220427-b7a9-a4d9-929d-203a92709885,True,KXBTC15M-26SEP161645-45,0.9860,01a0abf4-c3e0-760c-8120-ed5fb48720cc,no,no,0,KXBTC15M-26SEP161645-45,07220427-b7a9-a4d9-929d-203a92709885,1789591340,0.0140
buy,ask,100.00,2026-09-16T20:42:20.113385Z,2,0.083000,07220427-b391-ae64-bfcb-100fa0265298,True,KXBTC15M-26SEP161645-45,0.9880,01a0abf4-c3e0-760c-8120-ed5fb48720cc,no,no,0,KXBTC15M-26SEP161645-45,07220427-b391-ae64-bfcb-100fa0265298,1789591340,0.0120
buy,ask,46.68,2026-09-16T20:42:20.113385Z,2,0.045120,07220427-b391-a612-a677-10b4b27be2dc,True,KXBTC15M-26SEP161645-45,0.9860,01a0abf4-c3e0-760c-8120-ed5fb48720cc,no,no,0,KXBTC15M-26SEP161645-45,07220427-b391-a612-a677-10b4b27be2dc,1789591340,0.0140
buy,ask,2.40,2026-09-16T20:42:20.113385Z,2,0.002300,07220427-b079-af80-a2bc-5d3db824ed51,True,KXBTC15M-26SEP161645-45,0.9860,01a0abf4-c3e0-760c-8120-ed5fb48720cc,no,no,0,KXBTC15M-26SEP161645-45,07220427-b079-af80-a2bc-5d3db824ed51,1789591340,0.0140
buy,ask,0.35,2026-09-16T20:42:20.113385Z,2,0.000300,07220427-b079-af31-8c97-f2b2842459cd,True,KXBTC15M-26SEP161645-45,0.9860,01a0abf4-c3e0-760c-8120-ed5fb48720cc,no,no,0,KXBTC15M-26SEP161645-45,07220427-b079-af31-8c97-f2b2842459cd,1789591340,0.0140
buy,ask,23.06,2026-09-16T20:42:20.113385Z,2,0.022240,07220427-b079-aeee-95c3-4591657c57af,True,KXBTC15M-26SEP161645-45,0.9860,01a0abf4-c3e0-760c-8120-ed5fb48720cc,no,no,0,KXBTC15M-26SEP161645-45,07220427-b079-aeee-95c3-4591657c57af,1789591340,0.0140
buy,ask,0.01,2026-09-16T20:42:20.113385Z,2,0.000040,07220427-b079-ae4b-9a9b-7ce2afe69e64,True,KXBTC15M-26SEP161645-45,0.9860,01a0abf4-c3e0-760c-8120-ed5fb48720cc,no,no,0,KXBTC15M-26SEP161645-45,07220427-b079-ae4b-9a9b-7ce2afe69e64,1789591340,0.0140
buy,ask,4.58,2026-09-16T20:42:20.113385Z,2,0.004520,07220427-b079-ad9e-9a81-e64cea83d83a,True,KXBTC15M-26SEP161645-45,0.9860,01a0abf4-c3e0-760c-8120-ed5fb48720cc,no,no,0,KXBTC15M-26SEP161645-45,07220427-b079-ad9e-9a81-e64cea83d83a,1789591340,0.0140
buy,ask,400.00,2026-09-16T20:42:20.113385Z,2,0.359300,07220427-b079-a685-8e5f-fbdf43b94a46,True,KXBTC15M-26SEP161645-45,0.9870,01a0abf4-c3e0-760c-8120-ed5fb48720cc,no,no,0,KXBTC15M-26SEP161645-45,07220427-b079-a685-8e5f-fbdf43b94a46,1789591340,0.0130
buy,ask,0.01,2026-09-16T20:42:20.113385Z,2,0.000040,07220427-b079-a50b-9828-38a13b40614a,True,KXBTC15M-26SEP161645-45,0.9860,01a0abf4-c3e0-760c-8120-ed5fb48720cc,no,no,0,KXBTC15M-26SEP161645-45,07220427-b079-a50b-9828-38a13b40614a,1789591340,0.0140
buy,ask,91.51,2026-09-16T20:42:20.113385Z,2,0.075920,07220427-b079-a295-99d0-f64c08500651,True,KXBTC15M-26SEP161645-45,0.9880,01a0abf4-c3e0-760c-8120-ed5fb48720cc,no,no,0,KXBTC15M-26SEP161645-45,07220427-b079-a295-99d0-f64c08500651,1789591340,0.0120
buy,ask,0.98,2026-09-16T20:42:20.113385Z,2,0.001020,07220427-b079-a1f0-add9-872d3768fd4a,True,KXBTC15M-26SEP161645-45,0.9860,01a0abf4-c3e0-760c-8120-ed5fb48720cc,no,no,0,KXBTC15M-26SEP161645-45,07220427-b079-a1f0-add9-872d3768fd4a,1789591340,0.0140
buy,ask,0.98,2026-09-16T20:42:20.113385Z,2,0.001020,07220427-b079-a1c5-928d-06ec53df7acb,True,KXBTC15M-26SEP161645-45,0.9860,01a0abf4-c3e0-760c-8120-ed5fb48720cc,no,no,0,KXBTC15M-26SEP161645-45,07220427-b079-a1c5-928d-06ec53df7acb,1789591340,0.0140
buy,ask,0.65,2026-09-16T20:42:20.113385Z,2,0.000600,07220427-b079-a1bc-9680-5369bf944876,True,KXBTC15M-26SEP161645-45,0.9860,01a0abf4-c3e0-760c-8120-ed5fb48720cc,no,no,0,KXBTC15M-26SEP161645-45,07220427-b079-a1bc-9680-5369bf944876,1789591340,0.0140
buy,ask,1.00,2026-09-16T20:42:20.113385Z,2,0.000900,07220427-b079-a086-99d2-c55e072f75a9,True,KXBTC15M-26SEP161645-45,0.9860,01a0abf4-c3e0-760c-8120-ed5fb48720cc,no,no,0,KXBTC15M-26SEP161645-45,07220427-b079-a086-99d2-c55e072f75a9,1789591340,0.0140
buy,bid,35.21,2026-09-16T20:32:18.846546Z,1,0.181500,07220445-c511-b233-78c5-e235fe6e05b8,True,KXMVECROSSCATEGORY-SHARD1-S20263C11F3B5473-475EBB22B7F,0.9200,01a0abeb-9450-7187-b772-3f99b2d3ca79,yes,yes,0,KXMVECROSSCATEGORY-SHARD1-S20263C11F3B5473-475EBB22B7F,07220445-c511-b233-78c5-e235fe6e05b8,1789590738,0.0800
buy,ask,674.27,2026-09-16T20:29:21.245374Z,2,0.467300,0722044b-52e9-9a29-f2bf-f4457f489d85,True,KXBTC15M-26SEP161630-30,0.9900,01a0abe8-e0e8-7be1-9bd9-013bff5b4c7d,no,no,0,KXBTC15M-26SEP161630-30,0722044b-52e9-9a29-f2bf-f4457f489d85,1789590561,0.0100
buy,bid,25.66,2026-09-16T20:17:34.821485Z,1,0.175900,072204a6-4bf1-9f95-da60-2ab9ebe8ff80,True,KXMVECROSSCATEGORY-SHARD1-S20265BA9DBB4E0B-C7C93FAE378,0.8900,01a0abde-1730-79a5-9d54-55221da7b5f1,yes,yes,0,KXMVECROSSCATEGORY-SHARD1-S20265BA9DBB4E0B-C7C93FAE378,072204a6-4bf1-9f95-da60-2ab9ebe8ff80,1789589854,0.1100
buy,bid,671.93,2026-09-16T19:58:36.88149Z,2,0.465700,072204fe-8c41-bba5-1b37-42f72200461a,True,KXBTC15M-26SEP161600-00,0.0100,01a0abcc-b9e0-7273-a18b-0f1907f6d123,yes,yes,0,KXBTC15M-26SEP161600-00,072204fe-8c41-bba5-1b37-42f72200461a,1789588716,0.9900
buy,ask,484.66,2026-09-16T14:42:14.799699Z,2,2.032340,07220007-40b1-add5-156d-e7a8be1e9e4a,True,KXBTC15M-26SEP161045-45,0.9360,01a0aaab-1570-7706-a82d-7966925de84f,no,no,0,KXBTC15M-26SEP161045-45,07220007-40b1-add5-156d-e7a8be1e9e4a,1789569734,0.0640
buy,ask,180.00,2026-09-16T14:42:14.799699Z,2,0.754800,07220007-40b1-ad00-0efd-9e83b69745dd,True,KXBTC15M-26SEP161045-45,0.9360,01a0aaab-1570-7706-a82d-7966925de84f,no,no,0,KXBTC15M-26SEP161045-45,07220007-40b1-ad00-0efd-9e83b69745dd,1789569734,0.0640
buy,ask,183.42,2026-09-16T14:13:12.752835Z,2,0.063900,072200d2-83c1-ae56-05ed-00f4f87f0c2c,True,KXBTC15M-26SEP161015-15,0.9950,01a0aa90-80c0-77ba-a2bf-2b640c181089,no,no,0,KXBTC15M-26SEP161015-15,072200d2-83c1-ae56-05ed-00f4f87f0c2c,1789567992,0.0050
buy,ask,400.00,2026-09-16T14:13:12.752835Z,2,0.139300,072200d2-83c1-ad03-33ac-a69fdc929768,True,KXBTC15M-26SEP161015-15,0.9950,01a0aa90-80c0-77ba-a2bf-2b640c181089,no,no,0,KXBTC15M-26SEP161015-15,072200d2-83c1-ad03-33ac-a69fdc929768,1789567992,0.0050
buy,ask,0.10,2026-09-16T14:13:12.752835Z,2,0.000100,072200d2-83c1-a706-065a-eba7e6085cd4,True,KXBTC15M-26SEP161015-15,0.9950,01a0aa90-80c0-77ba-a2bf-2b640c181089,no,no,0,KXBTC15M-26SEP161015-15,072200d2-83c1-a706-065a-eba7e6085cd4,1789567992,0.0050
buy,ask,0.01,2026-09-16T14:13:12.752835Z,2,0.000050,072200d2-83c1-a6e8-0f61-b1f24b1df882,True,KXBTC15M-26SEP161015-15,0.9950,01a0aa90-80c0-77ba-a2bf-2b640c181089,no,no,0,KXBTC15M-26SEP161015-15,072200d2-83c1-a6e8-0f61-b1f24b1df882,1789567992,0.0050
buy,ask,0.99,2026-09-16T14:13:12.752835Z,2,0.000250,072200d2-83c1-a533-3f89-0910f5d07fc0,True,KXBTC15M-26SEP161015-15,0.9950,01a0aa90-80c0-77ba-a2bf-2b640c181089,no,no,0,KXBTC15M-26SEP161015-15,072200d2-83c1-a533-3f89-0910f5d07fc0,1789567992,0.0050
buy,ask,6.57,2026-09-16T14:13:12.752835Z,2,0.002250,072200d2-83c1-a39f-29ce-332d7b20473e,True,KXBTC15M-26SEP161015-15,0.9950,01a0aa90-80c0-77ba-a2bf-2b640c181089,no,no,0,KXBTC15M-26SEP161015-15,072200d2-83c1-a39f-29ce-332d7b20473e,1789567992,0.0050
buy,ask,0.02,2026-09-16T14:13:12.752835Z,2,0.000000,072200d2-83c1-a385-3254-a2b8130e6b81,True,KXBTC15M-26SEP161015-15,0.9950,01a0aa90-80c0-77ba-a2bf-2b640c181089,no,no,0,KXBTC15M-26SEP161015-15,072200d2-83c1-a385-3254-a2b8130e6b81,1789567992,0.0050
buy,ask,0.01,2026-09-16T14:13:12.752835Z,2,0.000050,072200d2-83c1-a328-0cc9-3947034a7a05,True,KXBTC15M-26SEP161015-15,0.9950,01a0aa90-80c0-77ba-a2bf-2b640c181089,no,no,0,KXBTC15M-26SEP161015-15,072200d2-83c1-a328-0cc9-3947034a7a05,1789567992,0.0050
buy,ask,46.79,2026-09-16T14:13:12.752835Z,2,0.013060,072200c6-6801-a2ca-0a44-74f05a6e4007,True,KXBTC15M-26SEP161015-15,0.9960,01a0aa90-80c0-77ba-a2bf-2b640c181089,no,no,0,KXBTC15M-26SEP161015-15,072200c6-6801-a2ca-0a44-74f05a6e4007,1789567992,0.0040
buy,ask,365.23,2026-09-16T13:57:25.780737Z,2,0.744000,07220089-f571-a23a-605b-5b900304a716,True,KXBTCD-26SEP1610-T75799.99,0.9700,01a0aa82-0d88-7499-bec9-c52a9f2620da,no,no,0,KXBTCD-26SEP1610-T75799.99,07220089-f571-a23a-605b-5b900304a716,1789567045,0.0300
buy,ask,210.00,2026-09-16T13:57:25.780737Z,2,0.564500,07220089-e0f9-aab8-716f-ba961ec00ceb,True,KXBTCD-26SEP1610-T75799.99,0.9600,01a0aa82-0d88-7499-bec9-c52a9f2620da,no,no,0,KXBTCD-26SEP1610-T75799.99,07220089-e0f9-aab8-716f-ba961ec00ceb,1789567045,0.0400
buy,ask,60.05,2026-09-16T13:57:25.780737Z,2,0.161400,07220089-e0f9-aa3b-4f64-e171b23d7efa,True,KXBTCD-26SEP1610-T75799.99,0.9600,01a0aa82-0d88-7499-bec9-c52a9f2620da,no,no,0,KXBTCD-26SEP1610-T75799.99,07220089-e0f9-aa3b-4f64-e171b23d7efa,1789567045,0.0400
buy,ask,2.00,2026-09-16T08:11:58.152483Z,2,0.001400,07220c52-ea71-9b08-1945-036726ece5f5,True,KXBTC15M-26SEP160415-15,0.9900,01a0a945-c8b0-78d5-af85-2d9883941922,no,no,0,KXBTC15M-26SEP160415-15,07220c52-ea71-9b08-1945-036726ece5f5,1789546318,0.0100
buy,ask,87.00,2026-09-16T08:11:58.152483Z,2,0.060300,07220c52-e609-9de9-0801-062b0320f993,True,KXBTC15M-26SEP160415-15,0.9900,01a0a945-c8b0-78d5-af85-2d9883941922,no,no,0,KXBTC15M-26SEP160415-15,07220c52-e609-9de9-0801-062b0320f993,1789546318,0.0100
buy,ask,27.67,2026-09-16T08:11:58.152483Z,2,0.019200,07220c52-e609-9b5c-3dbb-511fcea7dd27,True,KXBTC15M-26SEP160415-15,0.9900,01a0a945-c8b0-78d5-af85-2d9883941922,no,no,0,KXBTC15M-26SEP160415-15,07220c52-e609-9b5c-3dbb-511fcea7dd27,1789546318,0.0100
buy,ask,16.44,2026-09-16T08:11:58.152483Z,2,0.010260,07220c52-e609-9a5a-2e3b-0d93d5cde820,True,KXBTC15M-26SEP160415-15,0.9910,01a0a945-c8b0-78d5-af85-2d9883941922,no,no,0,KXBTC15M-26SEP160415-15,07220c52-e609-9a5a-2e3b-0d93d5cde820,1789546318,0.0090
buy,ask,0.01,2026-09-16T08:11:58.152483Z,2,0.000030,07220c52-e609-9815-11ac-ff40da6beb38,True,KXBTC15M-26SEP160415-15,0.9870,01a0a945-c8b0-78d5-af85-2d9883941922,no,no,0,KXBTC15M-26SEP160415-15,07220c52-e609-9815-11ac-ff40da6beb38,1789546318,0.0130
buy,ask,400.00,2026-09-16T08:11:58.152483Z,2,0.277200,07220c52-e609-97d1-10a2-aae7529abae4,True,KXBTC15M-26SEP160415-15,0.9900,01a0a945-c8b0-78d5-af85-2d9883941922,no,no,0,KXBTC15M-26SEP160415-15,07220c52-e609-97d1-10a2-aae7529abae4,1789546318,0.0100
buy,ask,1.00,2026-09-16T08:11:58.152483Z,2,0.000900,07220c52-e609-977e-30b4-b2720b880c1d,True,KXBTC15M-26SEP160415-15,0.9870,01a0a945-c8b0-78d5-af85-2d9883941922,no,no,0,KXBTC15M-26SEP160415-15,07220c52-e609-977e-30b4-b2720b880c1d,1789546318,0.0130
buy,ask,0.01,2026-09-16T08:11:58.152483Z,2,0.000030,07220c52-e609-9545-3469-c799ec2ade95,True,KXBTC15M-26SEP160415-15,0.9870,01a0a945-c8b0-78d5-af85-2d9883941922,no,no,0,KXBTC15M-26SEP160415-15,07220c52-e609-9545-3469-c799ec2ade95,1789546318,0.0130
buy,ask,34.00,2026-09-16T08:11:58.152483Z,2,0.023600,07220c52-e609-949f-3d49-757cb821a507,True,KXBTC15M-26SEP160415-15,0.9900,01a0a945-c8b0-78d5-af85-2d9883941922,no,no,0,KXBTC15M-26SEP160415-15,07220c52-e609-949f-3d49-757cb821a507,1789546318,0.0100
buy,ask,1.00,2026-09-16T08:11:58.152483Z,2,0.000900,07220c52-e609-93ef-2caf-9ed0b4183811,True,KXBTC15M-26SEP160415-15,0.9870,01a0a945-c8b0-78d5-af85-2d9883941922,no,no,0,KXBTC15M-26SEP160415-15,07220c52-e609-93ef-2caf-9ed0b4183811,1789546318,0.0130
buy,ask,1.00,2026-09-16T08:11:58.152483Z,2,0.000600,07220c52-e609-926f-2847-4a98803e3e62,True,KXBTC15M-26SEP160415-15,0.9900,01a0a945-c8b0-78d5-af85-2d9883941922,no,no,0,KXBTC15M-26SEP160415-15,07220c52-e609-926f-2847-4a98803e3e62,1789546318,0.0100
buy,ask,34.00,2026-09-16T08:11:58.152483Z,2,0.025900,07220c52-e609-9245-1da4-87a2779c86a0,True,KXBTC15M-26SEP160415-15,0.9890,01a0a945-c8b0-78d5-af85-2d9883941922,no,no,0,KXBTC15M-26SEP160415-15,07220c52-e609-9245-1da4-87a2779c86a0,1789546318,0.0110
buy,ask,181.00,2026-09-16T07:59:13.212865Z,2,0.236200,07220dd2-6dc9-ac8f-cd1d-dfb3b27bce93,True,KXBTC15M-26SEP160400-00,0.9810,01a0a93a-1c68-75b5-9178-8dac75e8b79b,no,no,0,KXBTC15M-26SEP160400-00,07220dd2-6dc9-ac8f-cd1d-dfb3b27bce93,1789545553,0.0190
buy,ask,171.00,2026-09-16T07:59:13.212865Z,2,0.234600,07220dd2-6dc9-a812-dcc5-f6dee24ca7af,True,KXBTC15M-26SEP160400-00,0.9800,01a0a93a-1c68-75b5-9178-8dac75e8b79b,no,no,0,KXBTC15M-26SEP160400-00,07220dd2-6dc9-a812-dcc5-f6dee24ca7af,1789545553,0.0200
buy,ask,162.02,2026-09-16T07:59:13.212865Z,2,0.222300,07220dd2-6921-acc2-ee56-7a03f88f8fa2,True,KXBTC15M-26SEP160400-00,0.9800,01a0a93a-1c68-75b5-9178-8dac75e8b79b,no,no,0,KXBTC15M-26SEP160400-00,07220dd2-6921-acc2-ee56-7a03f88f8fa2,1789545553,0.0200
buy,ask,9.00,2026-09-16T07:59:13.212865Z,2,0.012400,07220dd2-6921-a89c-d970-cabd40c6d501,True,KXBTC15M-26SEP160400-00,0.9800,01a0a93a-1c68-75b5-9178-8dac75e8b79b,no,no,0,KXBTC15M-26SEP160400-00,07220dd2-6921-a89c-d970-cabd40c6d501,1789545553,0.0200
buy,ask,1.00,2026-09-16T07:59:13.212865Z,2,0.001400,07220dd2-6921-a7ee-ee10-3ccfe7e90918,True,KXBTC15M-26SEP160400-00,0.9800,01a0a93a-1c68-75b5-9178-8dac75e8b79b,no,no,0,KXBTC15M-26SEP160400-00,07220dd2-6921-a7ee-ee10-3ccfe7e90918,1789545553,0.0200
buy,ask,0.01,2026-09-16T07:59:13.212865Z,2,0.000000,07220dd2-6921-a6d0-f9cc-5fb99bb2a793,True,KXBTC15M-26SEP160400-00,0.9800,01a0a93a-1c68-75b5-9178-8dac75e8b79b,no,no,0,KXBTC15M-26SEP160400-00,07220dd2-6921-a6d0-f9cc-5fb99bb2a793,1789545553,0.0200
buy,ask,0.01,2026-09-16T07:59:13.212865Z,2,0.000000,07220dd2-6921-a646-fea2-60f25aa9a463,True,KXBTC15M-26SEP160400-00,0.9800,01a0a93a-1c68-75b5-9178-8dac75e8b79b,no,no,0,KXBTC15M-26SEP160400-00,07220dd2-6921-a646-fea2-60f25aa9a463,1789545553,0.0200
buy,ask,84.26,2026-09-16T07:59:13.212865Z,2,0.104180,07220dd2-6921-a5a7-ffd9-90928424e1d0,True,KXBTC15M-26SEP160400-00,0.9820,01a0a93a-1c68-75b5-9178-8dac75e8b79b,no,no,0,KXBTC15M-26SEP160400-00,07220dd2-6921-a5a7-ffd9-90928424e1d0,1789545553,0.0180
buy,bid,521.50,2026-09-16T07:40:46.931677Z,2,2.563500,07220d8d-d8f1-b1f6-7115-8920a0254650,True,KXBTC15M-26SEP160345-45,0.0760,01a0a929-3830-7301-bca9-c79a3d107b12,yes,yes,0,KXBTC15M-26SEP160345-45,07220d8d-d8f1-b1f6-7115-8920a0254650,1789544446,0.9240
buy,bid,100.00,2026-09-16T07:40:46.931677Z,2,0.491600,07220d8d-d0a1-b9dc-525d-1fb9ff6d3769,True,KXBTC15M-26SEP160345-45,0.0760,01a0a929-3830-7301-bca9-c79a3d107b12,yes,yes,0,KXBTC15M-26SEP160345-45,07220d8d-d0a1-b9dc-525d-1fb9ff6d3769,1789544446,0.9240
buy,ask,581.53,2026-09-16T07:29:30.761671Z,2,0.040730,07220d6a-3f61-943e-e00a-c4d8187ebedd,True,KXBTC15M-26SEP160330-30,0.9990,01a0a91e-e790-7837-948b-715a82fcd9bd,no,no,0,KXBTC15M-26SEP160330-30,07220d6a-3f61-943e-e00a-c4d8187ebedd,1789543770,0.0010
buy,ask,1.00,2026-09-16T07:11:54.222715Z,2,0.001400,07220d35-ece9-bde7-8a8c-361d1518e4fa,True,KXBTC15M-26SEP160315-15,0.9800,01a0a90e-ca90-736b-846e-352b81b5b9e4,no,no,0,KXBTC15M-26SEP160315-15,07220d35-ece9-bde7-8a8c-361d1518e4fa,1789542714,0.0200
buy,ask,0.01,2026-09-16T07:11:54.222715Z,2,0.000000,07220d35-ece9-ba2c-a609-f6beabb8ee97,True,KXBTC15M-26SEP160315-15,0.9800,01a0a90e-ca90-736b-846e-352b81b5b9e4,no,no,0,KXBTC15M-26SEP160315-15,07220d35-ece9-ba2c-a609-f6beabb8ee97,1789542714,0.0200
buy,ask,0.01,2026-09-16T07:11:54.222715Z,2,0.000000,07220d35-ece9-b03b-b9da-0c631856c034,True,KXBTC15M-26SEP160315-15,0.9800,01a0a90e-ca90-736b-846e-352b81b5b9e4,no,no,0,KXBTC15M-26SEP160315-15,07220d35-ece9-b03b-b9da-0c631856c034,1789542714,0.0200
buy,ask,500.00,2026-09-16T07:11:54.222715Z,2,0.686000,07220d35-9961-baba-bd89-1d8181c75299,True,KXBTC15M-26SEP160315-15,0.9800,01a0a90e-ca90-736b-846e-352b81b5b9e4,no,no,0,KXBTC15M-26SEP160315-15,07220d35-9961-baba-bd89-1d8181c75299,1789542714,0.0200
buy,ask,51.86,2026-09-16T07:11:54.222715Z,2,0.071200,07220d35-9499-b056-a3d6-74aff7b839c6,True,KXBTC15M-26SEP160315-15,0.9800,01a0a90e-ca90-736b-846e-352b81b5b9e4,no,no,0,KXBTC15M-26SEP160315-15,07220d35-9499-b056-a3d6-74aff7b839c6,1789542714,0.0200
buy,ask,27.98,2026-09-16T07:11:54.222715Z,2,0.038400,07220d35-8579-b381-a182-f501dac83c8b,True,KXBTC15M-26SEP160315-15,0.9800,01a0a90e-ca90-736b-846e-352b81b5b9e4,no,no,0,KXBTC15M-26SEP160315-15,07220d35-8579-b381-a182-f501dac83c8b,1789542714,0.0200
buy,ask,2.00,2026-09-16T06:27:35.617468Z,2,0.004700,07220b7e-f759-9a2b-4bd2-ee4fa9375d42,True,KXBTC15M-26SEP160230-30,0.9650,01a0a8e6-37d8-7806-b0b1-092fae8828dd,no,no,0,KXBTC15M-26SEP160230-30,07220b7e-f759-9a2b-4bd2-ee4fa9375d42,1789540055,0.0350
buy,ask,34.00,2026-09-16T06:27:35.617468Z,2,0.080400,07220b7e-ec91-9841-73be-272e70dc4eac,True,KXBTC15M-26SEP160230-30,0.9650,01a0a8e6-37d8-7806-b0b1-092fae8828dd,no,no,0,KXBTC15M-26SEP160230-30,07220b7e-ec91-9841-73be-272e70dc4eac,1789540055,0.0350
buy,ask,285.04,2026-09-16T06:27:35.617468Z,2,0.692540,07220b7e-ec91-9696-5a61-47c863e2bdb9,True,KXBTC15M-26SEP160230-30,0.9640,01a0a8e6-37d8-7806-b0b1-092fae8828dd,no,no,0,KXBTC15M-26SEP160230-30,07220b7e-ec91-9696-5a61-47c863e2bdb9,1789540055,0.0360
buy,ask,1.00,2026-09-16T06:27:35.617468Z,2,0.002400,07220b7e-e8b9-9adc-63ae-abcecf3415fb,True,KXBTC15M-26SEP160230-30,0.9640,01a0a8e6-37d8-7806-b0b1-092fae8828dd,no,no,0,KXBTC15M-26SEP160230-30,07220b7e-e8b9-9adc-63ae-abcecf3415fb,1789540055,0.0360
buy,ask,1.00,2026-09-16T06:27:35.617468Z,2,0.002400,07220b7e-e8b9-99ab-57d8-0923f5341890,True,KXBTC15M-26SEP160230-30,0.9650,01a0a8e6-37d8-7806-b0b1-092fae8828dd,no,no,0,KXBTC15M-26SEP160230-30,07220b7e-e8b9-99ab-57d8-0923f5341890,1789540055,0.0350
buy,ask,113.00,2026-09-16T06:27:35.617468Z,2,0.267200,07220b7e-e8b9-9955-5172-1a25dc0a665b,True,KXBTC15M-26SEP160230-30,0.9650,01a0a8e6-37d8-7806-b0b1-092fae8828dd,no,no,0,KXBTC15M-26SEP160230-30,07220b7e-e8b9-9955-5172-1a25dc0a665b,1789540055,0.0350
buy,ask,1.00,2026-09-16T06:27:35.617468Z,2,0.002400,07220b7e-e8b9-92ce-76fc-6e278fe712a7,True,KXBTC15M-26SEP160230-30,0.9640,01a0a8e6-37d8-7806-b0b1-092fae8828dd,no,no,0,KXBTC15M-26SEP160230-30,07220b7e-e8b9-92ce-76fc-6e278fe712a7,1789540055,0.0360
buy,ask,8.00,2026-09-16T06:27:35.617468Z,2,0.018900,07220b7c-7ae1-9d1a-52cd-0061e7076465,True,KXBTC15M-26SEP160230-30,0.9650,01a0a8e6-37d8-7806-b0b1-092fae8828dd,no,no,0,KXBTC15M-26SEP160230-30,07220b7c-7ae1-9d1a-52cd-0061e7076465,1789540055,0.0350
buy,ask,6.00,2026-09-16T06:27:35.617468Z,2,0.013700,07220b42-6dc1-9d01-4049-c999a08aee3a,True,KXBTC15M-26SEP160230-30,0.9660,01a0a8e6-37d8-7806-b0b1-092fae8828dd,no,no,0,KXBTC15M-26SEP160230-30,07220b42-6dc1-9d01-4049-c999a08aee3a,1789540055,0.0340
buy,ask,6.00,2026-09-16T06:27:35.617468Z,2,0.014200,07220b42-6dc1-9bcc-5088-4663c95a4fc5,True,KXBTC15M-26SEP160230-30,0.9650,01a0a8e6-37d8-7806-b0b1-092fae8828dd,no,no,0,KXBTC15M-26SEP160230-30,07220b42-6dc1-9bcc-5088-4663c95a4fc5,1789540055,0.0350
buy,ask,102.64,2026-09-16T06:27:35.617468Z,2,0.236060,07220b42-69e9-9352-5396-eba7a87e3a9b,True,KXBTC15M-26SEP160230-30,0.9660,01a0a8e6-37d8-7806-b0b1-092fae8828dd,no,no,0,KXBTC15M-26SEP160230-30,07220b42-69e9-9352-5396-eba7a87e3a9b,1789540055,0.0340
sell,bid,10.57,2026-09-16T06:08:40.2133Z,2,0.118400,07220b87-4771-bf6a-293d-b0f71f29a3c8,True,KXBTC15M-26SEP160215-15,0.2000,01a0a8d4-e640-71fd-a1ae-19ae7224a377,yes,yes,0,KXBTC15M-26SEP160215-15,07220b87-4771-bf6a-293d-b0f71f29a3c8,1789538920,0.8000
buy,ask,10.57,2026-09-16T06:01:40.231694Z,2,0.145900,07220bf7-8b21-b628-597b-b3209f52dc11,True,KXBTC15M-26SEP160215-15,0.2700,01a0a8ce-7da0-73ee-bf99-5196a8061313,no,no,0,KXBTC15M-26SEP160215-15,07220bf7-8b21-b628-597b-b3209f52dc11,1789538500,0.7300
buy,ask,553.30,2026-09-16T05:56:07.917784Z,2,4.090000,07220bec-c269-9a05-2bb0-8a6b109c5790,True,KXBTC15M-26SEP160200-00,0.8800,01a0a8c9-68d8-7a40-aba2-2dec3080ea7c,no,no,0,KXBTC15M-26SEP160200-00,07220bec-c269-9a05-2bb0-8a6b109c5790,1789538167,0.1200
sell,ask,8.68,2026-09-16T05:55:03.921463Z,2,0.097300,07220be9-d191-99b5-7696-55566e8ed0e8,True,KXBTC15M-26SEP160200-00,0.8000,01a0a8c8-6ed8-788e-b10b-acf048c8c940,no,no,0,KXBTC15M-26SEP160200-00,07220be9-d191-99b5-7696-55566e8ed0e8,1789538103,0.2000
buy,bid,8.68,2026-09-16T05:51:35.950862Z,2,0.134400,07220bd0-27b1-ac18-25d7-dfbdbb43a43c,True,KXBTC15M-26SEP160200-00,0.6700,01a0a8c5-4258-7682-ae59-3889b415d479,yes,yes,0,KXBTC15M-26SEP160200-00,07220bd0-27b1-ac18-25d7-dfbdbb43a43c,1789537895,0.3300
buy,bid,1250.00,2026-09-16T05:48:59.77488Z,1,0.061300,07220bc9-6319-8675-f628-6875f7ef44d2,True,KXMVECROSSCATEGORY-SHARD1-S20266F7D041F07A-CEF7B5CDD7F,0.9993,01a0a8c2-e0f8-7dd7-9d17-8267b6a9deaf,yes,yes,0,KXMVECROSSCATEGORY-SHARD1-S20266F7D041F07A-CEF7B5CDD7F,07220bc9-6319-8675-f628-6875f7ef44d2,1789537739,0.0007
sell,ask,492.55,2026-09-16T05:29:32.152145Z,2,0.034450,07220a74-baa1-9cbd-1a46-5dace90f1bce,True,KXBTC15M-26SEP160130-30,0.0010,01a0a8b1-1260-7bf2-a318-7147e9dd5082,no,no,0,KXBTC15M-26SEP160130-30,07220a74-baa1-9cbd-1a46-5dace90f1bce,1789536572,0.9990
buy,bid,161.86,2026-09-16T05:28:37.175541Z,2,0.276200,07220a70-d981-ab04-f7ca-2505d9937456,True,KXBTC15M-26SEP160130-30,0.0250,01a0a8b0-3b88-7796-92a4-11422f1aa45f,yes,yes,0,KXBTC15M-26SEP160130-30,07220a70-d981-ab04-f7ca-2505d9937456,1789536517,0.9750
buy,bid,330.69,2026-09-16T05:28:37.175541Z,2,0.564250,07220a70-d981-a545-dfa3-ff6714a675f4,True,KXBTC15M-26SEP160130-30,0.0250,01a0a8b0-3b88-7796-92a4-11422f1aa45f,yes,yes,0,KXBTC15M-26SEP160130-30,07220a70-d981-a545-dfa3-ff6714a675f4,1789536517,0.9750
buy,ask,482.34,2026-09-16T05:13:55.204752Z,2,0.101020,07220a29-dab1-843d-0749-e136fd2e658c,True,KXBTC15M-26SEP160115-15,0.9970,01a0a8a2-c638-7dce-a39c-f74be2783bb9,no,no,0,KXBTC15M-26SEP160115-15,07220a29-dab1-843d-0749-e136fd2e658c,1789535635,0.0030
buy,bid,10.76,2026-09-16T02:31:55.7966Z,1,0.146800,07220837-a099-a2ab-204c-678ad0bab7f5,True,KXMVECROSSCATEGORY-SHARD1-S2026F1948A8DDEA-DAA37FCDAF8,0.7350,01a0a80e-7578-7658-a32e-4b8a4197dd59,yes,yes,0,KXMVECROSSCATEGORY-SHARD1-S2026F1948A8DDEA-DAA37FCDAF8,07220837-a099-a2ab-204c-678ad0bab7f5,1789525915,0.2650
buy,bid,31.87,2026-09-16T01:12:12.789879Z,1,0.467670,072238d0-9e61-a67f-e02c-eaf434ca6f80,True,KXMVECROSSCATEGORY-SHARD1-S20264E01D2B6100-53F4E47E678,0.7010,01a0a7c5-79e0-75ad-9e82-308b8e0ab143,yes,yes,0,KXMVECROSSCATEGORY-SHARD1-S20264E01D2B6100-53F4E47E678,072238d0-9e61-a67f-e02c-eaf434ca6f80,1789521132,0.2990
buy,ask,487.66,2026-09-16T00:57:35.961297Z,2,0.337900,07223947-4f99-8074-1e68-0c04e9a7aaca,True,KXBTCD-26SEP1521-T75799.99,0.9900,01a0a7b8-1818-7ee8-ab2e-97578fd20482,no,no,0,KXBTCD-26SEP1521-T75799.99,07223947-4f99-8074-1e68-0c04e9a7aaca,1789520255,0.0100
buy,ask,5.92,2026-09-16T00:57:35.961297Z,2,0.004200,07223943-fd89-8ba4-0407-77c495d81b6f,True,KXBTCD-26SEP1521-T75799.99,0.9900,01a0a7b8-1818-7ee8-ab2e-97578fd20482,no,no,0,KXBTCD-26SEP1521-T75799.99,07223943-fd89-8ba4-0407-77c495d81b6f,1789520255,0.0100
buy,bid,566.03,2026-09-16T00:17:32.788557Z,1,0.193253,072239de-d8e1-b4ce-d65d-d09d7dc7722b,True,KXMVECROSSCATEGORY-SHARD1-S2026F5C8A4412DB-8249125EF3F,0.9951,01a0a793-6d60-71f5-9e8f-cda5d44bed2a,yes,yes,0,KXMVECROSSCATEGORY-SHARD1-S2026F5C8A4412DB-8249125EF3F,072239de-d8e1-b4ce-d65d-d09d7dc7722b,1789517852,0.0049
buy,bid,96.00,2026-09-16T00:12:58.632509Z,2,0.073100,072239b3-c351-8337-c77e-8964ee49e3d3,True,KXBTC15M-26SEP152015-15,0.0110,01a0a78f-3f10-7d4c-9ace-1e6e9924098e,yes,yes,0,KXBTC15M-26SEP152015-15,072239b3-c351-8337-c77e-8964ee49e3d3,1789517578,0.9890
buy,bid,1.00,2026-09-16T00:12:58.632509Z,2,0.000800,072239b3-c351-8115-f343-843afebf0c05,True,KXBTC15M-26SEP152015-15,0.0110,01a0a78f-3f10-7d4c-9ace-1e6e9924098e,yes,yes,0,KXBTC15M-26SEP152015-15,072239b3-c351-8115-f343-843afebf0c05,1789517578,0.9890
buy,bid,108.26,2026-09-16T00:12:58.632509Z,2,0.082460,072239b3-c351-804d-e8be-bff243686ae9,True,KXBTC15M-26SEP152015-15,0.0110,01a0a78f-3f10-7d4c-9ace-1e6e9924098e,yes,yes,0,KXBTC15M-26SEP152015-15,072239b3-c351-804d-e8be-bff243686ae9,1789517578,0.9890
buy,bid,286.77,2026-09-16T00:12:58.632509Z,2,0.218370,072239b3-c351-804a-dc9d-036db1fed1e9,True,KXBTC15M-26SEP152015-15,0.0110,01a0a78f-3f10-7d4c-9ace-1e6e9924098e,yes,yes,0,KXBTC15M-26SEP152015-15,072239b3-c351-804a-dc9d-036db1fed1e9,1789517578,0.9890
sell,bid,487.26,2026-09-15T23:59:56.58405Z,2,0.034140,0722398e-6001-a42b-1085-8c011f06b2bc,True,KXBTC15M-26SEP152000-00,0.9990,01a0a783-5060-7511-a848-d6939575c638,yes,yes,0,KXBTC15M-26SEP152000-00,0722398e-6001-a42b-1085-8c011f06b2bc,1789516796,0.0010
buy,ask,34.00,2026-09-15T23:59:23.402545Z,2,0.016600,07223989-f299-8ef8-7e2f-d8d046566052,True,KXBTC15M-26SEP152000-00,0.9930,01a0a782-cf78-7e07-badd-4d254e1a3f8a,no,no,0,KXBTC15M-26SEP152000-00,07223989-f299-8ef8-7e2f-d8d046566052,1789516763,0.0070
buy,ask,1.00,2026-09-15T23:59:23.402545Z,2,0.000400,07223989-f299-8cc2-5c7a-a05564681486,True,KXBTC15M-26SEP152000-00,0.9940,01a0a782-cf78-7e07-badd-4d254e1a3f8a,no,no,0,KXBTC15M-26SEP152000-00,07223989-f299-8cc2-5c7a-a05564681486,1789516763,0.0060
buy,ask,398.12,2026-09-15T23:59:23.402545Z,2,0.166220,07223989-f299-8b3c-6fc7-a3a039bfde22,True,KXBTC15M-26SEP152000-00,0.9940,01a0a782-cf78-7e07-badd-4d254e1a3f8a,no,no,0,KXBTC15M-26SEP152000-00,07223989-f299-8b3c-6fc7-a3a039bfde22,1789516763,0.0060
buy,ask,0.66,2026-09-15T23:59:23.402545Z,2,0.000260,07223989-f299-899a-7605-2107fbd7aedd,True,KXBTC15M-26SEP152000-00,0.9940,01a0a782-cf78-7e07-badd-4d254e1a3f8a,no,no,0,KXBTC15M-26SEP152000-00,07223989-f299-899a-7605-2107fbd7aedd,1789516763,0.0060
buy,ask,16.26,2026-09-15T23:59:23.402545Z,2,0.006660,07223989-f299-894d-4152-978008156e6a,True,KXBTC15M-26SEP152000-00,0.9940,01a0a782-cf78-7e07-badd-4d254e1a3f8a,no,no,0,KXBTC15M-26SEP152000-00,07223989-f299-894d-4152-978008156e6a,1789516763,0.0060
buy,ask,0.01,2026-09-15T23:59:23.402545Z,2,0.000060,07223989-f299-880a-6de7-09a421121872,True,KXBTC15M-26SEP152000-00,0.9940,01a0a782-cf78-7e07-badd-4d254e1a3f8a,no,no,0,KXBTC15M-26SEP152000-00,07223989-f299-880a-6de7-09a421121872,1789516763,0.0060
buy,ask,0.01,2026-09-15T23:59:23.402545Z,2,0.000060,07223989-f299-86ba-759e-83be46008b5a,True,KXBTC15M-26SEP152000-00,0.9940,01a0a782-cf78-7e07-badd-4d254e1a3f8a,no,no,0,KXBTC15M-26SEP152000-00,07223989-f299-86ba-759e-83be46008b5a,1789516763,0.0060
buy,ask,37.20,2026-09-15T23:59:23.402545Z,2,0.015600,07223989-f299-84be-5f8d-c5978f581b81,True,KXBTC15M-26SEP152000-00,0.9940,01a0a782-cf78-7e07-badd-4d254e1a3f8a,no,no,0,KXBTC15M-26SEP152000-00,07223989-f299-84be-5f8d-c5978f581b81,1789516763,0.0060
sell,ask,8.68,2026-09-15T23:59:17.392488Z,2,0.004260,07223988-5829-88bf-1ab4-b10cd86125dd,True,KXBTC15M-26SEP152000-00,0.9930,01a0a782-b808-7d37-ad7d-22a95b48e3eb,no,no,0,KXBTC15M-26SEP152000-00,07223988-5829-88bf-1ab4-b10cd86125dd,1789516757,0.0070
buy,bid,8.68,2026-09-15T23:58:51.601031Z,2,0.134400,0722398b-0349-8ba5-486e-6ec6ddfb4684,True,KXBTC15M-26SEP152000-00,0.6700,01a0a782-5278-7cc0-b576-6e52de2692af,yes,yes,0,KXBTC15M-26SEP152000-00,0722398b-0349-8ba5-486e-6ec6ddfb4684,1789516731,0.3300
buy,ask,267.57,2026-09-15T23:42:59.781271Z,2,0.456550,07223abc-e559-ad7d-8643-48c9e71c2b31,True,KXBTC15M-26SEP151945-45,0.9750,01a0a773-cbb8-7765-8a67-1bac2bfd719f,no,no,0,KXBTC15M-26SEP151945-45,07223abc-e559-ad7d-8643-48c9e71c2b31,1789515779,0.0250
buy,ask,0.01,2026-09-15T23:42:59.781271Z,2,0.000050,07223abc-e559-ab6a-8b26-fceb31e04064,True,KXBTC15M-26SEP151945-45,0.9750,01a0a773-cbb8-7765-8a67-1bac2bfd719f,no,no,0,KXBTC15M-26SEP151945-45,07223abc-e559-ab6a-8b26-fceb31e04064,1789515779,0.0250
buy,ask,219.76,2026-09-15T23:42:59.781271Z,2,0.374900,07223abc-e559-a9eb-b092-6ae623732baa,True,KXBTC15M-26SEP151945-45,0.9750,01a0a773-cbb8-7765-8a67-1bac2bfd719f,no,no,0,KXBTC15M-26SEP151945-45,07223abc-e559-a9eb-b092-6ae623732baa,1789515779,0.0250
buy,ask,0.01,2026-09-15T23:42:59.781271Z,2,0.000050,07223abc-e559-a538-8a65-2b6ecced64d8,True,KXBTC15M-26SEP151945-45,0.9750,01a0a773-cbb8-7765-8a67-1bac2bfd719f,no,no,0,KXBTC15M-26SEP151945-45,07223abc-e559-a538-8a65-2b6ecced64d8,1789515779,0.0250
buy,bid,208.67,2026-09-15T23:28:54.928075Z,2,0.115940,07223afd-7d31-ab9a-871f-48f517bd45e2,True,KXBTC15M-26SEP151930-30,0.9920,01a0a766-e6f0-755d-8083-cd56fd2fa07d,yes,yes,0,KXBTC15M-26SEP151930-30,07223afd-7d31-ab9a-871f-48f517bd45e2,1789514934,0.0080
buy,bid,2631.57,2026-09-15T23:27:16.766941Z,1,0.312631,07223af0-c8a1-9507-b46a-3afadeb04b37,True,KXMVECROSSCATEGORY-SHARD1-S2026F5C8A4412DB-22C1D662546,0.9983,01a0a765-6820-7934-8dc7-dd5c60a39229,yes,yes,0,KXMVECROSSCATEGORY-SHARD1-S2026F5C8A4412DB-22C1D662546,07223af0-c8a1-9507-b46a-3afadeb04b37,1789514836,0.0017
buy,bid,1.00,2026-09-15T23:11:41.962607Z,2,0.000500,07223a0b-ace9-bf06-955f-7cc3c7bda7ee,True,KXBTC15M-26SEP151915-15,0.0090,01a0a757-23c8-70b1-8ce0-992c0e4bfbac,yes,yes,0,KXBTC15M-26SEP151915-15,07223a0b-ace9-bf06-955f-7cc3c7bda7ee,1789513901,0.9910
buy,bid,0.01,2026-09-15T23:11:41.962607Z,2,0.000090,07223a0b-ace9-befe-9600-7e78bfd28368,True,KXBTC15M-26SEP151915-15,0.0090,01a0a757-23c8-70b1-8ce0-992c0e4bfbac,yes,yes,0,KXBTC15M-26SEP151915-15,07223a0b-ace9-befe-9600-7e78bfd28368,1789513901,0.9910
buy,bid,72.80,2026-09-15T23:11:41.962607Z,2,0.045500,07223a0b-ace9-b5d0-810d-c311acc2a78d,True,KXBTC15M-26SEP151915-15,0.0090,01a0a757-23c8-70b1-8ce0-992c0e4bfbac,yes,yes,0,KXBTC15M-26SEP151915-15,07223a0b-ace9-b5d0-810d-c311acc2a78d,1789513901,0.9910
buy,bid,400.00,2026-09-15T23:11:41.962607Z,2,0.249700,07223a0b-ace9-b57e-a697-51c117bb75b5,True,KXBTC15M-26SEP151915-15,0.0090,01a0a757-23c8-70b1-8ce0-992c0e4bfbac,yes,yes,0,KXBTC15M-26SEP151915-15,07223a0b-ace9-b57e-a697-51c117bb75b5,1789513901,0.9910
buy,bid,0.01,2026-09-15T23:11:41.962607Z,2,0.000090,07223a0b-ace9-b575-818f-a7aa99573c68,True,KXBTC15M-26SEP151915-15,0.0090,01a0a757-23c8-70b1-8ce0-992c0e4bfbac,yes,yes,0,KXBTC15M-26SEP151915-15,07223a0b-ace9-b575-818f-a7aa99573c68,1789513901,0.9910
buy,bid,731.70,2026-09-15T22:52:36.774111Z,1,0.193940,07223a53-07a1-bcb7-2dd7-580fd45a62c6,True,KXMVECROSSCATEGORY-SHARD1-S20264D4910BB8C7-D9825147886,0.9962,01a0a745-ab20-73bc-a59e-89a509d6f2d7,yes,yes,0,KXMVECROSSCATEGORY-SHARD1-S20264D4910BB8C7-D9825147886,07223a53-07a1-bcb7-2dd7-580fd45a62c6,1789512756,0.0038
buy,bid,5000.00,2026-09-15T22:51:28.772802Z,1,0.314800,07223a56-2781-98cb-83d1-c29f9e3934cc,True,KXMVECROSSCATEGORY-SHARD1-S2026781C8087A78-834E0A415C1,0.9991,01a0a744-a180-7b85-81de-ebecc76adaae,yes,yes,0,KXMVECROSSCATEGORY-SHARD1-S2026781C8087A78-834E0A415C1,07223a56-2781-98cb-83d1-c29f9e3934cc,1789512688,0.0009
buy,bid,64.03,2026-09-15T22:44:19.34063Z,2,0.008960,07223bc6-4359-8fe8-15f7-ce3c10f2053e,True,KXBTC15M-26SEP151845-45,0.0020,01a0a73e-15b8-7c7e-a35e-48ae5584b893,yes,yes,0,KXBTC15M-26SEP151845-45,07223bc6-4359-8fe8-15f7-ce3c10f2053e,1789512259,0.9980
buy,bid,2.00,2026-09-15T22:44:19.34063Z,2,0.000300,07223bc6-4359-8da7-0f0c-ba1d791c000a,True,KXBTC15M-26SEP151845-45,0.0020,01a0a73e-15b8-7c7e-a35e-48ae5584b893,yes,yes,0,KXBTC15M-26SEP151845-45,07223bc6-4359-8da7-0f0c-ba1d791c000a,1789512259,0.9980
buy,bid,19.31,2026-09-15T22:44:19.34063Z,2,0.002720,07223bc6-4359-8d4e-2c3e-9bfebb1e4483,True,KXBTC15M-26SEP151845-45,0.0020,01a0a73e-15b8-7c7e-a35e-48ae5584b893,yes,yes,0,KXBTC15M-26SEP151845-45,07223bc6-4359-8d4e-2c3e-9bfebb1e4483,1789512259,0.9980
buy,bid,8.95,2026-09-15T22:44:19.34063Z,2,0.001300,07223bc6-4359-8d21-3bad-2ca42951fdf7,True,KXBTC15M-26SEP151845-45,0.0020,01a0a73e-15b8-7c7e-a35e-48ae5584b893,yes,yes,0,KXBTC15M-26SEP151845-45,07223bc6-4359-8d21-3bad-2ca42951fdf7,1789512259,0.9980
buy,bid,54.83,2026-09-15T22:44:19.34063Z,2,0.007660,07223bc6-4359-8cde-1d03-20c0893e1107,True,KXBTC15M-26SEP151845-45,0.0020,01a0a73e-15b8-7c7e-a35e-48ae5584b893,yes,yes,0,KXBTC15M-26SEP151845-45,07223bc6-4359-8cde-1d03-20c0893e1107,1789512259,0.9980
buy,bid,18.43,2026-09-15T22:44:19.34063Z,2,0.002560,07223bc6-4359-8c6c-297f-1c1e86531167,True,KXBTC15M-26SEP151845-45,0.0020,01a0a73e-15b8-7c7e-a35e-48ae5584b893,yes,yes,0,KXBTC15M-26SEP151845-45,07223bc6-4359-8c6c-297f-1c1e86531167,1789512259,0.9980
buy,bid,0.01,2026-09-15T22:44:19.34063Z,2,0.000030,07223bc6-4359-8b2d-1cb2-91b72b1a697b,True,KXBTC15M-26SEP151845-45,0.0030,01a0a73e-15b8-7c7e-a35e-48ae5584b893,yes,yes,0,KXBTC15M-26SEP151845-45,07223bc6-4359-8b2d-1cb2-91b72b1a697b,1789512259,0.9970
buy,bid,10.00,2026-09-15T22:44:19.34063Z,2,0.001400,07223bc6-4359-88fc-08cf-27e27ceaba8e,True,KXBTC15M-26SEP151845-45,0.0020,01a0a73e-15b8-7c7e-a35e-48ae5584b893,yes,yes,0,KXBTC15M-26SEP151845-45,07223bc6-4359-88fc-08cf-27e27ceaba8e,1789512259,0.9980
buy,bid,0.01,2026-09-15T22:44:19.34063Z,2,0.000030,07223bc6-4359-87e2-3af5-a924c4646415,True,KXBTC15M-26SEP151845-45,0.0030,01a0a73e-15b8-7c7e-a35e-48ae5584b893,yes,yes,0,KXBTC15M-26SEP151845-45,07223bc6-4359-87e2-3af5-a924c4646415,1789512259,0.9970
buy,bid,16.74,2026-09-15T22:44:19.34063Z,2,0.003420,07223bc6-4359-8620-0c58-3e9c66e7f3e1,True,KXBTC15M-26SEP151845-45,0.0030,01a0a73e-15b8-7c7e-a35e-48ae5584b893,yes,yes,0,KXBTC15M-26SEP151845-45,07223bc6-4359-8620-0c58-3e9c66e7f3e1,1789512259,0.9970
buy,bid,16.73,2026-09-15T22:44:19.34063Z,2,0.002360,07223bc6-4359-856f-38c0-27ac88be37e5,True,KXBTC15M-26SEP151845-45,0.0020,01a0a73e-15b8-7c7e-a35e-48ae5584b893,yes,yes,0,KXBTC15M-26SEP151845-45,07223bc6-4359-856f-38c0-27ac88be37e5,1789512259,0.9980
buy,bid,66.98,2026-09-15T22:44:19.34063Z,2,0.009360,07223bc6-4359-8512-07ca-6bdd4ca0c868,True,KXBTC15M-26SEP151845-45,0.0020,01a0a73e-15b8-7c7e-a35e-48ae5584b893,yes,yes,0,KXBTC15M-26SEP151845-45,07223bc6-4359-8512-07ca-6bdd4ca0c868,1789512259,0.9980
buy,bid,116.26,2026-09-15T22:44:19.34063Z,2,0.024380,07223bc6-4359-8510-36f7-dac482e3d22a,True,KXBTC15M-26SEP151845-45,0.0030,01a0a73e-15b8-7c7e-a35e-48ae5584b893,yes,yes,0,KXBTC15M-26SEP151845-45,07223bc6-4359-8510-36f7-dac482e3d22a,1789512259,0.9970
buy,bid,13.00,2026-09-15T22:44:19.34063Z,2,0.001800,07223bc6-4359-8456-021f-450b3beec547,True,KXBTC15M-26SEP151845-45,0.0020,01a0a73e-15b8-7c7e-a35e-48ae5584b893,yes,yes,0,KXBTC15M-26SEP151845-45,07223bc6-4359-8456-021f-450b3beec547,1789512259,0.9980
buy,bid,8.05,2026-09-15T22:44:19.34063Z,2,0.001100,07223bc6-4359-835c-2f11-8328d7c18807,True,KXBTC15M-26SEP151845-45,0.0020,01a0a73e-15b8-7c7e-a35e-48ae5584b893,yes,yes,0,KXBTC15M-26SEP151845-45,07223bc6-4359-835c-2f11-8328d7c18807,1789512259,0.9980
buy,bid,71.69,2026-09-15T22:44:19.34063Z,2,0.009980,07223bc6-4359-824c-0726-e6699a6d8332,True,KXBTC15M-26SEP151845-45,0.0020,01a0a73e-15b8-7c7e-a35e-48ae5584b893,yes,yes,0,KXBTC15M-26SEP151845-45,07223bc6-4359-824c-0726-e6699a6d8332,1789512259,0.9980
buy,bid,5555.55,2026-09-15T22:35:03.776819Z,1,0.310960,07223be3-feb9-8c05-dcc6-2b79c56449e1,True,KXMVECROSSCATEGORY-SHARD1-S2026F5C8A4412DB-55A15810434,0.9992,01a0a735-99d8-7cd0-9dad-3f827f27f65a,yes,yes,0,KXMVECROSSCATEGORY-SHARD1-S2026F5C8A4412DB-55A15810434,07223be3-feb9-8c05-dcc6-2b79c56449e1,1789511703,0.0008
buy,bid,488.15,2026-09-15T22:28:16.293525Z,2,1.836750,07223b92-f401-8c46-08b8-2ee848d2e3d3,True,KXBTC15M-26SEP151830-30,0.0570,01a0a72f-6400-7e47-ad55-c4beecdbfd37,yes,yes,0,KXBTC15M-26SEP151830-30,07223b92-f401-8c46-08b8-2ee848d2e3d3,1789511296,0.9430
buy,ask,464.15,2026-09-15T22:14:29.842582Z,2,0.161650,07223ba9-d781-b4c1-7be7-011fbdbfce4e,True,KXBTC15M-26SEP151815-15,0.9950,01a0a722-c588-70be-bee6-4e68dd3c1d7d,no,no,0,KXBTC15M-26SEP151815-15,07223ba9-d781-b4c1-7be7-011fbdbfce4e,1789510469,0.0050
buy,bid,462.14,2026-09-15T21:44:28.186718Z,2,0.161000,07223b1a-6ff9-9ded-4d7a-5df685d3622e,True,KXBTC15M-26SEP151745-45,0.0050,01a0a707-4a60-79f1-bbdc-c894a6c51af2,yes,yes,0,KXBTC15M-26SEP151745-45,07223b1a-6ff9-9ded-4d7a-5df685d3622e,1789508668,0.9950
buy,ask,143.07,2026-09-15T21:09:00.457705Z,2,0.582440,07223d7d-e169-bcc7-c21f-f9310a5e936f,True,KXBTC15M-26SEP151715-15,0.9380,01a0a6e6-d1e0-7291-9b61-983119c21185,no,no,0,KXBTC15M-26SEP151715-15,07223d7d-e169-bcc7-c21f-f9310a5e936f,1789506540,0.0620
buy,ask,0.01,2026-09-15T21:09:00.457705Z,2,0.000120,07223d7d-8d91-bdd6-c79b-ce3782839f36,True,KXBTC15M-26SEP151715-15,0.9380,01a0a6e6-d1e0-7291-9b61-983119c21185,no,no,0,KXBTC15M-26SEP151715-15,07223d7d-8d91-bdd6-c79b-ce3782839f36,1789506540,0.0620
buy,ask,113.00,2026-09-15T21:09:00.457705Z,2,0.460000,07223d7d-8d91-bc22-fd3c-c4dde00932b8,True,KXBTC15M-26SEP151715-15,0.9380,01a0a6e6-d1e0-7291-9b61-983119c21185,no,no,0,KXBTC15M-26SEP151715-15,07223d7d-8d91-bc22-fd3c-c4dde00932b8,1789506540,0.0620
buy,ask,202.35,2026-09-15T21:09:00.457705Z,2,0.823700,07223d7d-8d91-bb8d-d382-5f6a8bd4c34e,True,KXBTC15M-26SEP151715-15,0.9380,01a0a6e6-d1e0-7291-9b61-983119c21185,no,no,0,KXBTC15M-26SEP151715-15,07223d7d-8d91-bb8d-d382-5f6a8bd4c34e,1789506540,0.0620
buy,ask,0.01,2026-09-15T21:09:00.457705Z,2,0.000020,07223d7d-8d91-b22c-cc14-80a3989a65a5,True,KXBTC15M-26SEP151715-15,0.9380,01a0a6e6-d1e0-7291-9b61-983119c21185,no,no,0,KXBTC15M-26SEP151715-15,07223d7d-8d91-b22c-cc14-80a3989a65a5,1789506540,0.0620
buy,ask,1.00,2026-09-15T21:09:00.457705Z,2,0.004100,07223d7d-8a79-b70c-e2c8-e9fccdd9ec3d,True,KXBTC15M-26SEP151715-15,0.9380,01a0a6e6-d1e0-7291-9b61-983119c21185,no,no,0,KXBTC15M-26SEP151715-15,07223d7d-8a79-b70c-e2c8-e9fccdd9ec3d,1789506540,0.0620
buy,ask,1.00,2026-09-15T20:13:09.411841Z,2,0.001900,07223c7d-7029-ae21-7865-60105f15dd2b,True,KXBTC15M-26SEP151615-15,0.9730,01a0a6b3-b008-779d-b29f-35c95246e3ae,no,no,0,KXBTC15M-26SEP151615-15,07223c7d-7029-ae21-7865-60105f15dd2b,1789503189,0.0270
buy,ask,425.65,2026-09-15T20:13:09.411841Z,2,0.726250,07223c7d-7029-a212-78c7-5a1e6e568d0e,True,KXBTC15M-26SEP151615-15,0.9750,01a0a6b3-b008-779d-b29f-35c95246e3ae,no,no,0,KXBTC15M-26SEP151615-15,07223c7d-7029-a212-78c7-5a1e6e568d0e,1789503189,0.0250
buy,ask,1.00,2026-09-15T19:50:01.815502Z,2,0.003900,07223ce4-5f91-b95a-7ad0-af9c8154d61b,True,KXBTCD-26SEP1516-T76099.99,0.9400,01a0a69e-8228-7234-ba48-fcdd33530c01,no,no,0,KXBTCD-26SEP1516-T76099.99,07223ce4-5f91-b95a-7ad0-af9c8154d61b,1789501801,0.0600
buy,ask,3.00,2026-09-15T19:50:01.815502Z,2,0.011900,07223ce4-5f91-b593-4918-ef2f0f4af849,True,KXBTCD-26SEP1516-T76099.99,0.9400,01a0a69e-8228-7234-ba48-fcdd33530c01,no,no,0,KXBTCD-26SEP1516-T76099.99,07223ce4-5f91-b593-4918-ef2f0f4af849,1789501801,0.0600
buy,ask,419.75,2026-09-15T19:50:01.815502Z,2,1.657200,07223ce1-c661-b1e9-5cff-5b62b907fb07,True,KXBTCD-26SEP1516-T76099.99,0.9400,01a0a69e-8228-7234-ba48-fcdd33530c01,no,no,0,KXBTCD-26SEP1516-T76099.99,07223ce1-c661-b1e9-5cff-5b62b907fb07,1789501801,0.0600
buy,bid,397.70,2026-09-15T18:58:35.057319Z,2,1.570200,07223fd2-c699-a0a4-f0fa-2265f2558dbe,True,KXBTC15M-26SEP151500-00,0.0600,01a0a66f-6b78-7729-9eb6-9fa681cb4b87,yes,yes,0,KXBTC15M-26SEP151500-00,07223fd2-c699-a0a4-f0fa-2265f2558dbe,1789498715,0.9400
buy,bid,150.00,2026-09-15T17:51:11.588518Z,2,0.412900,07223ef7-6cf9-8c0e-86d9-4ce9cec3b2f5,True,KXBTC15M-26SEP151400-00,0.0410,01a0a631-b698-7d87-8577-757933946f0e,yes,yes,0,KXBTC15M-26SEP151400-00,07223ef7-6cf9-8c0e-86d9-4ce9cec3b2f5,1789494671,0.9590
buy,bid,1.00,2026-09-15T17:51:11.588518Z,2,0.002700,07223ef7-6cf9-8b1b-b05c-bfe97252383f,True,KXBTC15M-26SEP151400-00,0.0410,01a0a631-b698-7d87-8577-757933946f0e,yes,yes,0,KXBTC15M-26SEP151400-00,07223ef7-6cf9-8b1b-b05c-bfe97252383f,1789494671,0.9590
buy,bid,125.53,2026-09-15T17:51:11.588518Z,2,0.345530,07223ef7-6cf9-852a-8291-f16a2df7045d,True,KXBTC15M-26SEP151400-00,0.0410,01a0a631-b698-7d87-8577-757933946f0e,yes,yes,0,KXBTC15M-26SEP151400-00,07223ef7-6cf9-852a-8291-f16a2df7045d,1789494671,0.9590
buy,bid,93.35,2026-09-15T17:51:11.588518Z,2,0.250900,07223ee9-9709-88da-b8b4-1e24f90f53e4,True,KXBTC15M-26SEP151400-00,0.0400,01a0a631-b698-7d87-8577-757933946f0e,yes,yes,0,KXBTC15M-26SEP151400-00,07223ee9-9709-88da-b8b4-1e24f90f53e4,1789494671,0.9600
sell,ask,50.00,2026-09-15T17:50:22.30267Z,2,0.034600,07223ef3-b651-bd85-38b5-ea66d9c02083,True,KXBTCD-26SEP1514-T76399.99,0.0100,01a0a630-f730-73ea-aac5-20d035e184e6,no,no,0,KXBTCD-26SEP1514-T76399.99,07223ef3-b651-bd85-38b5-ea66d9c02083,1789494622,0.9900
sell,ask,227.28,2026-09-15T17:50:22.30267Z,2,0.157600,07223ef3-8631-b599-3f39-31c21d9493c8,True,KXBTCD-26SEP1514-T76399.99,0.0100,01a0a630-f730-73ea-aac5-20d035e184e6,no,no,0,KXBTCD-26SEP1514-T76399.99,07223ef3-8631-b599-3f39-31c21d9493c8,1789494622,0.9900
sell,ask,14.00,2026-09-15T17:50:22.30267Z,2,0.009700,07223ef3-6c21-b8d7-0035-823106a2fd9c,True,KXBTCD-26SEP1514-T76399.99,0.0100,01a0a630-f730-73ea-aac5-20d035e184e6,no,no,0,KXBTCD-26SEP1514-T76399.99,07223ef3-6c21-b8d7-0035-823106a2fd9c,1789494622,0.9900
sell,ask,77.38,2026-09-15T17:50:22.30267Z,2,0.106200,07223eed-5af1-b25e-21e9-5210f6abb1f6,True,KXBTCD-26SEP1514-T76399.99,0.0200,01a0a630-f730-73ea-aac5-20d035e184e6,no,no,0,KXBTCD-26SEP1514-T76399.99,07223eed-5af1-b25e-21e9-5210f6abb1f6,1789494622,0.9800
buy,bid,46.73,2026-09-15T17:34:44.48713Z,2,0.184500,07223ea8-bed1-847a-3393-634951663b34,True,KXBTCD-26SEP1514-T76399.99,0.0600,01a0a622-a720-7ea8-aa7d-40b120e88ed4,yes,yes,0,KXBTCD-26SEP1514-T76399.99,07223ea8-bed1-847a-3393-634951663b34,1789493684,0.9400
buy,bid,200.00,2026-09-15T17:34:44.48713Z,2,0.789600,07223ea8-a129-8ad9-012c-40028129cdfa,True,KXBTCD-26SEP1514-T76399.99,0.0600,01a0a622-a720-7ea8-aa7d-40b120e88ed4,yes,yes,0,KXBTCD-26SEP1514-T76399.99,07223ea8-a129-8ad9-012c-40028129cdfa,1789493684,0.9400
buy,bid,100.00,2026-09-15T17:34:44.48713Z,2,0.394800,07223ea8-a129-8ab8-3f56-8eab7809e629,True,KXBTCD-26SEP1514-T76399.99,0.0600,01a0a622-a720-7ea8-aa7d-40b120e88ed4,yes,yes,0,KXBTCD-26SEP1514-T76399.99,07223ea8-a129-8ab8-3f56-8eab7809e629,1789493684,0.9400
buy,bid,21.93,2026-09-15T17:34:44.48713Z,2,0.086600,07223ea8-a129-873d-0349-1dac9c1432bb,True,KXBTCD-26SEP1514-T76399.99,0.0600,01a0a622-a720-7ea8-aa7d-40b120e88ed4,yes,yes,0,KXBTCD-26SEP1514-T76399.99,07223ea8-a129-873d-0349-1dac9c1432bb,1789493684,0.9400
buy,bid,0.01,2026-09-15T15:25:30.401795Z,2,0.000060,0722331d-0e51-b616-1edc-db4afae44387,True,KXBTC15M-26SEP151130-30,0.0160,01a0a5ac-5610-718f-a326-4f9969090c72,yes,yes,0,KXBTC15M-26SEP151130-30,0722331d-0e51-b616-1edc-db4afae44387,1789485930,0.9840
buy,bid,229.09,2026-09-15T15:25:30.401795Z,2,0.252440,0722331d-0e51-b3c5-26fa-349e27d3a9ef,True,KXBTC15M-26SEP151130-30,0.0160,01a0a5ac-5610-718f-a326-4f9969090c72,yes,yes,0,KXBTC15M-26SEP151130-30,0722331d-0e51-b3c5-26fa-349e27d3a9ef,1789485930,0.9840
buy,bid,0.01,2026-09-15T15:25:30.401795Z,2,0.000060,0722331d-0e51-b27f-082b-38e3d9196f26,True,KXBTC15M-26SEP151130-30,0.0160,01a0a5ac-5610-718f-a326-4f9969090c72,yes,yes,0,KXBTC15M-26SEP151130-30,0722331d-0e51-b27f-082b-38e3d9196f26,1789485930,0.9840
buy,bid,118.00,2026-09-15T15:25:30.401795Z,2,0.130000,0722331d-0e51-b275-32d9-e5576507f6e9,True,KXBTC15M-26SEP151130-30,0.0160,01a0a5ac-5610-718f-a326-4f9969090c72,yes,yes,0,KXBTC15M-26SEP151130-30,0722331d-0e51-b275-32d9-e5576507f6e9,1789485930,0.9840
buy,bid,1.00,2026-09-15T15:12:09.342077Z,2,0.004300,07223320-6989-bbea-8b7c-d5a779457ae0,True,KXBTC15M-26SEP151115-15,0.0670,01a0a5a0-1d28-7246-838c-04bce5ae4467,yes,yes,0,KXBTC15M-26SEP151115-15,07223320-6989-bbea-8b7c-d5a779457ae0,1789485129,0.9330
buy,bid,0.01,2026-09-15T15:12:09.342077Z,2,0.000070,07223320-6989-ba30-aa36-bc75c8f7e25e,True,KXBTC15M-26SEP151115-15,0.0670,01a0a5a0-1d28-7246-838c-04bce5ae4467,yes,yes,0,KXBTC15M-26SEP151115-15,07223320-6989-ba30-aa36-bc75c8f7e25e,1789485129,0.9330
buy,bid,0.01,2026-09-15T15:12:09.342077Z,2,0.000070,07223320-6989-b821-93ae-4e6739f628bc,True,KXBTC15M-26SEP151115-15,0.0670,01a0a5a0-1d28-7246-838c-04bce5ae4467,yes,yes,0,KXBTC15M-26SEP151115-15,07223320-6989-b821-93ae-4e6739f628bc,1789485129,0.9330
buy,bid,90.00,2026-09-15T15:12:09.342077Z,2,0.393900,07223320-6989-b6d2-9f17-3693df996fd4,True,KXBTC15M-26SEP151115-15,0.0670,01a0a5a0-1d28-7246-838c-04bce5ae4467,yes,yes,0,KXBTC15M-26SEP151115-15,07223320-6989-b6d2-9f17-3693df996fd4,1789485129,0.9330
buy,bid,200.49,2026-09-15T15:12:09.342077Z,2,0.877330,07223320-6989-b216-bd96-337a8d8aa8a8,True,KXBTC15M-26SEP151115-15,0.0670,01a0a5a0-1d28-7246-838c-04bce5ae4467,yes,yes,0,KXBTC15M-26SEP151115-15,07223320-6989-b216-bd96-337a8d8aa8a8,1789485129,0.9330
buy,bid,25.00,2026-09-15T15:12:09.342077Z,2,0.109400,07223320-65d1-b231-b28c-3289ab776774,True,KXBTC15M-26SEP151115-15,0.0670,01a0a5a0-1d28-7246-838c-04bce5ae4467,yes,yes,0,KXBTC15M-26SEP151115-15,07223320-65d1-b231-b28c-3289ab776774,1789485129,0.9330
buy,bid,25.00,2026-09-15T15:12:09.342077Z,2,0.109400,07223320-61f9-be6b-9bb9-46d6c804aadd,True,KXBTC15M-26SEP151115-15,0.0670,01a0a5a0-1d28-7246-838c-04bce5ae4467,yes,yes,0,KXBTC15M-26SEP151115-15,07223320-61f9-be6b-9bb9-46d6c804aadd,1789485129,0.9330
buy,ask,315.87,2026-09-15T14:12:57.383818Z,2,0.767420,072230ce-6bb9-a246-dfe0-2dfc0e42d4ba,True,KXBTC15M-26SEP151015-15,0.9640,01a0a569-ea28-7448-99a2-c8ed3ac88bf4,no,no,0,KXBTC15M-26SEP151015-15,072230ce-6bb9-a246-dfe0-2dfc0e42d4ba,1789481577,0.0360
sell,ask,37.91,2026-09-15T04:57:26.994592Z,2,0.104410,07222ed8-04c9-8ef6-b986-a09830984c1f,True,KXBTC15M-26SEP150100-00,0.9590,01a0a36d-52f0-7c9c-86ae-17ffd494bedb,no,no,0,KXBTC15M-26SEP150100-00,07222ed8-04c9-8ef6-b986-a09830984c1f,1789448246,0.0410
buy,bid,17.70,2026-09-15T04:54:59.415617Z,2,0.166600,07222ec7-4231-813a-afe1-3a4aac2c4531,True,KXBTC15M-26SEP150100-00,0.8400,01a0a36b-14b8-7cd3-8aba-9307bc19e1f1,yes,yes,0,KXBTC15M-26SEP150100-00,07222ec7-4231-813a-afe1-3a4aac2c4531,1789448099,0.1600
buy,bid,20.21,2026-09-15T04:53:24.97008Z,2,0.170400,07222ecf-1f51-8178-9094-55ddc27c6a3a,True,KXBTC15M-26SEP150100-00,0.8600,01a0a369-a1a0-7ffd-8e1f-da8df7cfd233,yes,yes,0,KXBTC15M-26SEP150100-00,07222ecf-1f51-8178-9094-55ddc27c6a3a,1789448004,0.1400
buy,bid,0.01,2026-09-15T04:42:36.487001Z,2,0.000200,07222e21-47e1-9c98-a7f2-ace0661899a4,True,KXBTC15M-26SEP150045-45,0.5700,01a0a35f-be60-784e-859c-440445b18a7c,yes,yes,0,KXBTC15M-26SEP150045-45,07222e21-47e1-9c98-a7f2-ace0661899a4,1789447356,0.4300
buy,bid,6.26,2026-09-15T04:42:36.487001Z,2,0.107400,07222e21-47e1-983d-928b-d92ea631107c,True,KXBTC15M-26SEP150045-45,0.5700,01a0a35f-be60-784e-859c-440445b18a7c,yes,yes,0,KXBTC15M-26SEP150045-45,07222e21-47e1-983d-928b-d92ea631107c,1789447356,0.4300
buy,bid,0.01,2026-09-15T04:42:36.487001Z,2,0.000200,07222e21-47e1-9570-a2f4-1a7533cfbd4f,True,KXBTC15M-26SEP150045-45,0.5700,01a0a35f-be60-784e-859c-440445b18a7c,yes,yes,0,KXBTC15M-26SEP150045-45,07222e21-47e1-9570-a2f4-1a7533cfbd4f,1789447356,0.4300
buy,bid,7.02,2026-09-15T04:41:41.693716Z,2,0.118000,07222e25-7d81-943b-069c-92c746314c80,True,KXBTC15M-26SEP150045-45,0.6000,01a0a35e-e788-7ae7-ae92-dbafd88cadcb,yes,yes,0,KXBTC15M-26SEP150045-45,07222e25-7d81-943b-069c-92c746314c80,1789447301,0.4000
buy,bid,7.97,2026-09-15T04:37:28.265858Z,3,0.128600,07222e36-c2e9-8fde-b9a5-bf7e0a9494c2,True,KXMLBGAME-26SEP142140MIAAZ-AZ,0.6400,01a0a35b-0b40-7e40-8f5c-bdbaa352e9d8,yes,yes,0,KXMLBGAME-26SEP142140MIAAZ-AZ,07222e36-c2e9-8fde-b9a5-bf7e0a9494c2,1789447048,0.3600
buy,bid,6.80,2026-09-15T01:48:46.783194Z,1,0.116300,072229c2-f8f1-9ab0-9973-e552056bd897,True,KXMVECROSSCATEGORY-SHARD1-S2026F20CD762003-2929E6D4E38,0.5760,01a0a2c0-9830-7b7e-894b-04d4dcd83bbd,yes,yes,0,KXMVECROSSCATEGORY-SHARD1-S2026F20CD762003-2929E6D4E38,072229c2-f8f1-9ab0-9973-e552056bd897,1789436926,0.4240
buy,bid,44.64,2026-09-15T01:13:59.779533Z,1,0.184480,07222822-40b9-98b8-571f-3ea3090a4d11,True,KXMVECROSSCATEGORY-SHARD1-S2026972AE6D8C67-EED14B7FB9D,0.9370,01a0a2a0-bfd8-7982-be36-403e9fca5377,yes,yes,0,KXMVECROSSCATEGORY-SHARD1-S2026972AE6D8C67-EED14B7FB9D,07222822-40b9-98b8-571f-3ea3090a4d11,1789434839,0.0630
buy,bid,90.36,2026-09-15T01:03:10.765705Z,1,0.190040,072228cd-ba71-8d47-fea0-7c8af647b119,True,KXMVECROSSCATEGORY-SHARD1-S2026972AE6D8C67-D694C96E377,0.9690,01a0a296-d8b0-7fa3-9e32-92758bcee766,yes,yes,0,KXMVECROSSCATEGORY-SHARD1-S2026972AE6D8C67-D694C96E377,072228cd-ba71-8d47-fea0-7c8af647b119,1789434190,0.0310
buy,bid,652.17,2026-09-15T00:49:15.767817Z,1,0.195469,072228a2-7119-9252-b62e-55c0d387c387,True,KXMVECROSSCATEGORY-SHARD1-S20264D4910BB8C7-D9825147886,0.9957,01a0a28a-1af8-7812-8cb2-39cbfeb84b77,yes,yes,0,KXMVECROSSCATEGORY-SHARD1-S20264D4910BB8C7-D9825147886,072228a2-7119-9252-b62e-55c0d387c387,1789433355,0.0043
buy,ask,1.02,2026-09-14T21:10:05.425821Z,2,0.005920,072226bf-7601-9c12-6630-79fe1c0595c3,True,KXBTC15M-26SEP141715-15,0.9090,01a0a1c1-73c8-7b88-b120-8fffd188d93e,no,no,0,KXBTC15M-26SEP141715-15,072226bf-7601-9c12-6630-79fe1c0595c3,1789420205,0.0910
buy,bid,313.81,2026-09-14T20:46:57.788712Z,1,1.762980,0722271d-5249-bb97-56df-42349b550a48,True,KXMVECROSSCATEGORY-SHARD1-S202640DE6C908E6-53884D87851,0.0880,01a0a1ac-45e8-707d-b42c-338b36343198,yes,yes,0,KXMVECROSSCATEGORY-SHARD1-S202640DE6C908E6-53884D87851,0722271d-5249-bb97-56df-42349b550a48,1789418817,0.9120
sell,bid,53.93,2026-09-14T20:27:50.604996Z,2,0.022580,072227f1-d0b1-9e4c-9113-9f9f70e78ca8,True,KXBTC15M-26SEP141630-30,0.0060,01a0a19a-c570-79c2-8092-ed3dfc0a43e6,yes,yes,0,KXBTC15M-26SEP141630-30,072227f1-d0b1-9e4c-9113-9f9f70e78ca8,1789417670,0.9940
buy,ask,53.93,2026-09-14T20:26:59.213673Z,2,0.063090,072227fe-1679-ad6b-d39b-f7b7f75fa3f5,True,KXBTC15M-26SEP141630-30,0.0170,01a0a199-fe38-7518-942f-7968d6701501,no,no,0,KXBTC15M-26SEP141630-30,072227fe-1679-ad6b-d39b-f7b7f75fa3f5,1789417619,0.9830
buy,bid,20.59,2026-09-14T20:24:41.775314Z,1,0.358880,072227c8-6f89-8616-018d-8146d6af5b97,True,KXMVECROSSCATEGORY-SHARD1-S2026C1E1364C3B0-243C21907B5,0.5320,01a0a197-e328-7cb0-a6f4-8241e592b7bd,yes,yes,0,KXMVECROSSCATEGORY-SHARD1-S2026C1E1364C3B0-243C21907B5,072227c8-6f89-8616-018d-8146d6af5b97,1789417481,0.4680
buy,bid,0.01,2026-09-14T16:24:24.720076Z,2,0.000050,07222254-7dc1-ad19-2dfd-21736640c507,True,KXBTC15M-26SEP141230-30,0.0150,01a0a0bb-e6c0-765c-ac11-174d4a85dcaa,yes,yes,0,KXBTC15M-26SEP141230-30,07222254-7dc1-ad19-2dfd-21736640c507,1789403064,0.9850
buy,bid,4.54,2026-09-14T16:24:24.720076Z,2,0.004700,07222254-7dc1-a8bb-2092-05b9a83f19e7,True,KXBTC15M-26SEP141230-30,0.0150,01a0a0bb-e6c0-765c-ac11-174d4a85dcaa,yes,yes,0,KXBTC15M-26SEP141230-30,07222254-7dc1-a8bb-2092-05b9a83f19e7,1789403064,0.9850
buy,bid,0.01,2026-09-14T16:24:24.720076Z,2,0.000050,07222254-7dc1-a7e1-1f9d-cc336492b391,True,KXBTC15M-26SEP141230-30,0.0150,01a0a0bb-e6c0-765c-ac11-174d4a85dcaa,yes,yes,0,KXBTC15M-26SEP141230-30,07222254-7dc1-a7e1-1f9d-cc336492b391,1789403064,0.9850
buy,bid,289.00,2026-09-14T16:24:24.720076Z,2,0.298900,07222254-79d9-a85c-25c6-c9d2481513fe,True,KXBTC15M-26SEP141230-30,0.0150,01a0a0bb-e6c0-765c-ac11-174d4a85dcaa,yes,yes,0,KXBTC15M-26SEP141230-30,07222254-79d9-a85c-25c6-c9d2481513fe,1789403064,0.9850
sell,ask,141.02,2026-09-14T05:56:35.207719Z,3,0.097800,0722e788-af09-9e97-07dd-a00898921c73,True,KXITFWMATCH-26SEP13WONHOU-HOU,0.9900,01a09e7d-1e38-79a5-aa7c-11a518544b51,no,no,0,KXITFWMATCH-26SEP13WONHOU-HOU,0722e788-af09-9e97-07dd-a00898921c73,1789365395,0.0100
sell,ask,3.92,2026-09-14T05:56:35.207719Z,3,0.002700,0722e788-a331-956f-3336-e2035f8498b8,True,KXITFWMATCH-26SEP13WONHOU-HOU,0.9900,01a09e7d-1e38-79a5-aa7c-11a518544b51,no,no,0,KXITFWMATCH-26SEP13WONHOU-HOU,0722e788-a331-956f-3336-e2035f8498b8,1789365395,0.0100
buy,bid,144.94,2026-09-14T04:59:05.68282Z,3,2.089100,0722e769-fea1-9898-2941-2c1d66ee8429,True,KXITFWMATCH-26SEP13WONHOU-HOU,0.2900,01a09e48-79a8-7a69-a803-d807ad9cee07,yes,yes,0,KXITFWMATCH-26SEP13WONHOU-HOU,0722e769-fea1-9898-2941-2c1d66ee8429,1789361945,0.7100
buy,bid,0.01,2026-09-14T04:23:46.194455Z,3,0.000100,0722e688-b129-a34d-7880-09da75145aee,True,KXATPCHALLENGERMATCH-26SEP13LOMBAL-LOM,0.1000,01a09e28-2450-77e7-b2df-a4f3a049be97,yes,yes,0,KXATPCHALLENGERMATCH-26SEP13LOMBAL-LOM,0722e688-b129-a34d-7880-09da75145aee,1789359826,0.9000
buy,bid,104.72,2026-09-14T04:23:46.194455Z,3,0.600300,0722e688-b129-a2e2-70bb-fa137d260dd1,True,KXATPCHALLENGERMATCH-26SEP13LOMBAL-LOM,0.0900,01a09e28-2450-77e7-b2df-a4f3a049be97,yes,yes,0,KXATPCHALLENGERMATCH-26SEP13LOMBAL-LOM,0722e688-b129-a2e2-70bb-fa137d260dd1,1789359826,0.9100
buy,bid,0.09,2026-09-14T04:23:46.194455Z,3,0.000600,0722e688-b129-a1c1-4ade-4db74240523d,True,KXATPCHALLENGERMATCH-26SEP13LOMBAL-LOM,0.1000,01a09e28-2450-77e7-b2df-a4f3a049be97,yes,yes,0,KXATPCHALLENGERMATCH-26SEP13LOMBAL-LOM,0722e688-b129-a1c1-4ade-4db74240523d,1789359826,0.9000
sell,bid,6.85,2026-09-14T04:14:19.089852Z,2,0.047000,0722e662-8c71-b440-539e-a866a562b99e,True,KXBTC15M-26SEP140015-15,0.1100,01a09e1f-7d78-71c5-b924-0631a1baa433,yes,yes,0,KXBTC15M-26SEP140015-15,0722e662-8c71-b440-539e-a866a562b99e,1789359259,0.8900
buy,ask,6.85,2026-09-14T04:12:51.154101Z,2,0.116900,0722e666-b731-8aa9-2af3-d5ffd6440d39,True,KXBTC15M-26SEP140015-15,0.4200,01a09e1e-25b8-7ff3-aed4-92db19171b35,no,no,0,KXBTC15M-26SEP140015-15,0722e666-b731-8aa9-2af3-d5ffd6440d39,1789359171,0.5800
sell,bid,0.02,2026-09-14T04:12:35.712846Z,2,0.000400,0722e66a-7bd9-8b79-1ed8-20d9912b132e,True,KXBTC15M-26SEP140015-15,0.3200,01a09e1d-e738-7f39-ad5d-8ca38dac89e1,yes,yes,0,KXBTC15M-26SEP140015-15,0722e66a-7bd9-8b79-1ed8-20d9912b132e,1789359155,0.6800
buy,ask,0.01,2026-09-14T04:10:38.89949Z,2,0.000200,0722e66c-66f1-9b6e-b4c7-2f4dfbb6f9af,True,KXBTC15M-26SEP140015-15,0.2900,01a09e1c-1e30-7a91-8c8e-2322f31a8826,no,no,0,KXBTC15M-26SEP140015-15,0722e66c-66f1-9b6e-b4c7-2f4dfbb6f9af,1789359038,0.7100
buy,ask,0.01,2026-09-14T04:10:38.89949Z,2,0.000100,0722e66c-66f1-9494-ab77-73aa49d56a43,True,KXBTC15M-26SEP140015-15,0.2900,01a09e1c-1e30-7a91-8c8e-2322f31a8826,no,no,0,KXBTC15M-26SEP140015-15,0722e66c-66f1-9494-ab77-73aa49d56a43,1789359038,0.7100
buy,ask,11.00,2026-09-14T03:54:45.584586Z,2,0.043500,0722e63b-c9f1-a6a2-e5c2-af4fa71d5583,True,KXBTCD-26SEP1400-T77599.99,0.9400,01a09e0d-9388-75a5-9f08-ba40157bb58b,no,no,0,KXBTCD-26SEP1400-T77599.99,0722e63b-c9f1-a6a2-e5c2-af4fa71d5583,1789358085,0.0600
buy,ask,87.52,2026-09-14T03:54:45.584586Z,2,0.345500,0722e63b-3e41-aa0e-dfee-7bfac1f604a5,True,KXBTCD-26SEP1400-T77599.99,0.9400,01a09e0d-9388-75a5-9f08-ba40157bb58b,no,no,0,KXBTCD-26SEP1400-T77599.99,0722e63b-3e41-aa0e-dfee-7bfac1f604a5,1789358085,0.0600
buy,ask,92.39,2026-09-14T03:38:23.739698Z,2,0.683000,0722ea04-cdd1-a5da-c202-a7cdcd04a5f3,True,KXBTC15M-26SEP132345-45,0.8800,01a09dfe-9798-7548-9dbd-fbd3cde57f6d,no,no,0,KXBTC15M-26SEP132345-45,0722ea04-cdd1-a5da-c202-a7cdcd04a5f3,1789357103,0.1200
buy,bid,19.32,2026-09-14T03:03:22.775887Z,1,0.338100,0722eaa4-aad1-981f-d51c-96050bece576,True,KXMVECROSSCATEGORY-SHARD1-S20260D0463C27FA-0B22E72E346,0.5000,01a09dde-8890-79b0-9099-7816984103dc,yes,yes,0,KXMVECROSSCATEGORY-SHARD1-S20260D0463C27FA-0B22E72E346,0722eaa4-aad1-981f-d51c-96050bece576,1789355002,0.5000
buy,bid,63.82,2026-09-14T02:45:06.765047Z,1,0.187920,0722eafa-f211-990e-7bf5-57efd4321787,True,KXMVECROSSCATEGORY-SHARD1-S20263CCDE5670B1-1C030332AE1,0.9560,01a09dcd-cf50-7b30-bc4f-07d3d5b53195,yes,yes,0,KXMVECROSSCATEGORY-SHARD1-S20263CCDE5670B1-1C030332AE1,0722eafa-f211-990e-7bf5-57efd4321787,1789353906,0.0440
buy,bid,36.10,2026-09-14T02:18:34.774561Z,1,0.181800,0722eb63-96d1-8ad6-0e9d-91af5b10ee4f,True,KXMVECROSSCATEGORY-SHARD1-S2026C5643D6630E-DEA7FC00D70,0.9220,01a09db5-8490-7c5d-a353-2c16b7a1af8b,yes,yes,0,KXMVECROSSCATEGORY-SHARD1-S2026C5643D6630E-DEA7FC00D70,0722eb63-96d1-8ad6-0e9d-91af5b10ee4f,1789352314,0.0780
sell,ask,13.16,2026-09-14T02:12:10.776301Z,1,0.090960,0722eb11-0ad1-8717-e4e7-5d2694032176,True,KXMVECROSSCATEGORY-SHARD1-S2026DD6F2DD0B12-A50F344425D,0.8890,01a09daf-a890-7ec5-9e8b-7d2bab75aa38,no,no,0,KXMVECROSSCATEGORY-SHARD1-S2026DD6F2DD0B12-A50F344425D,0722eb11-0ad1-8717-e4e7-5d2694032176,1789351930,0.1110
sell,ask,9.23,2026-09-14T02:08:41.76351Z,1,0.079190,0722eb1d-9889-81a9-2242-2d7f320a473d,True,KXMVECROSSCATEGORY-SHARD1-S202607E79B949B7-A577D49F31A,0.8570,01a09dac-7828-7d41-ab12-a0330e860aab,no,no,0,KXMVECROSSCATEGORY-SHARD1-S202607E79B949B7-A577D49F31A,0722eb1d-9889-81a9-2242-2d7f320a473d,1789351721,0.1430
buy,bid,13.16,2026-09-14T01:29:36.764175Z,1,0.156040,0722ebaa-7001-9c11-bbec-4bb6fa80e33f,True,KXMVECROSSCATEGORY-SHARD1-S2026DD6F2DD0B12-A50F344425D,0.7840,01a09d88-b000-7858-8d17-96b162d3b691,yes,yes,0,KXMVECROSSCATEGORY-SHARD1-S2026DD6F2DD0B12-A50F344425D,0722ebaa-7001-9c11-bbec-4bb6fa80e33f,1789349376,0.2160
buy,bid,26.88,2026-09-14T01:28:23.784826Z,1,0.176900,0722eb99-d9b9-aa28-f5b5-5046aafe2c47,True,KXMVECROSSCATEGORY-SHARD1-S20263CCDE5670B1-4FE32D1AA4E,0.8950,01a09d87-92d8-778b-96c3-e3edf0c5f676,yes,yes,0,KXMVECROSSCATEGORY-SHARD1-S20263CCDE5670B1-4FE32D1AA4E,0722eb99-d9b9-aa28-f5b5-5046aafe2c47,1789349303,0.1050
buy,bid,9.23,2026-09-14T00:59:04.783567Z,1,0.138300,0722e8de-54c1-9e41-9f3b-596b8753d2ec,True,KXMVECROSSCATEGORY-SHARD1-S202607E79B949B7-A577D49F31A,0.6900,01a09d6c-bbc0-7a3e-8f10-30585d927d6a,yes,yes,0,KXMVECROSSCATEGORY-SHARD1-S202607E79B949B7-A577D49F31A,0722e8de-54c1-9e41-9f3b-596b8753d2ec,1789347544,0.3100
sell,ask,12.75,2026-09-14T00:56:02.793201Z,1,0.024300,0722e8ce-2791-80ce-1239-2454ceaf42b0,True,KXMVECROSSCATEGORY-SHARD1-S2026047F718745D-146718180A5,0.9720,01a09d69-f4d0-7cf6-a7a1-5196de313a66,no,no,0,KXMVECROSSCATEGORY-SHARD1-S2026047F718745D-146718180A5,0722e8ce-2791-80ce-1239-2454ceaf42b0,1789347362,0.0280
buy,bid,12.75,2026-09-14T00:43:33.796374Z,1,0.154650,0722e824-9b29-b1e4-6b6f-acc71935b532,True,KXMVECROSSCATEGORY-SHARD1-S2026047F718745D-146718180A5,0.7770,01a09d5e-8708-7272-b70c-e5baca5be1c8,yes,yes,0,KXMVECROSSCATEGORY-SHARD1-S2026047F718745D-146718180A5,0722e824-9b29-b1e4-6b6f-acc71935b532,1789346613,0.2230
sell,ask,14.41,2026-09-14T00:40:25.777449Z,1,0.070860,0722e835-0a09-bbf5-3eb7-e069e067955e,True,KXMVECROSSCATEGORY-SHARD1-S2026AFA1CB8DF87-77C1F4196AE,0.9240,01a09d5b-a8a8-71a7-ab42-35b7c51bcc34,no,no,0,KXMVECROSSCATEGORY-SHARD1-S2026AFA1CB8DF87-77C1F4196AE,0722e835-0a09-bbf5-3eb7-e069e067955e,1789346425,0.0760
buy,bid,57.36,2026-09-14T00:29:11.802708Z,1,0.187160,0722e814-20b9-9398-fa2a-01a310c390e1,True,KXMVECROSSCATEGORY-SHARD1-S2026C1D0B5B092F-5E850DB469F,0.9510,01a09d51-5fd8-7a3f-9921-4081bc76135c,yes,yes,0,KXMVECROSSCATEGORY-SHARD1-S2026C1D0B5B092F-5E850DB469F,0722e814-20b9-9398-fa2a-01a310c390e1,1789345751,0.0490
buy,bid,14.41,2026-09-14T00:27:37.763964Z,1,0.159630,0722e870-3209-9cfd-9efc-37b2897a8005,True,KXMVECROSSCATEGORY-SHARD1-S2026AFA1CB8DF87-77C1F4196AE,0.8030,01a09d4f-f0a8-7b06-8f4b-495459f43960,yes,yes,0,KXMVECROSSCATEGORY-SHARD1-S2026AFA1CB8DF87-77C1F4196AE,0722e870-3209-9cfd-9efc-37b2897a8005,1789345657,0.1970
buy,bid,63.82,2026-09-13T23:58:34.816274Z,1,0.187920,0722e9e0-3851-8a48-8403-9448b2761786,True,KXMVECROSSCATEGORY-SHARD1-S2026514B7B7B6F1-1D68C2BA6F8,0.9560,01a09d35-5810-7eb3-8dbb-fd04ebacf546,yes,yes,0,KXMVECROSSCATEGORY-SHARD1-S2026514B7B7B6F1-1D68C2BA6F8,0722e9e0-3851-8a48-8403-9448b2761786,1789343914,0.0440
buy,bid,12.07,2026-09-13T23:25:28.834847Z,1,0.182680,0722e94b-2341-be69-7ea4-c4b6d69364da,True,KXMVECROSSCATEGORY-SHARD1-S20264B026B93AA3-7B5AC437BB6,0.6840,01a09d17-0a40-71f8-b123-b43cb79efeb7,yes,yes,0,KXMVECROSSCATEGORY-SHARD1-S20264B026B93AA3-7B5AC437BB6,0722e94b-2341-be69-7ea4-c4b6d69364da,1789341928,0.3160
buy,bid,30.99,2026-09-13T23:04:27.826685Z,1,0.179510,0722e90c-fd99-9093-7139-0071312d4d9a,True,KXMVECROSSCATEGORY-SHARD1-S20263795C1E33BA-DFFAE30A730,0.9090,01a09d03-cc78-79d6-ba62-ba87eee0517b,yes,yes,0,KXMVECROSSCATEGORY-SHARD1-S20263795C1E33BA-DFFAE30A730,0722e90c-fd99-9093-7139-0071312d4d9a,1789340667,0.0910
buy,bid,6.19,2026-09-13T20:12:20.794005Z,1,0.107870,0722edfe-da21-a0f3-d692-9e4f1c49e630,True,KXMVECROSSCATEGORY-SHARD1-S2026C544334237F-278B124A6CA,0.5330,01a09c66-38a0-77c9-9af9-63d102299c42,yes,yes,0,KXMVECROSSCATEGORY-SHARD1-S2026C544334237F-278B124A6CA,0722edfe-da21-a0f3-d692-9e4f1c49e630,1789330340,0.4670
buy,bid,12.98,2026-09-13T19:53:33.856142Z,1,0.155480,0722ed01-1f69-8b4f-a850-3fdb9fb0ea58,True,KXMVECROSSCATEGORY-SHARD1-S202630700BE1094-F07E12E9847,0.7810,01a09c55-0648-7f45-8f1d-85d3498327d3,yes,yes,0,KXMVECROSSCATEGORY-SHARD1-S202630700BE1094-F07E12E9847,0722ed01-1f69-8b4f-a850-3fdb9fb0ea58,1789329213,0.2190
buy,bid,93.45,2026-09-13T19:45:32.771309Z,1,0.190400,0722ed7b-12e1-9fba-2b05-085f0048c825,True,KXMVECROSSCATEGORY-SHARD1-S202660DF6EE69E2-030952BA017,0.9700,01a09c4d-af60-796d-ab7a-1901f8ac379a,yes,yes,0,KXMVECROSSCATEGORY-SHARD1-S202660DF6EE69E2-030952BA017,0722ed7b-12e1-9fba-2b05-085f0048c825,1789328732,0.0300
buy,bid,11.00,2026-09-13T19:32:32.861529Z,1,0.147800,0722ed46-ea81-ab09-05be-a76849dc86c5,True,KXMVECROSSCATEGORY-SHARD1-S2026A160A6C91DF-4C453AA487E,0.7410,01a09c41-c880-740b-aab4-9a21702be52a,yes,yes,0,KXMVECROSSCATEGORY-SHARD1-S2026A160A6C91DF-4C453AA487E,0722ed46-ea81-ab09-05be-a76849dc86c5,1789327952,0.2590
buy,bid,82.23,2026-09-13T19:11:30.839204Z,1,0.309490,0722ec94-9d91-ac8e-2e0a-e5144fe14617,True,KXMVECROSSCATEGORY-SHARD1-S20262D70EC897AE-2863126C8A4,0.9430,01a09c2e-86d0-74be-a17b-d354a45da1e9,yes,yes,0,KXMVECROSSCATEGORY-SHARD1-S20262D70EC897AE-2863126C8A4,0722ec94-9d91-ac8e-2e0a-e5144fe14617,1789326690,0.0570
buy,bid,10.55,2026-09-13T19:05:33.682041Z,3,0.145600,0722ec8c-f221-94f4-2f2d-a3c7a6526c60,True,KXATPEXACTMATCH-26SEP13ZVESHE-ZVE31,0.7300,01a09c29-1448-79c9-ad68-6834bc6939d5,yes,yes,0,KXATPEXACTMATCH-26SEP13ZVESHE-ZVE31,0722ec8c-f221-94f4-2f2d-a3c7a6526c60,1789326333,0.2700
buy,bid,85.17,2026-09-13T19:03:06.775291Z,1,0.309950,0722ecbd-8e51-9f20-ccf6-1d38838e764e,True,KXMVECROSSCATEGORY-SHARD1-S20264759E4646EE-7FFFC6D5ACE,0.9450,01a09c26-d610-7ab3-9b15-03a9c6c0abe6,yes,yes,0,KXMVECROSSCATEGORY-SHARD1-S20264759E4646EE-7FFFC6D5ACE,0722ecbd-8e51-9f20-ccf6-1d38838e764e,1789326186,0.0550
buy,ask,280.00,2026-09-13T18:53:35.461599Z,0,0.194100,0722ec65-9689-9c17-8a6f-b5bf90886076,True,KXLIGAPORTUGALTOTAL-26SEP13BENGIL-4,0.0100,01a09c1e-1f98-7845-8947-664bac0c9e7b,no,no,0,KXLIGAPORTUGALTOTAL-26SEP13BENGIL-4,0722ec65-9689-9c17-8a6f-b5bf90886076,1789325615,0.9900
buy,bid,41.96,2026-09-13T18:39:24.795788Z,1,0.513840,0722ec55-aee1-a1c6-bc90-5e92d7676c9d,True,KXMVECROSSCATEGORY-SHARD1-S2026AADAA64F089-1D21E0CF0BA,0.7740,01a09c11-2360-7730-8ecf-1c2c14933514,yes,yes,0,KXMVECROSSCATEGORY-SHARD1-S2026AADAA64F089-1D21E0CF0BA,0722ec55-aee1-a1c6-bc90-5e92d7676c9d,1789324764,0.2260
buy,bid,8.98,2026-09-13T18:34:00.77098Z,1,0.153960,0722ec3c-f6c1-ab4f-5eb1-a4d3bddacb00,True,KXMVECROSSCATEGORY-SHARD1-S20268589F7911DF-2EF6146E14B,0.5720,01a09c0c-31c0-7488-b981-4bf5edc7f028,yes,yes,0,KXMVECROSSCATEGORY-SHARD1-S20268589F7911DF-2EF6146E14B,0722ec3c-f6c1-ab4f-5eb1-a4d3bddacb00,1789324440,0.4280
buy,bid,13.01,2026-09-13T18:13:22.797039Z,1,0.168550,0722f41c-7a91-85a6-e10c-c47bebefb860,True,KXMVECROSSCATEGORY-SHARD1-S20261F56BAE3117-B983E25D506,0.2450,01a09bf9-4dd0-7fc7-9a67-456d63d354a4,yes,yes,0,KXMVECROSSCATEGORY-SHARD1-S20261F56BAE3117-B983E25D506,0722f41c-7a91-85a6-e10c-c47bebefb860,1789323202,0.7550
buy,bid,11.33,2026-09-13T18:11:11.768556Z,1,0.087380,0722f42a-7679-8230-fd15-52207cfcd0a6,True,KXMVECROSSCATEGORY-SHARD1-S20261F56BAE3117-B983E25D506,0.1260,01a09bf7-4e18-7f53-9687-de6a0b3ae2f2,yes,yes,0,KXMVECROSSCATEGORY-SHARD1-S20261F56BAE3117-B983E25D506,0722f42a-7679-8230-fd15-52207cfcd0a6,1789323071,0.8740
buy,bid,8.28,2026-09-13T18:01:11.793154Z,1,0.131220,0722f456-bf39-b22a-d4d0-eef848a5ba4d,True,KXMVECROSSCATEGORY-SHARD1-S2026BD91BF5702B-C22C97BCB0F,0.6540,01a09bee-2658-729a-94fc-00ed166a8b1f,yes,yes,0,KXMVECROSSCATEGORY-SHARD1-S2026BD91BF5702B-C22C97BCB0F,0722f456-bf39-b22a-d4d0-eef848a5ba4d,1789322471,0.3460
buy,bid,14.06,2026-09-13T17:39:49.883808Z,1,0.158680,0722f4b0-cca9-b81d-2b05-bb91877d9fc5,True,KXMVECROSSCATEGORY-SHARD1-S202678036AE8CE2-B702A801827,0.7980,01a09bda-9688-73a3-a7cc-3a627ba319e5,yes,yes,0,KXMVECROSSCATEGORY-SHARD1-S202678036AE8CE2-B702A801827,0722f4b0-cca9-b81d-2b05-bb91877d9fc5,1789321189,0.2020
buy,bid,16.38,2026-09-13T17:35:26.806894Z,1,0.164060,0722f48c-dff1-b876-0502-d396ac6cb520,True,KXMVECROSSCATEGORY-SHARD1-S2026C43C085F840-F1133CE2752,0.8270,01a09bd6-9330-716c-a6f8-328e9ffd242c,yes,yes,0,KXMVECROSSCATEGORY-SHARD1-S2026C43C085F840-F1133CE2752,0722f48c-dff1-b876-0502-d396ac6cb520,1789320926,0.1730
buy,bid,74.08,2026-09-13T16:53:12.81551Z,1,1.165380,0722f510-4bc1-a98a-9805-1f8de18694eb,True,KXMVECROSSCATEGORY-SHARD1-S2026139FD7D6EFC-39D1ECA2647,0.3410,01a09baf-e8c0-77a0-8178-406329d7091a,yes,yes,0,KXMVECROSSCATEGORY-SHARD1-S2026139FD7D6EFC-39D1ECA2647,0722f510-4bc1-a98a-9805-1f8de18694eb,1789318392,0.6590
buy,bid,0.61,2026-09-13T16:24:39.332872Z,2,0.007400,0722f5c2-a8e9-9866-30f9-cb6bc7201e29,True,KXBTC15M-26SEP131230-30,0.2200,01a09b95-c558-7be8-a060-afb72ca285bd,yes,yes,0,KXBTC15M-26SEP131230-30,0722f5c2-a8e9-9866-30f9-cb6bc7201e29,1789316679,0.7800
buy,bid,52.96,2026-09-13T16:22:19.946641Z,1,0.917960,0722f5dd-2b99-ba77-57b4-9b2ff775819f,True,KXMVECROSSCATEGORY-SHARD1-S2026D42E10EF7F8-F5F2BF0ECE3,0.4510,01a09b93-a278-714b-b4b7-b6081dbdebc1,yes,yes,0,KXMVECROSSCATEGORY-SHARD1-S2026D42E10EF7F8-F5F2BF0ECE3,0722f5dd-2b99-ba77-57b4-9b2ff775819f,1789316539,0.5490
buy,bid,15.73,2026-09-13T16:12:12.765448Z,1,0.232610,0722f5a3-22e1-a230-cb3b-a58f4c63d95a,True,KXMVECROSSCATEGORY-SHARD1-S20267313EA77440-1D6F6849B67,0.6970,01a09b8a-5f60-757d-95c1-a269235ea09d,yes,yes,0,KXMVECROSSCATEGORY-SHARD1-S20267313EA77440-1D6F6849B67,0722f5a3-22e1-a230-cb3b-a58f4c63d95a,1789315932,0.3030
buy,bid,20.89,2026-09-13T16:09:17.792838Z,1,0.256670,0722f599-7ce9-96d5-d1c6-24f481b1aa82,True,KXMVECROSSCATEGORY-SHARD1-S20267313EA77440-632A69D33D5,0.7730,01a09b87-b3c8-796e-9f0e-370050063da1,yes,yes,0,KXMVECROSSCATEGORY-SHARD1-S20267313EA77440-632A69D33D5,0722f599-7ce9-96d5-d1c6-24f481b1aa82,1789315757,0.2270
buy,bid,11.05,2026-09-13T15:50:49.791237Z,1,0.190150,0722f6ad-e509-8b10-e146-cd4a88020a5b,True,KXMVECROSSCATEGORY-SHARD1-S20267313EA77440-9365B30D61D,0.5650,01a09b76-cba8-7f9a-9232-dc632a15c52b,yes,yes,0,KXMVECROSSCATEGORY-SHARD1-S20267313EA77440-9365B30D61D,0722f6ad-e509-8b10-e146-cd4a88020a5b,1789314649,0.4350
buy,bid,29.46,2026-09-13T15:36:33.790839Z,1,0.451760,0722f6cf-5449-b6c8-8c8c-124a09c3a499,True,KXMVECROSSCATEGORY-SHARD1-S20262280ACB140F-8A933E401D9,0.6760,01a09b69-bbe8-72c7-8599-1fa4817e50e7,yes,yes,0,KXMVECROSSCATEGORY-SHARD1-S20262280ACB140F-8A933E401D9,0722f6cf-5449-b6c8-8c8c-124a09c3a499,1789313793,0.3240
buy,bid,27.64,2026-09-13T14:58:35.801726Z,1,0.177220,0722f65d-1c99-a489-a15d-c98450a2ee61,True,KXMVECROSSCATEGORY-SHARD1-S2026A04A3FDC6F4-828D2D82D53,0.8980,01a09b46-f978-77e4-8a2f-4581845db87a,yes,yes,0,KXMVECROSSCATEGORY-SHARD1-S2026A04A3FDC6F4-828D2D82D53,0722f65d-1c99-a489-a15d-c98450a2ee61,1789311515,0.1020
buy,bid,37.03,2026-09-13T14:52:46.776656Z,1,0.182120,0722f647-3ef1-be1e-17d5-8175343942a2,True,KXMVECROSSCATEGORY-SHARD1-S2026B4B30854E01-DDAEE9FCBF0,0.9240,01a09b41-a630-73c3-aa37-ff15e0d1bfc3,yes,yes,0,KXMVECROSSCATEGORY-SHARD1-S2026B4B30854E01-DDAEE9FCBF0,0722f647-3ef1-be1e-17d5-8175343942a2,1789311166,0.0760
buy,bid,14.77,2026-09-13T14:44:22.766548Z,1,0.226090,0722f7de-20b1-8a02-19f8-612afe7fdc2e,True,KXMVECROSSCATEGORY-SHARD1-S2026FF7E7BD4500-41E0969F1DC,0.6770,01a09b39-f570-7fa9-a8b1-d1585f3386ac,yes,yes,0,KXMVECROSSCATEGORY-SHARD1-S2026FF7E7BD4500-41E0969F1DC,0722f7de-20b1-8a02-19f8-612afe7fdc2e,1789310662,0.3230
buy,bid,23.67,2026-09-13T14:39:06.799234Z,1,0.265200,0722f7e1-af51-9005-a4a7-b94fa8e0e499,True,KXMVECROSSCATEGORY-SHARD1-S202692E8A315476-554F6C1C3F0,0.8000,01a09b35-2310-79ea-8b3c-9bd61895e335,yes,yes,0,KXMVECROSSCATEGORY-SHARD1-S202692E8A315476-554F6C1C3F0,0722f7e1-af51-9005-a4a7-b94fa8e0e499,1789310346,0.2000
buy,bid,65.25,2026-09-13T14:19:49.763536Z,1,1.099800,0722f7ae-95a9-81a7-5dc2-ab6a89e74ea4,True,KXMVECROSSCATEGORY-SHARD1-S202619D3FD2D1DE-0A782D92DB7,0.4040,01a09b23-7b88-7f69-bb9d-5109cced13df,yes,yes,0,KXMVECROSSCATEGORY-SHARD1-S202619D3FD2D1DE-0A782D92DB7,0722f7ae-95a9-81a7-5dc2-ab6a89e74ea4,1789309189,0.5960
buy,bid,21.48,2026-09-13T14:01:51.762588Z,1,0.371860,0722f75f-2af9-841b-f96e-dc0fe282e668,True,KXMVECROSSCATEGORY-SHARD1-S20265371B5A30EB-9ED3627BCD1,0.5520,01a09b13-0898-7fab-963e-22013dd4c8ac,yes,yes,0,KXMVECROSSCATEGORY-SHARD1-S20265371B5A30EB-9ED3627BCD1,0722f75f-2af9-841b-f96e-dc0fe282e668,1789308111,0.4480
sell,ask,16.66,2026-09-13T13:51:09.811403Z,1,0.041620,0722f72d-cfe9-8058-b28a-6f20ccb1f32f,True,KXMVECROSSCATEGORY-SHARD1-S202608EFE683026-99EDE1A49E5,0.9630,01a09b09-3cc8-7d29-8da1-d9a7285eb7fc,no,no,0,KXMVECROSSCATEGORY-SHARD1-S202608EFE683026-99EDE1A49E5,0722f72d-cfe9-8058-b28a-6f20ccb1f32f,1789307469,0.0370
buy,bid,16.66,2026-09-13T13:50:24.775804Z,1,0.283520,0722f72a-b901-95c0-8616-95d1bec9b423,True,KXMVECROSSCATEGORY-SHARD1-S202608EFE683026-99EDE1A49E5,0.4170,01a09b08-8d00-7a1d-8f37-00f034aa24c2,yes,yes,0,KXMVECROSSCATEGORY-SHARD1-S202608EFE683026-99EDE1A49E5,0722f72a-b901-95c0-8616-95d1bec9b423,1789307424,0.5830
sell,ask,11.22,2026-09-13T13:48:08.763792Z,1,0.010160,0722f71f-9ec1-90ad-8974-8125900cf4cd,True,KXMVECROSSCATEGORY-SHARD1-S202663CD3A075FB-AF8B774946F,0.9870,01a09b06-79c0-7bf9-8a21-cd4b755b35e5,no,no,0,KXMVECROSSCATEGORY-SHARD1-S202663CD3A075FB-AF8B774946F,0722f71f-9ec1-90ad-8974-8125900cf4cd,1789307288,0.0130
buy,bid,11.22,2026-09-13T13:33:41.762778Z,1,0.148920,0722f11d-c329-84e8-8a25-174f1d458ec1,True,KXMVECROSSCATEGORY-SHARD1-S202663CD3A075FB-AF8B774946F,0.7460,01a09af9-3f08-7df6-8ce4-333eea823799,yes,yes,0,KXMVECROSSCATEGORY-SHARD1-S202663CD3A075FB-AF8B774946F,0722f11d-c329-84e8-8a25-174f1d458ec1,1789306421,0.2540
buy,bid,46.08,2026-09-13T10:45:39.761928Z,1,0.184820,0722f322-c8d9-872d-5dd1-5d7b45621c4f,True,KXMVECROSSCATEGORY-SHARD1-S202656E43ED3F42-2A0ECB1CC40,0.9390,01a09a5f-6838-7ed9-b222-ab128a4b14c3,yes,yes,0,KXMVECROSSCATEGORY-SHARD1-S202656E43ED3F42-2A0ECB1CC40,0722f322-c8d9-872d-5dd1-5d7b45621c4f,1789296339,0.0610
buy,bid,62.37,2026-09-13T10:28:32.767602Z,1,0.187650,0722f371-4e81-86e9-05e2-541ffd5743bb,True,KXMVECROSSCATEGORY-SHARD1-S202656E43ED3F42-46DA2F258A4,0.9550,01a09a4f-bc80-7fcf-a981-bec5f5684582,yes,yes,0,KXMVECROSSCATEGORY-SHARD1-S202656E43ED3F42-46DA2F258A4,0722f371-4e81-86e9-05e2-541ffd5743bb,1789295312,0.0450
buy,ask,2.00,2026-09-13T08:17:37.548145Z,0,0.034200,0722fe88-ec01-a588-3051-733006e1817d,True,KXK2LEAGUETOTAL-26SEP13JEDGIM-4,0.5800,01a099d7-e0e8-7418-a9d2-c37988dc7f98,no,no,0,KXK2LEAGUETOTAL-26SEP13JEDGIM-4,0722fe88-ec01-a588-3051-733006e1817d,1789287457,0.4200
buy,ask,3.02,2026-09-13T08:17:37.548145Z,0,0.051500,0722fe88-ec01-a50e-35bf-046e006de37c,True,KXK2LEAGUETOTAL-26SEP13JEDGIM-4,0.5800,01a099d7-e0e8-7418-a9d2-c37988dc7f98,no,no,0,KXK2LEAGUETOTAL-26SEP13JEDGIM-4,0722fe88-ec01-a50e-35bf-046e006de37c,1789287457,0.4200
buy,bid,0.78,2026-09-13T08:16:48.830427Z,0,0.007700,0722fe89-7a89-9a03-1985-8053409c5b5f,True,KXKLEAGUE1HSPREAD-26SEP13GISGAW-GIS2,0.1700,01a099d7-2180-7bc9-a535-ed822f7d49da,yes,yes,0,KXKLEAGUE1HSPREAD-26SEP13GISGAW-GIS2,0722fe89-7a89-9a03-1985-8053409c5b5f,1789287408,0.8300
buy,bid,3.00,2026-09-13T08:16:48.830427Z,0,0.036100,0722fe89-7a89-9753-28aa-073af96a04ce,True,KXKLEAGUE1HSPREAD-26SEP13GISGAW-GIS2,0.2200,01a099d7-2180-7bc9-a535-ed822f7d49da,yes,yes,0,KXKLEAGUE1HSPREAD-26SEP13GISGAW-GIS2,0722fe89-7a89-9753-28aa-073af96a04ce,1789287408,0.7800
buy,bid,5.00,2026-09-13T08:16:48.830427Z,0,0.049300,0722fe6a-38e9-9aa4-3537-8655bdbfa756,True,KXKLEAGUE1HSPREAD-26SEP13GISGAW-GIS2,0.1700,01a099d7-2180-7bc9-a535-ed822f7d49da,yes,yes,0,KXKLEAGUE1HSPREAD-26SEP13GISGAW-GIS2,0722fe6a-38e9-9aa4-3537-8655bdbfa756,1789287408,0.8300
buy,bid,2.22,2026-09-13T08:16:48.830427Z,0,0.026700,0722fe6a-38e9-9a1a-1450-2a95f3979a1c,True,KXKLEAGUE1HSPREAD-26SEP13GISGAW-GIS2,0.2200,01a099d7-2180-7bc9-a535-ed822f7d49da,yes,yes,0,KXKLEAGUE1HSPREAD-26SEP13GISGAW-GIS2,0722fe6a-38e9-9a1a-1450-2a95f3979a1c,1789287408,0.7800
buy,bid,3.78,2026-09-13T08:15:19.092866Z,0,0.045500,0722fe61-a989-9262-323b-640e87d0ac48,True,KXKLEAGUE1HSPREAD-26SEP13GISGAW-GIS2,0.2200,01a099d5-c5d8-79d7-acaf-3e24f26c844f,yes,yes,0,KXKLEAGUE1HSPREAD-26SEP13GISGAW-GIS2,0722fe61-a989-9262-323b-640e87d0ac48,1789287319,0.7800
buy,bid,6.56,2026-09-13T07:35:47.139842Z,0,0.113200,0722ff77-c0b1-9f26-7d2d-3c346231e717,True,KXKLEAGUEGAME-26SEP13GISGAW-GIS,0.5600,01a099b1-9438-7988-bf5e-9487a35ee3db,yes,yes,0,KXKLEAGUEGAME-26SEP13GISGAW-GIS,0722ff77-c0b1-9f26-7d2d-3c346231e717,1789284947,0.4400
buy,ask,1.00,2026-09-13T07:11:44.558841Z,2,0.013800,0722fff5-6f01-a398-8d70-442910e8610b,True,KXBTCD-26SEP1304-T77099.99,0.2700,01a0999b-8f80-7662-8dc7-58b3d1a3c392,no,no,0,KXBTCD-26SEP1304-T77099.99,0722fff5-6f01-a398-8d70-442910e8610b,1789283504,0.7300
buy,ask,3.00,2026-09-13T07:11:44.558841Z,2,0.041400,0722fff5-6ae9-aeeb-a0c4-920573159501,True,KXBTCD-26SEP1304-T77099.99,0.2700,01a0999b-8f80-7662-8dc7-58b3d1a3c392,no,no,0,KXBTCD-26SEP1304-T77099.99,0722fff5-6ae9-aeeb-a0c4-920573159501,1789283504,0.7300
buy,ask,10.09,2026-09-13T07:11:44.558841Z,2,0.139200,0722fff5-5a89-a46e-ae30-e06081fd4ac0,True,KXBTCD-26SEP1304-T77099.99,0.2700,01a0999b-8f80-7662-8dc7-58b3d1a3c392,no,no,0,KXBTCD-26SEP1304-T77099.99,0722fff5-5a89-a46e-ae30-e06081fd4ac0,1789283504,0.7300
buy,bid,16.00,2026-09-13T05:57:20.181595Z,0,0.230700,0722fc0a-a619-b7c7-7d13-cc1e2ad80a99,True,KXLOLMAP-26SEP130100HLEGEN-1-GEN,0.7100,01a09957-7200-71ea-be91-77ea00eccfb6,yes,yes,0,KXLOLMAP-26SEP130100HLEGEN-1-GEN,0722fc0a-a619-b7c7-7d13-cc1e2ad80a99,1789279040,0.2900
buy,bid,15.01,2026-09-13T05:53:53.764473Z,1,0.239100,0722fc05-6cc9-9507-9d49-e20e25ba1712,True,KXMVECROSSCATEGORY-SHARD1-S20265240C86B1B3-4EDC5C9376F,0.3500,01a09954-4968-797b-8daf-d541b5253f09,yes,yes,0,KXMVECROSSCATEGORY-SHARD1-S20265240C86B1B3-4EDC5C9376F,0722fc05-6cc9-9507-9d49-e20e25ba1712,1789278833,0.6500
buy,bid,96.27,2026-09-13T05:25:44.764361Z,1,0.845010,0722fdd0-8cc1-8d16-badd-972b63329bda,True,KXMVECROSSCATEGORY-SHARD1-S2026DD1122D0053-0E4A64FDCAB,0.8530,01a0993a-83c0-7edc-86b1-0594ae963bd8,yes,yes,0,KXMVECROSSCATEGORY-SHARD1-S2026DD1122D0053-0E4A64FDCAB,0722fdd0-8cc1-8d16-badd-972b63329bda,1789277144,0.1470
sell,ask,42.33,2026-09-13T05:22:12.762746Z,1,0.075080,0722fdea-5921-bed0-9477-4846a56252a4,True,KXMVECROSSCATEGORY-SHARD1-S202665547103F22-1597310DD24,0.9740,01a09937-47a0-7111-8f35-a0943e843d48,no,no,0,KXMVECROSSCATEGORY-SHARD1-S202665547103F22-1597310DD24,0722fdea-5921-bed0-9477-4846a56252a4,1789276932,0.0260
buy,bid,57.12,2026-09-13T05:14:40.763314Z,1,0.862800,0722fdf1-ea01-bc69-fcdb-d87db6cf5e58,True,KXMVECROSSCATEGORY-SHARD1-S2026C88DE900E26-40A77A2BDB6,0.3150,01a09930-6200-70f3-99ec-def17920320b,yes,yes,0,KXMVECROSSCATEGORY-SHARD1-S2026C88DE900E26-40A77A2BDB6,0722fdf1-ea01-bc69-fcdb-d87db6cf5e58,1789276480,0.6850
buy,bid,42.33,2026-09-13T04:52:27.775843Z,1,0.515080,0722fd6c-2119-82db-ed77-2b0bb47e4181,True,KXMVECROSSCATEGORY-SHARD1-S202665547103F22-1597310DD24,0.7760,01a0991c-0af8-7e52-9c30-117654781c24,yes,yes,0,KXMVECROSSCATEGORY-SHARD1-S202665547103F22-1597310DD24,0722fd6c-2119-82db-ed77-2b0bb47e4181,1789275147,0.2240
buy,bid,30.84,2026-09-13T04:43:12.762721Z,1,0.279780,0722fd5d-df01-91b6-be08-71351e2b1dcb,True,KXMVECROSSCATEGORY-SHARD1-S202665547103F22-07A3249C371,0.8470,01a09913-9300-784a-8e36-569c5f37d255,yes,yes,0,KXMVECROSSCATEGORY-SHARD1-S202665547103F22-07A3249C371,0722fd5d-df01-91b6-be08-71351e2b1dcb,1789274592,0.1530
buy,bid,45.65,2026-09-13T04:40:43.774357Z,1,0.778950,0722fd54-7f19-ab11-cfda-86aec916f1db,True,KXMVECROSSCATEGORY-SHARD1-S202665547103F22-07A3249C371,0.5790,01a09911-4cf8-74b0-9371-2295bd1ef399,yes,yes,0,KXMVECROSSCATEGORY-SHARD1-S202665547103F22-07A3249C371,0722fd54-7f19-ab11-cfda-86aec916f1db,1789274443,0.4210
buy,bid,19.98,2026-09-13T04:24:19.762998Z,1,0.349260,0722fd0b-6dd9-8bc4-e461-8f44017c5605,True,KXMVECROSSCATEGORY-SHARD1-S2026F748A987587-E636075EAC9,0.5170,01a09902-4938-7c1c-970c-12008311d0a9,yes,yes,0,KXMVECROSSCATEGORY-SHARD1-S2026F748A987587-E636075EAC9,0722fd0b-6dd9-8bc4-e461-8f44017c5605,1789273459,0.4830
buy,bid,24.52,2026-09-13T04:04:09.765148Z,1,0.408780,0722fb50-9809-a4c3-d691-e4bf6f3e4c9a,True,KXMVECROSSCATEGORY-SHARD1-S202687E5C006D44-76AE5678F72,0.6090,01a098ef-d2a8-75ff-9296-ef91eae1ca9f,yes,yes,0,KXMVECROSSCATEGORY-SHARD1-S202687E5C006D44-76AE5678F72,0722fb50-9809-a4c3-d691-e4bf6f3e4c9a,1789272249,0.3910
buy,bid,23.70,2026-09-13T03:58:43.790715Z,1,0.392500,0722fb41-bdd9-a75e-6121-850f6861c13b,True,KXMVECROSSCATEGORY-SHARD1-S2026A2BCFE67818-1DAE366F2E1,0.3840,01a098ea-d938-7656-bf69-eb4f83a50d4d,yes,yes,0,KXMVECROSSCATEGORY-SHARD1-S2026A2BCFE67818-1DAE366F2E1,0722fb41-bdd9-a75e-6121-850f6861c13b,1789271923,0.6160
sell,ask,17.29,2026-09-13T03:31:25.772939Z,1,0.005737,0722fb96-b1e9-b3e1-e586-7311aa8e41e7,True,KXMVECROSSCATEGORY-SHARD1-S20265865A7372A8-1C99F5D1661,0.0047,01a098d1-dac8-706b-94d0-9b485cd864af,no,no,0,KXMVECROSSCATEGORY-SHARD1-S20265865A7372A8-1C99F5D1661,0722fb96-b1e9-b3e1-e586-7311aa8e41e7,1789270285,0.9953
buy,bid,42.33,2026-09-13T03:26:24.788382Z,1,0.515080,0722fbf8-4f01-bb75-0a1c-29938e713f97,True,KXMVECROSSCATEGORY-SHARD1-S20266D895CC1E1D-05F5C2948EA,0.7760,01a098cd-4300-73e0-a21d-7156d1c221de,yes,yes,0,KXMVECROSSCATEGORY-SHARD1-S20266D895CC1E1D-05F5C2948EA,0722fbf8-4f01-bb75-0a1c-29938e713f97,1789269984,0.2240
buy,bid,44.90,2026-09-13T03:06:21.785528Z,1,0.523300,0722fa51-78e9-9c91-ccf1-141ed09fc196,True,KXMVECROSSCATEGORY-SHARD1-S2026E289D1FCE7C-1BDDA801BC1,0.7890,01a098ba-e7c8-7b4a-9feb-6b76da2f3749,yes,yes,0,KXMVECROSSCATEGORY-SHARD1-S2026E289D1FCE7C-1BDDA801BC1,0722fa51-78e9-9c91-ccf1-141ed09fc196,1789268781,0.2110
buy,bid,17.29,2026-09-13T02:59:00.776628Z,1,0.298110,0722fa64-99a1-a94e-6934-f164d2bb1b4c,True,KXMVECROSSCATEGORY-SHARD1-S20265865A7372A8-1C99F5D1661,0.4390,01a098b4-2d20-7503-b7ab-0fa58e03ef2a,yes,yes,0,KXMVECROSSCATEGORY-SHARD1-S20265865A7372A8-1C99F5D1661,0722fa64-99a1-a94e-6934-f164d2bb1b4c,1789268340,0.5610
buy,bid,16.21,2026-09-13T02:58:04.090753Z,0,0.272400,0722fa7f-90c9-8b1e-68c3-f3a90730c9a5,True,KXLIGAMXGAME-26SEP13MONTIG-TIE,0.4000,01a098b3-5260-7e6b-b835-fdadeb7a49fa,yes,yes,0,KXLIGAMXGAME-26SEP13MONTIG-TIE,0722fa7f-90c9-8b1e-68c3-f3a90730c9a5,1789268284,0.6000
buy,bid,22.31,2026-09-13T02:56:56.765927Z,1,0.382990,0722fa7b-6bc1-beef-f797-08f2f17d8d49,True,KXMVECROSSCATEGORY-SHARD1-S20265658DFA5DE2-38B04AC1A2C,0.5690,01a098b2-48c0-7280-951d-1d0f696d89bc,yes,yes,0,KXMVECROSSCATEGORY-SHARD1-S20265658DFA5DE2-38B04AC1A2C,0722fa7b-6bc1-beef-f797-08f2f17d8d49,1789268216,0.4310
buy,bid,14.18,2026-09-13T02:54:42.787511Z,1,0.212400,0722fa70-c811-ba74-df12-dddc259fa21e,True,KXMVECROSSCATEGORY-SHARD1-S20268E2455D4EA0-FEC0E956C3A,0.3100,01a098b0-3d50-70de-90b3-dc6b01794ce8,yes,yes,0,KXMVECROSSCATEGORY-SHARD1-S20268E2455D4EA0-FEC0E956C3A,0722fa70-c811-ba74-df12-dddc259fa21e,1789268082,0.6900
sell,ask,112.04,2026-09-13T02:47:46.764106Z,1,0.250280,0722fa0e-7511-9d6f-9aea-49fb67126f37,True,KXMVECROSSCATEGORY-SHARD1-S20269B4AA4E1C2F-710A72C29C1,0.0330,01a098a9-e450-7919-831b-0aadbfe5bb08,no,no,0,KXMVECROSSCATEGORY-SHARD1-S20269B4AA4E1C2F-710A72C29C1,0722fa0e-7511-9d6f-9aea-49fb67126f37,1789267666,0.9670
buy,bid,112.04,2026-09-13T02:31:39.775966Z,1,1.853420,0722faf7-a919-acfc-3293-374959b32ab4,True,KXMVECROSSCATEGORY-SHARD1-S20269B4AA4E1C2F-710A72C29C1,0.3830,01a0989b-22f8-75f0-a18b-3f0eb882f758,yes,yes,0,KXMVECROSSCATEGORY-SHARD1-S20269B4AA4E1C2F-710A72C29C1,0722faf7-a919-acfc-3293-374959b32ab4,1789266699,0.6170
buy,bid,75.10,2026-09-13T02:27:07.782499Z,1,0.993600,0722facd-0d99-a164-74e5-88705425ea4b,True,KXMVECROSSCATEGORY-SHARD1-S20263C3580FC9D1-9BBC5FC9836,0.7470,01a09896-fc78-7547-b6c8-5dd5795adec9,yes,yes,0,KXMVECROSSCATEGORY-SHARD1-S20263C3580FC9D1-9BBC5FC9836,0722facd-0d99-a164-74e5-88705425ea4b,1789266427,0.2530
buy,bid,91.25,2026-09-12T22:19:23.903244Z,0,0.303500,0722c964-bd31-ad8c-2541-043faf532908,True,KXARGPREMDIVGAME-26SEP12TUCRIV-RIV,0.0500,01a097b4-2df8-77de-a848-80c7b8ee996e,yes,yes,0,KXARGPREMDIVGAME-26SEP12TUCRIV-RIV,0722c964-bd31-ad8c-2541-043faf532908,1789251563,0.9500
sell,ask,109.84,2026-09-12T22:19:09.462278Z,0,0.365300,0722c97c-3259-b56d-1fcf-d269d9bd5d57,True,KXARGPREMDIVGAME-26SEP12TUCRIV-TIE,0.9500,01a097b3-f748-7194-a9d0-2fd08eaf863f,no,no,0,KXARGPREMDIVGAME-26SEP12TUCRIV-TIE,0722c97c-3259-b56d-1fcf-d269d9bd5d57,1789251549,0.0500
sell,ask,24.28,2026-09-12T22:19:09.462278Z,0,0.080700,0722c97c-3259-b019-13ca-1fac404c0026,True,KXARGPREMDIVGAME-26SEP12TUCRIV-TIE,0.9500,01a097b3-f748-7194-a9d0-2fd08eaf863f,no,no,0,KXARGPREMDIVGAME-26SEP12TUCRIV-TIE,0722c97c-3259-b019-13ca-1fac404c0026,1789251549,0.0500
buy,bid,134.12,2026-09-12T22:19:02.442832Z,0,0.611200,0722c97c-bbe1-a099-9ca9-6906f6a60725,True,KXARGPREMDIVGAME-26SEP12TUCRIV-TIE,0.9300,01a097b3-dbf0-7683-8cbb-b27ede85f046,yes,yes,0,KXARGPREMDIVGAME-26SEP12TUCRIV-TIE,0722c97c-bbe1-a099-9ca9-6906f6a60725,1789251542,0.0700
buy,bid,20.05,2026-09-12T20:33:44.821678Z,1,0.349550,0722ca1e-a541-8e91-4e15-b4e451501915,True,KXMVECROSSCATEGORY-SHARD1-S2026A32D10D9C8E-B2F62A584E6,0.4690,01a09753-7440-7d05-bede-547d52d06811,yes,yes,0,KXMVECROSSCATEGORY-SHARD1-S2026A32D10D9C8E-B2F62A584E6,0722ca1e-a541-8e91-4e15-b4e451501915,1789245224,0.5310
buy,bid,69.83,2026-09-12T20:22:03.82385Z,1,0.570850,0722ca6b-c619-953b-a64b-be6d15d34cf7,True,KXMVECROSSCATEGORY-SHARD1-S2026ED2C5D4A79A-DFD5DF9518F,0.8650,01a09748-c1f8-7801-81d8-316e7a11c017,yes,yes,0,KXMVECROSSCATEGORY-SHARD1-S2026ED2C5D4A79A-DFD5DF9518F,0722ca6b-c619-953b-a64b-be6d15d34cf7,1789244523,0.1350
sell,ask,170.35,2026-09-12T20:21:19.807489Z,1,0.313350,0722ca68-4e79-9f64-6a19-f626395e5d3e,True,KXMVECROSSCATEGORY-SHARD1-S20267387CB16B1F-6D5A5A591A9,0.9730,01a09748-1618-7981-be57-939c7d56370e,no,no,0,KXMVECROSSCATEGORY-SHARD1-S20267387CB16B1F-6D5A5A591A9,0722ca68-4e79-9f64-6a19-f626395e5d3e,1789244479,0.0270
sell,ask,187.26,2026-09-12T20:21:05.788905Z,1,0.418380,0722ca58-a2c9-935f-7446-5153b711ba84,True,KXMVECROSSCATEGORY-SHARD1-S2026014C210ECC6-6A9C49D490C,0.9670,01a09747-df68-78f7-b277-bb5ff1b4fc55,no,no,0,KXMVECROSSCATEGORY-SHARD1-S2026014C210ECC6-6A9C49D490C,0722ca58-a2c9-935f-7446-5153b711ba84,1789244465,0.0330
buy,bid,170.35,2026-09-12T20:15:40.774487Z,1,0.619850,0722ca49-4e61-bbb2-ad3c-9e67980f1116,True,KXMVECROSSCATEGORY-SHARD1-S20267387CB16B1F-6D5A5A591A9,0.9450,01a09742-e9e0-7374-8382-d8c3375a2c1d,yes,yes,0,KXMVECROSSCATEGORY-SHARD1-S20267387CB16B1F-6D5A5A591A9,0722ca49-4e61-bbb2-ad3c-9e67980f1116,1789244140,0.0550
sell,ask,434.57,2026-09-12T20:13:57.799563Z,1,0.625470,0722ca44-09a9-be83-3a5b-a7253e52c5ef,True,KXMVECROSSCATEGORY-SHARD1-S2026014C210ECC6-6F67C78F279,0.9790,01a09741-5788-72e8-a9ea-79762cca306a,no,no,0,KXMVECROSSCATEGORY-SHARD1-S2026014C210ECC6-6F67C78F279,0722ca44-09a9-be83-3a5b-a7253e52c5ef,1789244037,0.0210
buy,bid,187.26,2026-09-12T20:13:03.81053Z,1,0.622700,0722ca42-96f9-8236-e066-ae34692fb9f1,True,KXMVECROSSCATEGORY-SHARD1-S2026014C210ECC6-6A9C49D490C,0.9500,01a09740-8498-7c0f-97d5-7ada6f13fd46,yes,yes,0,KXMVECROSSCATEGORY-SHARD1-S2026014C210ECC6-6A9C49D490C,0722ca42-96f9-8236-e066-ae34692fb9f1,1789243983,0.0500
buy,bid,211.86,2026-09-12T20:12:08.817905Z,1,0.319180,0722cbc1-1ac1-a089-fb97-8c4877ec632b,True,KXMVECROSSCATEGORY-SHARD1-S2026014C210ECC6-6F67C78F279,0.9780,01a0973f-adc0-76b2-96b6-25b27b36e47a,yes,yes,0,KXMVECROSSCATEGORY-SHARD1-S2026014C210ECC6-6F67C78F279,0722cbc1-1ac1-a089-fb97-8c4877ec632b,1789243928,0.0220
buy,bid,222.71,2026-09-12T20:06:31.789337Z,1,0.627280,0722cbd0-ac39-814c-5d41-f3822515d15e,True,KXMVECROSSCATEGORY-SHARD1-S2026014C210ECC6-6F67C78F279,0.9580,01a0973a-8958-7eb2-b499-00d5ec5d369a,yes,yes,0,KXMVECROSSCATEGORY-SHARD1-S2026014C210ECC6-6F67C78F279,0722cbd0-ac39-814c-5d41-f3822515d15e,1789243591,0.0420
sell,ask,11.57,2026-09-12T20:05:19.79233Z,1,0.181010,0722cbdc-b079-b549-dce9-04ebb5045ed3,True,KXMVECROSSCATEGORY-SHARD1-S20260D52C84D7C7-B4792D7FFBF,0.3370,01a09739-7018-705b-967e-cfe093eaa279,no,no,0,KXMVECROSSCATEGORY-SHARD1-S20260D52C84D7C7-B4792D7FFBF,0722cbdc-b079-b549-dce9-04ebb5045ed3,1789243519,0.6630
sell,ask,467.28,2026-09-12T20:04:44.777213Z,1,0.578240,0722cbdb-7ae1-af41-3464-ace3ad7b4753,True,KXMVECROSSCATEGORY-SHARD1-S2026014C210ECC6-8CEA4631C1B,0.9820,01a09738-e760-7642-aa11-905febae92d1,no,no,0,KXMVECROSSCATEGORY-SHARD1-S2026014C210ECC6-8CEA4631C1B,0722cbdb-7ae1-af41-3464-ace3ad7b4753,1789243484,0.0180
buy,bid,467.28,2026-09-12T20:03:24.810493Z,1,0.641200,0722cbe9-1561-a4b4-5b4b-0914421994c1,True,KXMVECROSSCATEGORY-SHARD1-S2026014C210ECC6-8CEA4631C1B,0.9800,01a09737-aee0-75c6-b294-4b3ac21faf94,yes,yes,0,KXMVECROSSCATEGORY-SHARD1-S2026014C210ECC6-8CEA4631C1B,0722cbe9-1561-a4b4-5b4b-0914421994c1,1789243404,0.0200
buy,bid,11.57,2026-09-12T19:45:17.878656Z,1,0.100450,0722cbbb-7be9-b341-0693-3cd39455a78d,True,KXMVECROSSCATEGORY-SHARD1-S20260D52C84D7C7-B4792D7FFBF,0.1450,01a09727-18c8-71c5-a027-442e6fc62831,yes,yes,0,KXMVECROSSCATEGORY-SHARD1-S20260D52C84D7C7-B4792D7FFBF,0722cbbb-7be9-b341-0693-3cd39455a78d,1789242317,0.8550
buy,bid,207.90,2026-09-12T19:32:37.796571Z,1,0.625500,0722cb75-8029-b72c-06c1-46bab7fc76f9,True,KXMVECROSSCATEGORY-SHARD1-S2026DA7B49F7430-1345160C677,0.9550,01a0971b-8008-71a7-a52d-b3656af88328,yes,yes,0,KXMVECROSSCATEGORY-SHARD1-S2026DA7B49F7430-1345160C677,0722cb75-8029-b72c-06c1-46bab7fc76f9,1789241557,0.0450
buy,bid,42.77,2026-09-12T19:27:46.305117Z,2,0.741000,0722cb4a-c689-98fb-3a61-9711c8847b61,True,KXBTC15M-26SEP121530-30,0.5500,01a09717-0f50-7a65-aba5-87a255d75f82,yes,yes,0,KXBTC15M-26SEP121530-30,0722cb4a-c689-98fb-3a61-9711c8847b61,1789241266,0.4500
buy,bid,62.83,2026-09-12T19:02:22.285651Z,2,1.036200,0722cd00-fab9-ade9-8049-a754a7b811a4,True,KXBTC15M-26SEP121515-15,0.3800,01a096ff-ce30-774f-8fba-37a05925c2dd,yes,yes,0,KXBTC15M-26SEP121515-15,0722cd00-fab9-ade9-8049-a754a7b811a4,1789239742,0.6200
sell,ask,6.68,2026-09-12T18:41:34.924764Z,2,0.056300,0722cd5f-cff1-9d18-2d0b-c541c83439da,True,KXBTC15M-26SEP121445-45,0.8600,01a096ec-c330-7bdb-a6fc-c53f723336a7,no,no,0,KXBTC15M-26SEP121445-45,0722cd5f-cff1-9d18-2d0b-c541c83439da,1789238494,0.1400
buy,bid,6.68,2026-09-12T18:31:35.260021Z,2,0.103400,0722cd6d-eae9-b4c7-1616-ef57dae473b6,True,KXBTC15M-26SEP121445-45,0.6700,01a096e3-9f58-700c-abc5-0dff54d052b8,yes,yes,0,KXBTC15M-26SEP121445-45,0722cd6d-eae9-b4c7-1616-ef57dae473b6,1789237895,0.3300
buy,ask,1.00,2026-09-12T18:20:29.10363Z,2,0.016400,0722cdbc-a2e9-a976-c0b3-88a93d736f20,True,KXBTC15M-26SEP121430-30,0.6300,01a096d9-75c8-74c2-940a-31b1eda954c9,no,no,0,KXBTC15M-26SEP121430-30,0722cdbc-a2e9-a976-c0b3-88a93d736f20,1789237229,0.3700
buy,ask,151.40,2026-09-12T18:20:29.10363Z,2,2.470400,0722cdbc-a2e9-a8c7-e726-e90958432a40,True,KXBTC15M-26SEP121430-30,0.6300,01a096d9-75c8-74c2-940a-31b1eda954c9,no,no,0,KXBTC15M-26SEP121430-30,0722cdbc-a2e9-a8c7-e726-e90958432a40,1789237229,0.3700
buy,ask,71.25,2026-09-12T18:19:12.192375Z,2,0.983100,0722cdb9-1179-9970-47bf-95a7e7faf6fe,True,KXBTC15M-26SEP121430-30,0.7300,01a096d8-4900-7bf3-b8ef-450ef4c5f0e9,no,no,0,KXBTC15M-26SEP121430-30,0722cdb9-1179-9970-47bf-95a7e7faf6fe,1789237152,0.2700
buy,ask,150.35,2026-09-12T18:14:35.093168Z,2,0.021100,0722cd96-8ee1-8c4e-e310-771278baa49f,True,KXBTC15M-26SEP121415-15,0.9980,01a096d4-0ef8-7e33-9ad8-a984fac83c08,no,no,0,KXBTC15M-26SEP121415-15,0722cd96-8ee1-8c4e-e310-771278baa49f,1789236875,0.0020
buy,bid,16.02,2026-09-12T18:10:40.77766Z,1,0.163360,0722cd91-9d01-a55e-65e3-c04c146f0de4,True,KXMVECROSSCATEGORY-SHARD1-S2026D9677B2A045-F379E8256FB,0.8230,01a096d0-7900-7449-b9df-aac4718a3de3,yes,yes,0,KXMVECROSSCATEGORY-SHARD1-S2026D9677B2A045-F379E8256FB,0722cd91-9d01-a55e-65e3-c04c146f0de4,1789236640,0.1770
buy,ask,47.20,2026-09-12T17:58:09.705106Z,2,0.237600,0722cdd1-0ec9-b69a-fff7-034187befa62,True,KXBTC15M-26SEP121400-00,0.9220,01a096c5-0368-7140-9a28-abaf612c715e,no,no,0,KXBTC15M-26SEP121400-00,0722cdd1-0ec9-b69a-fff7-034187befa62,1789235889,0.0780
buy,ask,59.15,2026-09-12T17:58:09.705106Z,2,0.297800,0722cdd1-0ec9-b4dc-cd09-2235ab1734ab,True,KXBTC15M-26SEP121400-00,0.9220,01a096c5-0368-7140-9a28-abaf612c715e,no,no,0,KXBTC15M-26SEP121400-00,0722cdd1-0ec9-b4dc-cd09-2235ab1734ab,1789235889,0.0780
buy,ask,36.76,2026-09-12T17:53:57.574422Z,2,0.202260,0722cdc5-b371-b69b-95d4-3322661d7880,True,KXBTC15M-26SEP121400-00,0.9140,01a096c1-2b08-73ac-8810-0813e850f8ae,no,no,0,KXBTC15M-26SEP121400-00,0722cdc5-b371-b69b-95d4-3322661d7880,1789235637,0.0860
buy,ask,0.01,2026-09-12T17:53:57.574422Z,2,0.000070,0722cdc5-8729-b989-a2d2-f4f7c2782d84,True,KXBTC15M-26SEP121400-00,0.9130,01a096c1-2b08-73ac-8810-0813e850f8ae,no,no,0,KXBTC15M-26SEP121400-00,0722cdc5-8729-b989-a2d2-f4f7c2782d84,1789235637,0.0870
buy,ask,0.01,2026-09-12T17:53:57.574422Z,2,0.000070,0722cdc5-8729-b20e-93dc-d8378de84510,True,KXBTC15M-26SEP121400-00,0.9130,01a096c1-2b08-73ac-8810-0813e850f8ae,no,no,0,KXBTC15M-26SEP121400-00,0722cdc5-8729-b20e-93dc-d8378de84510,1789235637,0.0870
buy,ask,3.27,2026-09-12T17:53:33.340328Z,2,0.018800,0722cdc3-f869-bc0d-d610-7f346ff91398,True,KXBTC15M-26SEP121400-00,0.9100,01a096c0-cd48-70fb-99c6-967bfb4ab252,no,no,0,KXBTC15M-26SEP121400-00,0722cdc3-f869-bc0d-d610-7f346ff91398,1789235613,0.0900
buy,ask,4.00,2026-09-12T17:53:07.076673Z,2,0.041400,0722cdc1-fd31-ba18-c359-d2f107f59619,True,KXBTC15M-26SEP121400-00,0.8200,01a096c0-67b8-7110-977f-6b22e2270e3b,no,no,0,KXBTC15M-26SEP121400-00,0722cdc1-fd31-ba18-c359-d2f107f59619,1789235587,0.1800
buy,ask,4.18,2026-09-12T17:53:07.076673Z,2,0.043100,0722cdc1-fd31-b65a-f953-2363fab26edd,True,KXBTC15M-26SEP121400-00,0.8200,01a096c0-67b8-7110-977f-6b22e2270e3b,no,no,0,KXBTC15M-26SEP121400-00,0722cdc1-fd31-b65a-f953-2363fab26edd,1789235587,0.1800
buy,ask,0.25,2026-09-12T17:53:07.076673Z,2,0.002600,0722cdc1-c109-b19d-c28b-d14160c5a569,True,KXBTC15M-26SEP121400-00,0.8200,01a096c0-67b8-7110-977f-6b22e2270e3b,no,no,0,KXBTC15M-26SEP121400-00,0722cdc1-c109-b19d-c28b-d14160c5a569,1789235587,0.1800
buy,bid,6.15,2026-09-12T17:50:41.957901Z,0,0.107300,0722cc43-4f49-b5df-6d29-946782fe93e3,True,KXEPLGAME-26SEP12TOTEVE-TIE,0.5300,01a096be-2d68-737f-b309-33648bd20ea6,yes,yes,0,KXEPLGAME-26SEP12TOTEVE-TIE,0722cc43-4f49-b5df-6d29-946782fe93e3,1789235441,0.4700
buy,bid,22.92,2026-09-12T17:25:32.786188Z,1,0.188620,0722cc3b-bd61-a8dc-0065-d9b09936d0e6,True,KXMVECROSSCATEGORY-SHARD1-S202695E641A2433-151622CC19D,0.1360,01a096a7-26e0-75b3-a8b2-9003ea83a5bc,yes,yes,0,KXMVECROSSCATEGORY-SHARD1-S202695E641A2433-151622CC19D,0722cc3b-bd61-a8dc-0065-d9b09936d0e6,1789233932,0.8640
sell,ask,6.06,2026-09-12T17:21:45.764565Z,1,0.004200,0722cc2d-7089-a00f-626f-ea92b58c74e8,True,KXMVECROSSCATEGORY-SHARD1-S20260BBFC219AAB-1ACDFAD9A10,0.0100,01a096a3-b028-7523-b017-0e1793aaa078,no,no,0,KXMVECROSSCATEGORY-SHARD1-S20260BBFC219AAB-1ACDFAD9A10,0722cc2d-7089-a00f-626f-ea92b58c74e8,1789233705,0.9900
buy,bid,10.20,2026-09-12T16:56:02.172886Z,0,0.144000,0722cecf-9781-beab-6bcf-dbc2033291aa,True,KXEPLGAME-26SEP12TOTEVE-TIE,0.7200,01a0968c-24d0-72bc-be10-7a3abcd901d5,yes,yes,0,KXEPLGAME-26SEP12TOTEVE-TIE,0722cecf-9781-beab-6bcf-dbc2033291aa,1789232162,0.2800
buy,bid,6.06,2026-09-12T16:47:18.771651Z,1,0.105880,0722cc94-b231-8d10-e8a3-287faee61688,True,KXMVECROSSCATEGORY-SHARD1-S20260BBFC219AAB-1ACDFAD9A10,0.5230,01a09684-25f0-7ceb-920a-c13a0c8ee92b,yes,yes,0,KXMVECROSSCATEGORY-SHARD1-S20260BBFC219AAB-1ACDFAD9A10,0722cc94-b231-8d10-e8a3-287faee61688,1789231638,0.4770
buy,bid,10.17,2026-09-12T16:36:56.351063Z,2,0.140400,0722cf90-0559-af2b-8660-326daff5cbcd,True,KXBTC15M-26SEP121245-45,0.7300,01a0967a-a840-77d8-802a-9b99c73cb1df,yes,yes,0,KXBTC15M-26SEP121245-45,0722cf90-0559-af2b-8660-326daff5cbcd,1789231016,0.2700
buy,bid,0.01,2026-09-12T15:59:23.856746Z,2,0.000120,0722cf39-5a99-bf43-8dcf-a90338604126,True,KXBTC15M-26SEP121200-00,0.9020,01a09658-4778-71b9-8ed7-278f09e22df2,yes,yes,0,KXBTC15M-26SEP121200-00,0722cf39-5a99-bf43-8dcf-a90338604126,1789228763,0.0980
buy,bid,0.01,2026-09-12T15:59:23.856746Z,2,0.000030,0722cf39-5a99-be05-9d06-788c744e177e,True,KXBTC15M-26SEP121200-00,0.9030,01a09658-4778-71b9-8ed7-278f09e22df2,yes,yes,0,KXBTC15M-26SEP121200-00,0722cf39-5a99-be05-9d06-788c744e177e,1789228763,0.0970
buy,bid,44.37,2026-09-12T15:59:23.856746Z,2,0.274540,0722cf39-5a99-bcb0-8965-f1645e33a2fc,True,KXBTC15M-26SEP121200-00,0.9020,01a09658-4778-71b9-8ed7-278f09e22df2,yes,yes,0,KXBTC15M-26SEP121200-00,0722cf39-5a99-bcb0-8965-f1645e33a2fc,1789228763,0.0980
buy,bid,21.16,2026-09-12T15:59:23.856746Z,2,0.130920,0722cf39-5a99-b9fe-91cd-c643430c309e,True,KXBTC15M-26SEP121200-00,0.9020,01a09658-4778-71b9-8ed7-278f09e22df2,yes,yes,0,KXBTC15M-26SEP121200-00,0722cf39-5a99-b9fe-91cd-c643430c309e,1789228763,0.0980
buy,bid,30.35,2026-09-12T15:59:23.856746Z,2,0.186150,0722cf39-5a99-b771-85ae-337a3e2c5518,True,KXBTC15M-26SEP121200-00,0.9030,01a09658-4778-71b9-8ed7-278f09e22df2,yes,yes,0,KXBTC15M-26SEP121200-00,0722cf39-5a99-b771-85ae-337a3e2c5518,1789228763,0.0970
buy,bid,0.01,2026-09-12T15:59:23.856746Z,2,0.000020,0722cf39-5a99-b129-8924-a7a68aa220be,True,KXBTC15M-26SEP121200-00,0.9020,01a09658-4778-71b9-8ed7-278f09e22df2,yes,yes,0,KXBTC15M-26SEP121200-00,0722cf39-5a99-b129-8924-a7a68aa220be,1789228763,0.0980
buy,ask,26.46,2026-09-12T15:42:16.417607Z,2,0.048720,0722cf6a-f8d9-8c98-d670-2098b62e5e8d,True,KXBTC15M-26SEP121145-45,0.9730,01a09648-9bc0-7e59-9b45-3614d251f24f,no,no,0,KXBTC15M-26SEP121145-45,0722cf6a-f8d9-8c98-d670-2098b62e5e8d,1789227736,0.0270
buy,ask,38.71,2026-09-12T15:42:16.417607Z,2,0.071170,0722cf6a-f4c1-8f35-ef2f-eff99f94f762,True,KXBTC15M-26SEP121145-45,0.9730,01a09648-9bc0-7e59-9b45-3614d251f24f,no,no,0,KXBTC15M-26SEP121145-45,0722cf6a-f4c1-8f35-ef2f-eff99f94f762,1789227736,0.0270
buy,ask,0.09,2026-09-12T15:42:16.417607Z,2,0.000130,0722cf6a-f4c1-8210-cc46-f887aad179d1,True,KXBTC15M-26SEP121145-45,0.9730,01a09648-9bc0-7e59-9b45-3614d251f24f,no,no,0,KXBTC15M-26SEP121145-45,0722cf6a-f4c1-8210-cc46-f887aad179d1,1789227736,0.0270
buy,ask,25.00,2026-09-12T15:42:16.417607Z,2,0.046000,0722cf6a-1bb1-8acb-e2f0-c2e4bae5888e,True,KXBTC15M-26SEP121145-45,0.9730,01a09648-9bc0-7e59-9b45-3614d251f24f,no,no,0,KXBTC15M-26SEP121145-45,0722cf6a-1bb1-8acb-e2f0-c2e4bae5888e,1789227736,0.0270
buy,bid,89.60,2026-09-12T15:31:03.774816Z,1,0.589500,0722cec7-0db9-a255-c32c-d09b20befa01,True,KXMVECROSSCATEGORY-SHARD1-S2026F77E7D0BBDF-3ACCA56FF1E,0.8950,01a0963e-56d8-7766-959a-45d12cb398b3,yes,yes,0,KXMVECROSSCATEGORY-SHARD1-S2026F77E7D0BBDF-3ACCA56FF1E,0722cec7-0db9-a255-c32c-d09b20befa01,1789227063,0.1050
sell,ask,13.31,2026-09-12T15:29:02.557775Z,0,0.219600,0722cecb-1319-86f4-6d6b-ab48c6c78a8a,True,KXEPLGAME-26SEP12LFCFUL-LFC,0.6200,01a0963c-7e30-7c4f-bb05-5429a8488696,no,no,0,KXEPLGAME-26SEP12LFCFUL-LFC,0722cecb-1319-86f4-6d6b-ab48c6c78a8a,1789226942,0.3800
buy,bid,37.41,2026-09-12T15:15:17.78052Z,1,0.496260,0722ce90-79a9-ae17-781f-434f7b61ba15,True,KXMVECROSSCATEGORY-SHARD1-S20263D066DC054A-2C78C2C87D3,0.7460,01a0962f-e788-75d4-b9c6-94e10b14305b,yes,yes,0,KXMVECROSSCATEGORY-SHARD1-S20263D066DC054A-2C78C2C87D3,0722ce90-79a9-ae17-781f-434f7b61ba15,1789226117,0.2540
buy,ask,100.74,2026-09-12T15:13:41.294042Z,2,0.062960,0722ce97-ae81-9233-f82d-ab9554cf696e,True,KXBTC15M-26SEP121115-15,0.9910,01a0962e-7088-7b09-9b80-dddc9b77de54,no,no,0,KXBTC15M-26SEP121115-15,0722ce97-ae81-9233-f82d-ab9554cf696e,1789226021,0.0090
buy,bid,101.89,2026-09-12T14:42:13.511757Z,2,0.139800,0722ce57-e8e1-8900-625d-71b30c636e85,True,KXBTC15M-26SEP121045-45,0.0200,01a09611-a188-7f76-b376-5308a38aea59,yes,yes,0,KXBTC15M-26SEP121045-45,0722ce57-e8e1-8900-625d-71b30c636e85,1789224133,0.9800
buy,bid,13.31,2026-09-12T07:38:10.961772Z,0,0.209100,0722c66a-5049-adb5-3ed4-6bf72e24fa04,True,KXEPLGAME-26SEP12LFCFUL-LFC,0.3400,01a0948d-66d0-76cf-a79c-64e09f961ef1,yes,yes,0,KXEPLGAME-26SEP12LFCFUL-LFC,0722c66a-5049-adb5-3ed4-6bf72e24fa04,1789198690,0.6600
buy,bid,9.44,2026-09-12T07:02:10.772347Z,2,0.150400,0722c5da-0031-8c90-60c2-aa181d9e6c98,True,KXBTC15M-26SEP120315-15,0.3500,01a0946c-7150-7d3f-bc6f-d8e4925097a9,yes,yes,0,KXBTC15M-26SEP120315-15,0722c5da-0031-8c90-60c2-aa181d9e6c98,1789196530,0.6500
buy,ask,1.00,2026-09-12T06:58:48.049591Z,2,0.001600,0722c5cc-2959-bf95-ca7f-8a665a48e9fa,True,KXBTC15M-26SEP120300-00,0.9770,01a09469-5c40-707c-9554-36ca3ae35005,no,no,0,KXBTC15M-26SEP120300-00,0722c5cc-2959-bf95-ca7f-8a665a48e9fa,1789196328,0.0230
buy,ask,0.50,2026-09-12T06:58:48.049591Z,2,0.000800,0722c5cc-2959-bbcc-d485-9c8c39e25bbb,True,KXBTC15M-26SEP120300-00,0.9770,01a09469-5c40-707c-9554-36ca3ae35005,no,no,0,KXBTC15M-26SEP120300-00,0722c5cc-2959-bbcc-d485-9c8c39e25bbb,1789196328,0.0230
buy,ask,0.01,2026-09-12T06:58:48.049591Z,2,0.000030,0722c5cc-2959-b9e3-dfed-81e76c1d0cdd,True,KXBTC15M-26SEP120300-00,0.9770,01a09469-5c40-707c-9554-36ca3ae35005,no,no,0,KXBTC15M-26SEP120300-00,0722c5cc-2959-b9e3-dfed-81e76c1d0cdd,1789196328,0.0230
buy,ask,4.48,2026-09-12T06:58:48.049591Z,2,0.006380,0722c5cc-2959-b6c0-d16d-1a5d604442c1,True,KXBTC15M-26SEP120300-00,0.9790,01a09469-5c40-707c-9554-36ca3ae35005,no,no,0,KXBTC15M-26SEP120300-00,0722c5cc-2959-b6c0-d16d-1a5d604442c1,1789196328,0.0210
buy,ask,0.01,2026-09-12T06:58:48.049591Z,2,0.000030,0722c5cc-2959-b3af-eeae-2bee6190b146,True,KXBTC15M-26SEP120300-00,0.9770,01a09469-5c40-707c-9554-36ca3ae35005,no,no,0,KXBTC15M-26SEP120300-00,0722c5cc-2959-b3af-eeae-2bee6190b146,1789196328,0.0230
sell,ask,223.60,2026-09-12T06:58:37.619273Z,2,0.306800,0722c5cd-e841-a6d4-2104-80f2fff80a7f,True,KXBTC15M-26SEP120300-00,0.9800,01a09469-3148-74c3-a12f-5b481c43645f,no,no,0,KXBTC15M-26SEP120300-00,0722c5cd-e841-a6d4-2104-80f2fff80a7f,1789196317,0.0200
sell,ask,0.01,2026-09-12T06:58:25.237984Z,2,0.000060,0722c5cd-0bc9-bc2d-4b53-1a443345c18c,True,KXBTC15M-26SEP120300-00,0.9640,01a09469-0268-7370-b5d1-06d4a7331810,no,no,0,KXBTC15M-26SEP120300-00,0722c5cd-0bc9-bc2d-4b53-1a443345c18c,1789196305,0.0360
sell,ask,0.01,2026-09-12T06:58:25.237984Z,2,0.000070,0722c5cd-0bc9-bb27-4466-6582dad87993,True,KXBTC15M-26SEP120300-00,0.9630,01a09469-0268-7370-b5d1-06d4a7331810,no,no,0,KXBTC15M-26SEP120300-00,0722c5cd-0bc9-bb27-4466-6582dad87993,1789196305,0.0370
sell,ask,34.00,2026-09-12T06:58:25.237984Z,2,0.082600,0722c5cd-0bc9-b5a5-661c-77f331a8cb9e,True,KXBTC15M-26SEP120300-00,0.9640,01a09469-0268-7370-b5d1-06d4a7331810,no,no,0,KXBTC15M-26SEP120300-00,0722c5cd-0bc9-b5a5-661c-77f331a8cb9e,1789196305,0.0360
sell,ask,1.00,2026-09-12T06:58:25.237984Z,2,0.002500,0722c5cd-0bc9-b4df-5630-96ea9b3966d6,True,KXBTC15M-26SEP120300-00,0.9630,01a09469-0268-7370-b5d1-06d4a7331810,no,no,0,KXBTC15M-26SEP120300-00,0722c5cd-0bc9-b4df-5630-96ea9b3966d6,1789196305,0.0370
buy,bid,1.70,2026-09-12T06:50:35.276476Z,2,0.029800,0722c5e6-9b11-bb19-6ade-6d61437bb3f0,True,KXBTC15M-26SEP120300-00,0.5200,01a09461-d678-7226-bfca-0c06b92c92c0,yes,yes,0,KXBTC15M-26SEP120300-00,0722c5e6-9b11-bb19-6ade-6d61437bb3f0,1789195835,0.4800
buy,bid,3.39,2026-09-12T06:50:29.179231Z,2,0.059300,0722c5e7-4701-bf92-6228-d67413fb4ee0,True,KXBTC15M-26SEP120300-00,0.5200,01a09461-bf08-72d0-b87f-fb2d4d4866d7,yes,yes,0,KXBTC15M-26SEP120300-00,0722c5e7-4701-bf92-6228-d67413fb4ee0,1789195829,0.4800
buy,bid,0.01,2026-09-12T06:50:20.133362Z,2,0.000200,0722c5e7-f879-aebf-42a8-178f6c851d9b,True,KXBTC15M-26SEP120300-00,0.5800,01a09461-9be0-7554-bc36-37a3da75c5de,yes,yes,0,KXBTC15M-26SEP120300-00,0722c5e7-f879-aebf-42a8-178f6c851d9b,1789195820,0.4200
buy,bid,0.01,2026-09-12T06:50:20.133362Z,2,0.000200,0722c5e7-f879-a863-50a7-9c89dd201ec0,True,KXBTC15M-26SEP120300-00,0.5800,01a09461-9be0-7554-bc36-37a3da75c5de,yes,yes,0,KXBTC15M-26SEP120300-00,0722c5e7-f879-a863-50a7-9c89dd201ec0,1789195820,0.4200
buy,bid,5.98,2026-09-12T06:50:20.133362Z,2,0.102000,0722c5e7-f879-a180-4b58-618d2b45577c,True,KXBTC15M-26SEP120300-00,0.5800,01a09461-9be0-7554-bc36-37a3da75c5de,yes,yes,0,KXBTC15M-26SEP120300-00,0722c5e7-f879-a180-4b58-618d2b45577c,1789195820,0.4200
buy,bid,13.00,2026-09-12T06:50:13.487381Z,2,0.227200,0722c5e7-7a99-bb2b-7a4c-11827bde43bf,True,KXBTC15M-26SEP120300-00,0.4800,01a09461-8088-7380-b56f-274b49460ca0,yes,yes,0,KXBTC15M-26SEP120300-00,0722c5e7-7a99-bb2b-7a4c-11827bde43bf,1789195813,0.5200
buy,bid,0.01,2026-09-12T06:49:34.044426Z,2,0.000100,0722c5e3-7469-843e-a303-51b1e318f1f9,True,KXBTC15M-26SEP120300-00,0.3600,01a09460-e830-7dba-8f64-5cd47f05c842,yes,yes,0,KXBTC15M-26SEP120300-00,0722c5e3-7469-843e-a303-51b1e318f1f9,1789195774,0.6400
buy,bid,1.00,2026-09-12T06:49:34.044426Z,2,0.016200,0722c5e3-7001-893b-b33e-619de3b59a94,True,KXBTC15M-26SEP120300-00,0.3600,01a09460-e830-7dba-8f64-5cd47f05c842,yes,yes,0,KXBTC15M-26SEP120300-00,0722c5e3-7001-893b-b33e-619de3b59a94,1789195774,0.6400
buy,bid,0.01,2026-09-12T06:49:34.044426Z,2,0.000100,0722c5e3-7001-8345-ab35-d6c4d7062f3b,True,KXBTC15M-26SEP120300-00,0.3600,01a09460-e830-7dba-8f64-5cd47f05c842,yes,yes,0,KXBTC15M-26SEP120300-00,0722c5e3-7001-8345-ab35-d6c4d7062f3b,1789195774,0.6400
buy,bid,0.01,2026-09-12T06:49:34.044426Z,2,0.000200,0722c5e3-6c19-8c3c-a777-7d915b8a75ce,True,KXBTC15M-26SEP120300-00,0.3600,01a09460-e830-7dba-8f64-5cd47f05c842,yes,yes,0,KXBTC15M-26SEP120300-00,0722c5e3-6c19-8c3c-a777-7d915b8a75ce,1789195774,0.6400
buy,bid,0.01,2026-09-12T06:49:34.044426Z,2,0.000200,0722c5e3-6c19-861b-ad2d-39ef25ee441a,True,KXBTC15M-26SEP120300-00,0.3600,01a09460-e830-7dba-8f64-5cd47f05c842,yes,yes,0,KXBTC15M-26SEP120300-00,0722c5e3-6c19-861b-ad2d-39ef25ee441a,1789195774,0.6400
buy,bid,0.20,2026-09-12T06:49:34.044426Z,2,0.003200,0722c5e3-40a1-8e1d-b0d1-37ba7316d800,True,KXBTC15M-26SEP120300-00,0.3600,01a09460-e830-7dba-8f64-5cd47f05c842,yes,yes,0,KXBTC15M-26SEP120300-00,0722c5e3-40a1-8e1d-b0d1-37ba7316d800,1789195774,0.6400
buy,bid,5.00,2026-09-12T06:49:34.044426Z,2,0.080600,0722c5e3-40a1-86fe-a20d-c71013b2a4fc,True,KXBTC15M-26SEP120300-00,0.3600,01a09460-e830-7dba-8f64-5cd47f05c842,yes,yes,0,KXBTC15M-26SEP120300-00,0722c5e3-40a1-86fe-a20d-c71013b2a4fc,1789195774,0.6400
buy,bid,1.00,2026-09-12T06:49:34.044426Z,2,0.016200,0722c5e3-40a1-8333-8363-17e02a2f424d,True,KXBTC15M-26SEP120300-00,0.3600,01a09460-e830-7dba-8f64-5cd47f05c842,yes,yes,0,KXBTC15M-26SEP120300-00,0722c5e3-40a1-8333-8363-17e02a2f424d,1789195774,0.6400
buy,bid,31.44,2026-09-12T06:49:34.044426Z,2,0.500700,0722c5e3-2649-867e-b7b4-c6e78a4d529e,True,KXBTC15M-26SEP120300-00,0.3500,01a09460-e830-7dba-8f64-5cd47f05c842,yes,yes,0,KXBTC15M-26SEP120300-00,0722c5e3-2649-867e-b7b4-c6e78a4d529e,1789195774,0.6500
buy,bid,233.85,2026-09-12T06:48:43.388302Z,2,4.033500,0722c5e0-9ac9-a983-4c47-412dde55e353,True,KXBTC15M-26SEP120300-00,0.4400,01a09460-20f8-7696-b187-e62e6715989a,yes,yes,0,KXBTC15M-26SEP120300-00,0722c5e0-9ac9-a983-4c47-412dde55e353,1789195723,0.5600
buy,ask,38.00,2026-09-12T06:48:07.686707Z,2,0.498800,0722c521-d9c1-ba91-aa93-3ad4124583e8,True,KXBTC15M-26SEP120300-00,0.2500,01a0945f-9458-72ed-83eb-116655c47ba5,no,no,0,KXBTC15M-26SEP120300-00,0722c521-d9c1-ba91-aa93-3ad4124583e8,1789195687,0.7500
buy,bid,145.33,2026-09-12T06:42:01.642658Z,2,0.315160,0722c53e-eac1-ab7b-2069-30c0367e45de,True,KXBTC15M-26SEP120245-45,0.0320,01a09459-fea8-74c0-a1e1-82f53a1960e5,yes,yes,0,KXBTC15M-26SEP120245-45,0722c53e-eac1-ab7b-2069-30c0367e45de,1789195321,0.9680
sell,ask,141.84,2026-09-12T06:28:05.417579Z,2,0.098300,0722c579-cd01-a801-80a3-83a98ee5a274,True,KXBTC15M-26SEP120230-30,0.0100,01a0944d-3d08-7641-8371-0f7a45d7e5c4,no,no,0,KXBTC15M-26SEP120230-30,0722c579-cd01-a801-80a3-83a98ee5a274,1789194485,0.9900
buy,bid,141.84,2026-09-12T06:17:05.922723Z,2,2.123800,0722c54f-b8d9-a6e5-40a7-d30c5bb8900b,True,KXBTC15M-26SEP120230-30,0.3100,01a09443-2ae8-75f1-b201-9f74630bc629,yes,yes,0,KXBTC15M-26SEP120230-30,0722c54f-b8d9-a6e5-40a7-d30c5bb8900b,1789193825,0.6900
buy,ask,10.58,2026-09-12T06:14:36.015407Z,2,0.041800,0722c543-2199-b3b7-d77c-4d836aeaba08,True,KXBTC15M-26SEP120215-15,0.9400,01a09440-e4e0-71d2-92dc-4b1fa01fa76c,no,no,0,KXBTC15M-26SEP120215-15,0722c543-2199-b3b7-d77c-4d836aeaba08,1789193676,0.0600
buy,bid,305.09,2026-09-12T05:52:48.924791Z,2,1.204500,0722c49f-6e41-aa2c-daba-49047cfdcb3d,True,KXBTCD-26SEP1202-T77199.99,0.0600,01a0942c-ef80-7486-9876-988c806ae578,yes,yes,0,KXBTCD-26SEP1202-T77199.99,0722c49f-6e41-aa2c-daba-49047cfdcb3d,1789192368,0.9400
buy,bid,60.20,2026-09-12T05:48:43.587441Z,2,0.622000,0722c482-7c21-b936-9e7e-989bf1ad7818,True,KXBTCD-26SEP1202-T77199.99,0.1800,01a09429-3278-72f6-8624-350b7caa8f63,yes,yes,0,KXBTCD-26SEP1202-T77199.99,0722c482-7c21-b936-9e7e-989bf1ad7818,1789192123,0.8200
buy,bid,18.59,2026-09-12T05:46:35.326252Z,2,0.324900,0722c4bb-d739-8626-0593-4a9788cf0425,True,KXBTC15M-26SEP120200-00,0.4800,01a09427-3e78-7fc6-ad85-a19daaceaa03,yes,yes,0,KXBTC15M-26SEP120200-00,0722c4bb-d739-8626-0593-4a9788cf0425,1789191995,0.5200
buy,bid,47.50,2026-09-12T05:37:51.532346Z,2,0.511800,0722c463-d271-a452-cb58-f51dd15d2c7b,True,KXBTC15M-26SEP120145-45,0.1900,01a0941f-3f98-77ba-9284-7b62c2b48c5b,yes,yes,0,KXBTC15M-26SEP120145-45,0722c463-d271-a452-cb58-f51dd15d2c7b,1789191471,0.8100
buy,ask,12.60,2026-09-12T05:31:48.52883Z,2,0.207800,0722c47f-7b51-a5ca-28e2-b9e0a2873074,True,KXBTC15M-26SEP120145-45,0.3800,01a09419-b5a0-76b4-ac43-a36cad7408b2,no,no,0,KXBTC15M-26SEP120145-45,0722c47f-7b51-a5ca-28e2-b9e0a2873074,1789191108,0.6200
buy,bid,13.27,2026-09-12T05:22:52.363662Z,2,0.214100,0722c457-9c79-9125-da1f-cfc4e7b243d1,True,KXBTC15M-26SEP120130-30,0.6400,01a09411-87e0-7954-951a-eb302d7a60ed,yes,yes,0,KXBTC15M-26SEP120130-30,0722c457-9c79-9125-da1f-cfc4e7b243d1,1789190572,0.3600
buy,ask,150.15,2026-09-12T05:09:14.295619Z,2,2.391200,0722c411-3681-8c98-da36-1b0ba5fa0c60,True,KXBTC15M-26SEP120115-15,0.6500,01a09405-0c90-7da1-9e13-9f1fc0f8b4ae,no,no,0,KXBTC15M-26SEP120115-15,0722c411-3681-8c98-da36-1b0ba5fa0c60,1789189754,0.3500
buy,ask,6.00,2026-09-12T05:06:59.535644Z,0,0.084600,0722c409-0db1-afe1-5340-3aa1dd0eaf94,True,KXLIGAMXTOTAL-26SEP11TIJQUE-2,0.2800,01a09402-fd38-778a-b089-14fcd7f03c8f,no,no,0,KXLIGAMXTOTAL-26SEP11TIJQUE-2,0722c409-0db1-afe1-5340-3aa1dd0eaf94,1789189619,0.7200
buy,ask,4.00,2026-09-12T05:06:59.535644Z,0,0.058800,0722c409-0db1-ad53-6b78-2e732cc9ce77,True,KXLIGAMXTOTAL-26SEP11TIJQUE-2,0.3000,01a09402-fd38-778a-b089-14fcd7f03c8f,no,no,0,KXLIGAMXTOTAL-26SEP11TIJQUE-2,0722c409-0db1-ad53-6b78-2e732cc9ce77,1789189619,0.7000
buy,ask,67.30,2026-09-12T05:06:59.535644Z,0,0.989300,0722c409-0db1-ab57-4e09-5677f73117b9,True,KXLIGAMXTOTAL-26SEP11TIJQUE-2,0.3000,01a09402-fd38-778a-b089-14fcd7f03c8f,no,no,0,KXLIGAMXTOTAL-26SEP11TIJQUE-2,0722c409-0db1-ab57-4e09-5677f73117b9,1789189619,0.7000
buy,ask,9.00,2026-09-12T05:06:59.535644Z,0,0.129700,0722c409-0db1-a4a9-46c2-100b53a5c05d,True,KXLIGAMXTOTAL-26SEP11TIJQUE-2,0.2900,01a09402-fd38-778a-b089-14fcd7f03c8f,no,no,0,KXLIGAMXTOTAL-26SEP11TIJQUE-2,0722c409-0db1-a4a9-46c2-100b53a5c05d,1789189619,0.7100
buy,ask,20.00,2026-09-12T05:06:59.535644Z,0,0.276000,0722c409-0db1-a05d-7203-f1545c5d9b63,True,KXLIGAMXTOTAL-26SEP11TIJQUE-2,0.2700,01a09402-fd38-778a-b089-14fcd7f03c8f,no,no,0,KXLIGAMXTOTAL-26SEP11TIJQUE-2,0722c409-0db1-a05d-7203-f1545c5d9b63,1789189619,0.7300
buy,ask,10.00,2026-09-12T05:06:59.535644Z,0,0.141100,0722c409-0561-a926-6da4-f300efa5e7a9,True,KXLIGAMXTOTAL-26SEP11TIJQUE-2,0.2800,01a09402-fd38-778a-b089-14fcd7f03c8f,no,no,0,KXLIGAMXTOTAL-26SEP11TIJQUE-2,0722c409-0561-a926-6da4-f300efa5e7a9,1789189619,0.7200
buy,ask,30.00,2026-09-12T05:06:59.535644Z,0,0.423400,0722c409-0561-a122-5a6c-173678689c5b,True,KXLIGAMXTOTAL-26SEP11TIJQUE-2,0.2800,01a09402-fd38-778a-b089-14fcd7f03c8f,no,no,0,KXLIGAMXTOTAL-26SEP11TIJQUE-2,0722c409-0561-a122-5a6c-173678689c5b,1789189619,0.7200
buy,ask,2.00,2026-09-12T05:06:59.535644Z,0,0.028900,0722c409-0189-a243-437c-59ac9eb6230d,True,KXLIGAMXTOTAL-26SEP11TIJQUE-2,0.2900,01a09402-fd38-778a-b089-14fcd7f03c8f,no,no,0,KXLIGAMXTOTAL-26SEP11TIJQUE-2,0722c409-0189-a243-437c-59ac9eb6230d,1789189619,0.7100
buy,ask,45.85,2026-09-12T04:56:20.542727Z,2,0.601800,0722dc1c-34a1-8158-4bf2-ee431ce98caf,True,KXBTC15M-26SEP120100-00,0.7500,01a093f9-3d20-7faa-bc4a-31b6a542d4f1,no,no,0,KXBTC15M-26SEP120100-00,0722dc1c-34a1-8158-4bf2-ee431ce98caf,1789188980,0.2500
buy,bid,209.98,2026-09-12T04:40:35.896845Z,2,1.203800,0722dc41-8b31-89cc-3b24-ffac8c8bdc62,True,KXBTC15M-26SEP120045-45,0.0900,01a093ea-d1b8-7fd6-a788-15c66f84cfb9,yes,yes,0,KXBTC15M-26SEP120045-45,0722dc41-8b31-89cc-3b24-ffac8c8bdc62,1789188035,0.9100
buy,bid,125.26,2026-09-12T04:40:35.896845Z,2,0.718200,0722dc41-84f9-83a9-0e71-d962be27592d,True,KXBTC15M-26SEP120045-45,0.0900,01a093ea-d1b8-7fd6-a788-15c66f84cfb9,yes,yes,0,KXBTC15M-26SEP120045-45,0722dc41-84f9-83a9-0e71-d962be27592d,1789188035,0.9100
buy,ask,36.18,2026-09-12T04:26:10.953404Z,2,0.127140,0722dcab-e591-ac91-aee9-e5c54a681a25,True,KXBTC15M-26SEP120030-30,0.9470,01a093dd-9ed0-7477-8202-2c62d6b17296,no,no,0,KXBTC15M-26SEP120030-30,0722dcab-e591-ac91-aee9-e5c54a681a25,1789187170,0.0530
buy,ask,304.95,2026-09-12T04:25:29.310811Z,2,1.389700,0722dcaf-0061-9585-09e1-ef33292edbdb,True,KXBTC15M-26SEP120030-30,0.9300,01a093dc-fea8-7bdb-ad1d-cedb65caaf06,no,no,0,KXBTC15M-26SEP120030-30,0722dcaf-0061-9585-09e1-ef33292edbdb,1789187129,0.0700
buy,bid,34.00,2026-09-12T04:16:43.239888Z,2,0.479900,0722dc87-2bf1-8d76-36d0-75873a98e407,True,KXBTC15M-26SEP120030-30,0.7200,01a093d4-f7f8-7f9f-a88c-dfa7ffe12143,yes,yes,0,KXBTC15M-26SEP120030-30,0722dc87-2bf1-8d76-36d0-75873a98e407,1789186603,0.2800
buy,bid,294.64,2026-09-12T04:13:09.705076Z,2,0.905140,0722dc83-7dc9-9de3-1b35-1cfbe5e56cab,True,KXBTC15M-26SEP120015-15,0.0460,01a093d1-b408-784f-a302-e666d344b817,yes,yes,0,KXBTC15M-26SEP120015-15,0722dc83-7dc9-9de3-1b35-1cfbe5e56cab,1789186389,0.9540
buy,bid,282.11,2026-09-12T03:41:40.602242Z,2,2.377700,0722dd67-5501-9914-e6c4-2be540cfc4f6,True,KXBTCD-26SEP1200-T77199.99,0.1400,01a093b4-e120-7978-9345-52e3e524ed2c,yes,yes,0,KXBTCD-26SEP1200-T77199.99,0722dd67-5501-9914-e6c4-2be540cfc4f6,1789184500,0.8600
buy,bid,243.66,2026-09-12T03:06:33.396255Z,2,2.625000,0722ddc6-4451-90ea-4f64-be0a5647b161,True,KXBTC15M-26SEP112315-15,0.1900,01a09394-baa8-7826-b618-b6a9ee238655,yes,yes,0,KXBTC15M-26SEP112315-15,0722ddc6-4451-90ea-4f64-be0a5647b161,1789182393,0.8100
sell,ask,14.77,2026-09-12T02:59:48.871089Z,2,0.000000,0722ddb4-5bf9-ac1e-7422-b25410275216,False,KXBTC15M-26SEP112300-00,0.9300,01a0938e-6978-7d2c-881a-cef94e8c4f8a,no,no,0,KXBTC15M-26SEP112300-00,0722ddb4-5bf9-ac1e-7422-b25410275216,1789181988,0.0700
buy,bid,4.94,2026-09-12T02:59:24.673062Z,2,0.008040,0722ddb6-9561-8cdc-2de6-5e3be7b74559,True,KXBTC15M-26SEP112300-00,0.9760,01a0938e-2ee0-7ed0-a0db-5c745143dd25,yes,yes,0,KXBTC15M-26SEP112300-00,0722ddb6-9561-8cdc-2de6-5e3be7b74559,1789181964,0.0240
buy,bid,9.81,2026-09-12T02:59:24.673062Z,2,0.016160,0722ddb6-9561-8a64-366b-d549838f06e4,True,KXBTC15M-26SEP112300-00,0.9760,01a0938e-2ee0-7ed0-a0db-5c745143dd25,yes,yes,0,KXBTC15M-26SEP112300-00,0722ddb6-9561-8a64-366b-d549838f06e4,1789181964,0.0240
buy,bid,0.01,2026-09-12T02:59:24.673062Z,2,0.000060,0722ddb6-9561-883e-2f65-aafd3d452813,True,KXBTC15M-26SEP112300-00,0.9760,01a0938e-2ee0-7ed0-a0db-5c745143dd25,yes,yes,0,KXBTC15M-26SEP112300-00,0722ddb6-9561-883e-2f65-aafd3d452813,1789181964,0.0240
buy,bid,0.01,2026-09-12T02:59:24.673062Z,2,0.000060,0722ddb6-9561-868a-0646-0d2fc811bd95,True,KXBTC15M-26SEP112300-00,0.9760,01a0938e-2ee0-7ed0-a0db-5c745143dd25,yes,yes,0,KXBTC15M-26SEP112300-00,0722ddb6-9561-868a-0646-0d2fc811bd95,1789181964,0.0240
buy,ask,10.00,2026-09-12T02:46:23.944314Z,2,0.107700,0722dd8b-5479-aadb-f1e6-2b690c8a914c,True,KXBTCD-26SEP1123-T77299.99,0.8100,01a09382-4418-748b-9af6-0dd100488e66,no,no,0,KXBTCD-26SEP1123-T77299.99,0722dd8b-5479-aadb-f1e6-2b690c8a914c,1789181183,0.1900
buy,ask,50.00,2026-09-12T02:46:23.944314Z,2,0.538700,0722dd8b-2c29-ab20-d8e8-f95d2e452d16,True,KXBTCD-26SEP1123-T77299.99,0.8100,01a09382-4418-748b-9af6-0dd100488e66,no,no,0,KXBTCD-26SEP1123-T77299.99,0722dd8b-2c29-ab20-d8e8-f95d2e452d16,1789181183,0.1900
buy,ask,140.60,2026-09-12T02:46:23.944314Z,2,1.452700,0722dd8b-0131-ae98-dc49-c0ecac4b47ce,True,KXBTCD-26SEP1123-T77299.99,0.8200,01a09382-4418-748b-9af6-0dd100488e66,no,no,0,KXBTCD-26SEP1123-T77299.99,0722dd8b-0131-ae98-dc49-c0ecac4b47ce,1789181183,0.1800
buy,ask,161.98,2026-09-12T02:42:56.008272Z,2,0.297860,0722de83-7999-9a8a-9d29-438d33ce611b,True,KXBTC15M-26SEP112245-45,0.9730,01a0937f-1b80-7b9f-8448-8176afb6f4ac,no,no,0,KXBTC15M-26SEP112245-45,0722de83-7999-9a8a-9d29-438d33ce611b,1789180976,0.0270
buy,ask,0.01,2026-09-12T02:42:56.008272Z,2,0.000070,0722de83-7999-9546-bc7c-776d36549b40,True,KXBTC15M-26SEP112245-45,0.9730,01a0937f-1b80-7b9f-8448-8176afb6f4ac,no,no,0,KXBTC15M-26SEP112245-45,0722de83-7999-9546-bc7c-776d36549b40,1789180976,0.0270
buy,ask,0.01,2026-09-12T02:42:56.008272Z,2,0.000070,0722de83-7999-93a2-ad53-db6894cb1d2b,True,KXBTC15M-26SEP112245-45,0.9730,01a0937f-1b80-7b9f-8448-8176afb6f4ac,no,no,0,KXBTC15M-26SEP112245-45,0722de83-7999-93a2-ad53-db6894cb1d2b,1789180976,0.0270
sell,ask,29.81,2026-09-12T02:39:30.704579Z,2,0.236100,0722de94-29a9-b972-931a-6d0962defa4d,True,KXBTC15M-26SEP112245-45,0.8700,01a0937b-f6d0-72aa-8b30-a201e30c5363,no,no,0,KXBTC15M-26SEP112245-45,0722de94-29a9-b972-931a-6d0962defa4d,1789180770,0.1300
buy,bid,14.32,2026-09-12T02:35:41.671379Z,2,0.218200,0722de99-9541-afa9-d074-47ae11389fa1,True,KXBTC15M-26SEP112245-45,0.6800,01a09378-7848-75f1-9c2b-0eb2c0119f1e,yes,yes,0,KXBTC15M-26SEP112245-45,0722de99-9541-afa9-d074-47ae11389fa1,1789180541,0.3200
buy,bid,6.00,2026-09-12T02:35:41.671379Z,2,0.091400,0722de99-9541-af61-d147-7967168b86ec,True,KXBTC15M-26SEP112245-45,0.6800,01a09378-7848-75f1-9c2b-0eb2c0119f1e,yes,yes,0,KXBTC15M-26SEP112245-45,0722de99-9541-af61-d147-7967168b86ec,1789180541,0.3200
buy,bid,9.47,2026-09-12T02:35:41.671379Z,2,0.144200,0722de99-9541-a872-d3d6-41cdc5991538,True,KXBTC15M-26SEP112245-45,0.6800,01a09378-7848-75f1-9c2b-0eb2c0119f1e,yes,yes,0,KXBTC15M-26SEP112245-45,0722de99-9541-a872-d3d6-41cdc5991538,1789180541,0.3200
buy,bid,0.01,2026-09-12T02:35:41.671379Z,2,0.000200,0722de99-9541-a730-e17b-5989d592d759,True,KXBTC15M-26SEP112245-45,0.6800,01a09378-7848-75f1-9c2b-0eb2c0119f1e,yes,yes,0,KXBTC15M-26SEP112245-45,0722de99-9541-a730-e17b-5989d592d759,1789180541,0.3200
buy,bid,0.01,2026-09-12T02:35:41.671379Z,2,0.000100,0722de99-9541-a315-e80e-df7395f9b3d1,True,KXBTC15M-26SEP112245-45,0.6800,01a09378-7848-75f1-9c2b-0eb2c0119f1e,yes,yes,0,KXBTC15M-26SEP112245-45,0722de99-9541-a315-e80e-df7395f9b3d1,1789180541,0.3200
buy,bid,20.08,2026-09-12T02:20:29.773633Z,2,0.350900,0722dec0-4551-a5f9-f9a2-ee6b873deadd,True,KXBTC15M-26SEP112230-30,0.5200,01a0936a-8dc8-768b-9ac7-cbc25f2ec12c,yes,yes,0,KXBTC15M-26SEP112230-30,0722dec0-4551-a5f9-f9a2-ee6b873deadd,1789179629,0.4800
buy,bid,0.01,2026-09-12T02:13:22.850055Z,2,0.000010,0722def4-2e91-9c80-5bcd-6093da9a7d45,True,KXBTC15M-26SEP112215-15,0.0210,01a09364-09d0-7a0b-bd08-8115db0bf7ce,yes,yes,0,KXBTC15M-26SEP112215-15,0722def4-2e91-9c80-5bcd-6093da9a7d45,1789179202,0.9790
buy,bid,0.01,2026-09-12T02:13:22.850055Z,2,0.000010,0722def4-2e91-956d-7c32-811c15f53b3b,True,KXBTC15M-26SEP112215-15,0.0210,01a09364-09d0-7a0b-bd08-8115db0bf7ce,yes,yes,0,KXBTC15M-26SEP112215-15,0722def4-2e91-956d-7c32-811c15f53b3b,1789179202,0.9790
buy,bid,3.62,2026-09-12T02:13:22.850055Z,2,0.005220,0722def4-2e91-94fb-7f51-c3be5dc8bbd2,True,KXBTC15M-26SEP112215-15,0.0210,01a09364-09d0-7a0b-bd08-8115db0bf7ce,yes,yes,0,KXBTC15M-26SEP112215-15,0722def4-2e91-94fb-7f51-c3be5dc8bbd2,1789179202,0.9790
buy,bid,8.59,2026-09-12T02:13:22.850055Z,2,0.012390,0722def4-2e91-949d-5c1a-83a1763dce38,True,KXBTC15M-26SEP112215-15,0.0210,01a09364-09d0-7a0b-bd08-8115db0bf7ce,yes,yes,0,KXBTC15M-26SEP112215-15,0722def4-2e91-949d-5c1a-83a1763dce38,1789179202,0.9790
buy,bid,178.16,2026-09-12T02:13:12.913018Z,2,0.444420,0722deec-69c1-a20e-de87-fff3b50cffbd,True,KXBTC15M-26SEP112215-15,0.0370,01a09363-e2c0-7749-9eff-b10ea685b39e,yes,yes,0,KXBTC15M-26SEP112215-15,0722deec-69c1-a20e-de87-fff3b50cffbd,1789179192,0.9630
buy,ask,11.97,2026-09-12T02:02:51.537436Z,2,0.201100,0722de33-c6f1-8c87-b696-ac5d7b3e6a1d,True,KXBTC15M-26SEP112215-15,0.4000,01a0935a-68f8-7d01-8159-a45275767d40,no,no,0,KXBTC15M-26SEP112215-15,0722de33-c6f1-8c87-b696-ac5d7b3e6a1d,1789178571,0.6000
buy,ask,177.30,2026-09-12T01:46:39.967589Z,2,2.654800,0722de65-24b9-bdf5-8d67-1bfdcef8056c,True,KXBTCD-26SEP1122-T77299.99,0.6900,01a0934b-9418-70e3-82f8-25c6509693af,no,no,0,KXBTCD-26SEP1122-T77299.99,0722de65-24b9-bdf5-8d67-1bfdcef8056c,1789177599,0.3100
buy,ask,1.00,2026-09-12T01:43:49.28507Z,2,0.000800,0722de6b-0c29-aab7-1a22-f74c077bd004,True,KXBTC15M-26SEP112145-45,0.9890,01a09348-fc08-7400-a7c7-846bd9c27eda,no,no,0,KXBTC15M-26SEP112145-45,0722de6b-0c29-aab7-1a22-f74c077bd004,1789177429,0.0110
buy,ask,0.01,2026-09-12T01:43:49.28507Z,2,0.000010,0722de6b-0c29-a8d1-002c-5ab1c7823b7c,True,KXBTC15M-26SEP112145-45,0.9890,01a09348-fc08-7400-a7c7-846bd9c27eda,no,no,0,KXBTC15M-26SEP112145-45,0722de6b-0c29-a8d1-002c-5ab1c7823b7c,1789177429,0.0110
buy,ask,0.01,2026-09-12T01:43:49.28507Z,2,0.000010,0722de6b-0c29-a7a0-2ef7-4882cff86447,True,KXBTC15M-26SEP112145-45,0.9890,01a09348-fc08-7400-a7c7-846bd9c27eda,no,no,0,KXBTC15M-26SEP112145-45,0722de6b-0c29-a7a0-2ef7-4882cff86447,1789177429,0.0110
buy,ask,124.17,2026-09-12T01:43:49.28507Z,2,0.086100,0722de1c-1021-aa12-0f7d-21ecae8c793e,True,KXBTC15M-26SEP112145-45,0.9900,01a09348-fc08-7400-a7c7-846bd9c27eda,no,no,0,KXBTC15M-26SEP112145-45,0722de1c-1021-aa12-0f7d-21ecae8c793e,1789177429,0.0100
buy,bid,14.02,2026-09-12T01:41:09.426674Z,2,0.220300,0722de5c-5371-90b6-4e5b-f233392c1b62,True,KXBTC15M-26SEP112145-45,0.6600,01a09346-8b08-7bec-b63d-d45c867eeb4a,yes,yes,0,KXBTC15M-26SEP112145-45,0722de5c-5371-90b6-4e5b-f233392c1b62,1789177269,0.3400
buy,ask,57.00,2026-09-12T01:26:28.172905Z,2,0.320300,0722dfdd-7f21-bdb1-8471-12b8cbf340b2,True,KXBTC15M-26SEP112130-30,0.9120,01a09339-19a0-7269-8bdd-e578195a08ff,no,no,0,KXBTC15M-26SEP112130-30,0722dfdd-7f21-bdb1-8471-12b8cbf340b2,1789176388,0.0880
buy,ask,4.00,2026-09-12T01:26:28.172905Z,2,0.022400,0722dfdd-7f21-b6f3-9c1c-99cfa156c3c1,True,KXBTC15M-26SEP112130-30,0.9120,01a09339-19a0-7269-8bdd-e578195a08ff,no,no,0,KXBTC15M-26SEP112130-30,0722dfdd-7f21-b6f3-9c1c-99cfa156c3c1,1789176388,0.0880
buy,ask,69.76,2026-09-12T01:26:28.172905Z,2,0.391980,0722dfdd-7339-ba56-857b-5dc55856e368,True,KXBTC15M-26SEP112130-30,0.9120,01a09339-19a0-7269-8bdd-e578195a08ff,no,no,0,KXBTC15M-26SEP112130-30,0722dfdd-7339-ba56-857b-5dc55856e368,1789176388,0.0880
buy,bid,18.26,2026-09-12T01:15:48.60839Z,2,0.318400,0722df92-1f69-b004-411c-a780aa255e15,True,KXBTC15M-26SEP112130-30,0.4700,01a0932f-55a0-715f-b5ee-5d445639a735,yes,yes,0,KXBTC15M-26SEP112130-30,0722df92-1f69-b004-411c-a780aa255e15,1789175748,0.5300
buy,bid,100.00,2026-09-12T00:58:16.906692Z,2,1.077300,0722df62-6941-adb8-e43b-4dbdb651092c,True,KXBTC15M-26SEP112100-00,0.1900,01a0931f-4840-7654-91d6-cb3d1e3fd4a2,yes,yes,0,KXBTC15M-26SEP112100-00,0722df62-6941-adb8-e43b-4dbdb651092c,1789174696,0.8100
buy,bid,11.90,2026-09-12T00:55:09.166714Z,2,0.117600,0722df6d-d531-8a6e-9aa6-913f437a0213,True,KXBTC15M-26SEP112100-00,0.1700,01a0931c-6dc8-7fc1-8ad7-d843901ed3b2,yes,yes,0,KXBTC15M-26SEP112100-00,0722df6d-d531-8a6e-9aa6-913f437a0213,1789174509,0.8300
buy,ask,14.38,2026-09-12T00:32:25.928204Z,2,0.219100,0722df19-e379-987b-e3a0-58ae4fde80a0,True,KXBTC15M-26SEP112045-45,0.6800,01a09307-9da8-7aeb-9684-34c4c9f0b4ed,no,no,0,KXBTC15M-26SEP112045-45,0722df19-e379-987b-e3a0-58ae4fde80a0,1789173145,0.3200
sell,ask,22.96,2026-09-12T00:31:28.580903Z,3,0.401200,0722df1c-4f49-a521-1c82-352810a9acde,True,KXATPMATCH-26SEP11TIASHE-TIA,0.5200,01a09306-bf00-7736-a8ad-68840f893dbe,no,no,0,KXATPMATCH-26SEP11TIASHE-TIA,0722df1c-4f49-a521-1c82-352810a9acde,1789173088,0.4800
buy,bid,5.30,2026-09-12T00:29:17.997781Z,2,0.085500,0722df16-4a59-90f7-dd49-2d58aa38bfac,True,KXBTC15M-26SEP112030-30,0.6400,01a09304-bf48-7ac3-918d-ff7defb5fd67,yes,yes,0,KXBTC15M-26SEP112030-30,0722df16-4a59-90f7-dd49-2d58aa38bfac,1789172957,0.3600
sell,bid,5.02,2026-09-12T00:27:59.573207Z,2,0.076500,0722df0d-5de9-9a5c-640a-ea19826a2e7c,True,KXBTC15M-26SEP112030-30,0.3200,01a09303-8e98-7a1a-bc91-077b679a494c,yes,yes,0,KXBTC15M-26SEP112030-30,0722df0d-5de9-9a5c-640a-ea19826a2e7c,1789172879,0.6800
buy,ask,5.02,2026-09-12T00:16:19.371691Z,2,0.087800,0722d91b-60d9-a100-b9c0-525b5dd6f2de,True,KXBTC15M-26SEP112030-30,0.4800,01a092f8-e038-7702-8f26-90765f276ed6,no,no,0,KXBTC15M-26SEP112030-30,0722d91b-60d9-a100-b9c0-525b5dd6f2de,1789172179,0.5200
buy,bid,22.96,2026-09-11T23:49:50.446126Z,3,0.331000,0722d95e-0641-b364-10bd-bb86ee95af08,True,KXATPMATCH-26SEP11TIASHE-TIA,0.7100,01a092e0-a130-723f-aa4b-5c92d8fcb632,yes,yes,0,KXATPMATCH-26SEP11TIASHE-TIA,0722d95e-0641-b364-10bd-bb86ee95af08,1789170590,0.2900
